{
"type": "FeatureCollection",
"name": "renda_por_bairro",
"crs": { "type": "name", "properties": { "name": "urn:ogc:def:crs:EPSG::4674" } },
"features": [
{"type":"Feature","properties":{"CD_REGIAO":"3","NM_REGIAO":"Sudeste","CD_UF":"33","NM_UF":"Rio de Janeiro","CD_MUN":"3305109","NM_MUN":"São João de Meriti","CD_DIST":"330510905","NM_DIST":"São João de Meriti","CD_SUBDIST":"33051090500","NM_SUBDIST":null,"CD_BAIRRO":"3305109010","NM_BAIRRO":"Jardim Sumaré","CD_RGINT":"3301","NM_RGINT":"Rio de Janeiro","CD_RGI":"330001","NM_RGI":"Rio de Janeiro","CD_CONCURB":"3304557","NM_CONCURB":"Rio de Janeiro/RJ","renda_real_mean":1679.708957},"geometry":{"type":"MultiPolygon","coordinates":[[[[-43.338813099999982,-22.787280199999941],[-43.338877299999979,-22.786781],[-43.339027099999953,-22.786574299999927],[-43.339219599999979,-22.786082299999975],[-43.339218199999948,-22.786025699999982],[-43.339212399999951,-22.785782799999936],[-43.339144099999942,-22.785575799999947],[-43.33914,-22.78536779999996],[-43.33912689999994,-22.785096799999963],[-43.339169799999979,-22.784466499999951],[-43.339236399999947,-22.78450719999995],[-43.339722599999959,-22.784800799999971],[-43.340274499999964,-22.785134199999959],[-43.340564499999971,-22.785406499999965],[-43.340638499999955,-22.785476099999983],[-43.341094899999973,-22.785906799999964],[-43.34139719999996,-22.786032299999931],[-43.341496399999983,-22.786107199999947],[-43.341548399999965,-22.78614639999995],[-43.341631199999938,-22.786184],[-43.341784899999936,-22.786256499999979],[-43.341791499999943,-22.786238699999956],[-43.342184399999951,-22.785175399999957],[-43.342593699999952,-22.785599199999979],[-43.343185499999947,-22.78611989999996],[-43.34374239999994,-22.786529399999949],[-43.343834299999969,-22.785750599999972],[-43.344036499999959,-22.784474599999953],[-43.344100599999933,-22.783784799999978],[-43.34410859999997,-22.783698499999957],[-43.344082499999956,-22.783693599999935],[-43.343041399999947,-22.783067099999982],[-43.342471,-22.782723899999951],[-43.342189399999938,-22.782582699999978],[-43.342875499999934,-22.782068199999969],[-43.343024799999966,-22.781969699999934],[-43.343963099999939,-22.780799099999967],[-43.343980699999975,-22.78076729999998],[-43.343935599999952,-22.780730099999971],[-43.343889799999943,-22.78060789999995],[-43.34385,-22.780502],[-43.34386429999995,-22.780279499999949],[-43.343952699999932,-22.779960099999983],[-43.344035399999939,-22.779734699999949],[-43.344076,-22.779383],[-43.344067199999984,-22.779301499999974],[-43.344056499999965,-22.779241199999944],[-43.344045899999969,-22.779181],[-43.343974899999978,-22.779009699999961],[-43.343524299999956,-22.778500599999973],[-43.343946699999947,-22.778570399999978],[-43.344962499999951,-22.778984699999967],[-43.344740599999966,-22.779231099999947],[-43.344556699999941,-22.779522099999951],[-43.34463089999997,-22.779531599999927],[-43.344759599999975,-22.779554399999938],[-43.345078099999967,-22.77958289999998],[-43.345244499999978,-22.779682699999967],[-43.345344299999965,-22.779796799999929],[-43.345391799999959,-22.779944199999932],[-43.345415599999967,-22.780262599999958],[-43.345463099999961,-22.780552599999965],[-43.345579499999985,-22.780600799999945],[-43.345601,-22.780609699999957],[-43.34591,-22.780685699999935],[-43.346223699999939,-22.780666699999983],[-43.346499399999971,-22.780704699999944],[-43.346798899999953,-22.780785499999979],[-43.346812199999931,-22.780793799999969],[-43.346812899999975,-22.780795399999931],[-43.34706609999995,-22.780973399999937],[-43.347150599999964,-22.781032699999969],[-43.347217,-22.781142699999975],[-43.347317,-22.781308399999944],[-43.347412099999985,-22.78169349999996],[-43.34756219999997,-22.782064599999956],[-43.347583199999974,-22.782116499999972],[-43.347673499999985,-22.782311399999969],[-43.347783699999979,-22.782516799999939],[-43.347784,-22.782380099999955],[-43.347786199999973,-22.782193399999983],[-43.34781879999997,-22.782154],[-43.347879099999943,-22.782151099999965],[-43.347906199999954,-22.78219619999993],[-43.348281,-22.782126299999959],[-43.348418899999956,-22.782092699999964],[-43.348106099999939,-22.781498599999964],[-43.347882699999957,-22.781118299999946],[-43.347716299999945,-22.780785499999979],[-43.347502399999939,-22.780481299999963],[-43.347231499999964,-22.780305399999975],[-43.34699379999995,-22.780215099999964],[-43.346238,-22.779887099999939],[-43.346123899999952,-22.779815799999938],[-43.346114399999976,-22.779777799999977],[-43.346104899999943,-22.779739799999959],[-43.346257,-22.77953059999993],[-43.34662,-22.778950899999927],[-43.346527599999945,-22.778876599999933],[-43.346473499999945,-22.778856399999938],[-43.346707,-22.778225199999952],[-43.346754699999963,-22.778096399999981],[-43.347091499999976,-22.777186],[-43.347048699999959,-22.777173],[-43.34698359999993,-22.77714409999993],[-43.346782499999961,-22.776231799999948],[-43.346643,-22.775941499999931],[-43.346549599999946,-22.775747],[-43.346415799999932,-22.775628],[-43.345971599999984,-22.77523309999998],[-43.345975499999952,-22.775185399999941],[-43.345999499999948,-22.775114599999938],[-43.346058199999959,-22.775056199999938],[-43.346352899999943,-22.774890899999946],[-43.34641849999997,-22.774869499999966],[-43.346504,-22.774868199999958],[-43.346695799999964,-22.774930499999982],[-43.346830099999977,-22.775048199999958],[-43.346909299999936,-22.774851],[-43.346569299999942,-22.774661199999969],[-43.346526799999936,-22.77462369999995],[-43.346502299999941,-22.774586299999953],[-43.346482,-22.774545799999942],[-43.346472,-22.774512499999958],[-43.346466,-22.774492499999951],[-43.346464,-22.774430199999983],[-43.346697699999936,-22.773726199999942],[-43.346830099999977,-22.773327399999971],[-43.346793299999945,-22.773283299999946],[-43.346484099999941,-22.773052399999983],[-43.346386499999937,-22.77292609999995],[-43.346326199999965,-22.772788099999957],[-43.346329699999956,-22.772704799999929],[-43.346388399999967,-22.772666299999969],[-43.346530099999939,-22.772675299999946],[-43.346496099999968,-22.772533199999941],[-43.345622399999968,-22.771505299999944],[-43.345572799999957,-22.770000799999934],[-43.345883399999934,-22.769383799999957],[-43.345901,-22.769348799999932],[-43.346303099999943,-22.768885599999976],[-43.346437299999934,-22.769093699999928],[-43.346708099999944,-22.769351299999983],[-43.346716199999946,-22.769299299999943],[-43.346659399999965,-22.768968099999938],[-43.346687799999984,-22.76880959999994],[-43.346815,-22.768702099999928],[-43.347,-22.768600899999967],[-43.347080499999947,-22.768558799999937],[-43.347239,-22.768536199999971],[-43.347597499999949,-22.768630599999938],[-43.347714499999938,-22.768614299999967],[-43.347801899999979,-22.768578299999945],[-43.347824699999933,-22.768524099999979],[-43.347877899999958,-22.76839769999998],[-43.347980099999972,-22.768053099999975],[-43.34814,-22.767507599999931],[-43.348336899999936,-22.766821099999959],[-43.348114799999962,-22.766786899999943],[-43.347424699999976,-22.766640399999972],[-43.347312899999963,-22.766650099999936],[-43.347074299999974,-22.766670599999941],[-43.347053799999969,-22.766672399999948],[-43.34687329999997,-22.766688],[-43.346594299999936,-22.766691099999946],[-43.346599199999957,-22.767385199999978],[-43.346585,-22.76774649999993],[-43.346399599999984,-22.768183799999974],[-43.346305,-22.768310399999962],[-43.346078499999976,-22.768613599999981],[-43.345714799999939,-22.768280899999979],[-43.345448699999963,-22.768079],[-43.345330699999977,-22.767980699999953],[-43.344913299999973,-22.768026199999952],[-43.344670399999984,-22.768089299999929],[-43.344617,-22.768354899999963],[-43.344721599999957,-22.768573599999968],[-43.344712099999981,-22.768711399999972],[-43.344689199999948,-22.768895399999963],[-43.344563599999958,-22.768973699999947],[-43.344470199999932,-22.768993199999954],[-43.344369,-22.768978199999935],[-43.344325199999957,-22.768919599999947],[-43.344163199999969,-22.768499099999929],[-43.344048699999973,-22.768214299999954],[-43.343699499999957,-22.767694199999937],[-43.343816,-22.767349199999956],[-43.34363129999997,-22.76730589999994],[-43.343293799999969,-22.76726309999998],[-43.342771,-22.767259],[-43.342694899999969,-22.767258399999946],[-43.34249049999994,-22.76713959999995],[-43.341872499999965,-22.766607099999931],[-43.341483699999969,-22.766614699999934],[-43.340964699999972,-22.766639899999973],[-43.340921799999933,-22.766670899999951],[-43.340869699999985,-22.76673889999995],[-43.34085529999993,-22.766778399999964],[-43.340848199999982,-22.766834399999937],[-43.340848199999982,-22.766857899999934],[-43.341054799999938,-22.767071899999962],[-43.341216499999973,-22.767239399999937],[-43.341503799999941,-22.767449],[-43.341583399999934,-22.767555199999947],[-43.341663299999936,-22.767676699999981],[-43.341696599999977,-22.767876399999977],[-43.341636,-22.768153599999948],[-43.341596099999947,-22.768336799999929],[-43.34150649999998,-22.768903099999932],[-43.34151049999997,-22.769196699999952],[-43.341519799999958,-22.769881099999964],[-43.341537499999959,-22.770413099999928],[-43.341497499999946,-22.770441099999971],[-43.340019,-22.771397399999955],[-43.33925279999994,-22.771831799999973],[-43.338882799999965,-22.772041599999966],[-43.338800699999979,-22.77208909999996],[-43.338657699999942,-22.772167799999977],[-43.338324,-22.772419499999955],[-43.338309299999935,-22.772434199999964],[-43.336524699999984,-22.774712],[-43.337059899999986,-22.77510929999994],[-43.337299499999972,-22.77528719999998],[-43.337047599999948,-22.775496399999952],[-43.336848,-22.775591399999939],[-43.336617099999955,-22.775547399999937],[-43.336258499999985,-22.775482099999977],[-43.335778399999981,-22.77528719999998],[-43.335038,-22.77500509999993],[-43.334946,-22.774910299999931],[-43.333842599999969,-22.773979599999961],[-43.333806899999956,-22.773605299999929],[-43.333858099999929,-22.77344979999998],[-43.334184799999946,-22.772100799999976],[-43.334357099999977,-22.771821799999941],[-43.33451279999997,-22.771480399999973],[-43.33444389999994,-22.770792],[-43.334267099999977,-22.769584899999927],[-43.334241899999938,-22.769412599999953],[-43.334333299999969,-22.76867969999995],[-43.334502099999952,-22.768439299999955],[-43.333788299999981,-22.76743579999993],[-43.333557399999961,-22.767426799999953],[-43.332650199999932,-22.767165099999943],[-43.33175209999996,-22.766912699999978],[-43.330823699999939,-22.766653699999949],[-43.33079639999994,-22.765114299999937],[-43.330776499999956,-22.76399349999997],[-43.329802699999959,-22.763728599999979],[-43.329601799999978,-22.76368],[-43.329601699999955,-22.763689499999941],[-43.329601899999943,-22.763693599999954],[-43.329603,-22.763721199999964],[-43.329638399999965,-22.764607299999966],[-43.329669299999978,-22.765380099999959],[-43.329670299999975,-22.765405599999951],[-43.329671599999983,-22.76543879999997],[-43.329672199999948,-22.765453099999945],[-43.32967229999997,-22.765454499999976],[-43.32968429999994,-22.765755699999943],[-43.329701099999966,-22.766339799999969],[-43.329763399999933,-22.768504299999961],[-43.329812899999979,-22.770223499999929],[-43.329812899999979,-22.770225899999957],[-43.32984579999993,-22.771369399999969],[-43.329874099999984,-22.772350599999982],[-43.329824899999949,-22.773536299999932],[-43.329777,-22.774690299999975],[-43.329767199999935,-22.774927299999945],[-43.329623399999946,-22.778391799999952],[-43.329615399999966,-22.778585699999951],[-43.329604599999982,-22.778845699999977],[-43.329566599999964,-22.779763299999956],[-43.329543,-22.780042299999934],[-43.329310599999985,-22.782789599999944],[-43.329303899999957,-22.78293119999995],[-43.329301199999975,-22.782989599999951],[-43.32929919999998,-22.783032399999968],[-43.32929189999993,-22.783187399999974],[-43.32928759999993,-22.783279],[-43.329285299999981,-22.783329299999934],[-43.329535799999974,-22.783234899999968],[-43.329919399999937,-22.783001399999932],[-43.330027799999982,-22.782935399999928],[-43.330520199999967,-22.782789299999934],[-43.330529499999955,-22.782788099999948],[-43.331065299999977,-22.782714299999952],[-43.331187099999966,-22.782666199999937],[-43.331425699999954,-22.782572],[-43.331489599999941,-22.782546799999977],[-43.331953,-22.782176],[-43.332154399999979,-22.781854199999941],[-43.332405799999947,-22.781452299999955],[-43.332947699999977,-22.781077899999957],[-43.333302499999945,-22.781045799999958],[-43.333461099999965,-22.781038699999954],[-43.333750599999973,-22.781176599999981],[-43.334128499999963,-22.781312],[-43.334586199999933,-22.781528299999934],[-43.335198,-22.782217599999967],[-43.335404799999935,-22.782274599999937],[-43.335761299999945,-22.782296],[-43.336460099999954,-22.782731],[-43.336624099999938,-22.783059],[-43.337486899999931,-22.783957399999963],[-43.337712099999976,-22.784633199999973],[-43.337736499999949,-22.784706099999937],[-43.338106,-22.785073799999964],[-43.338157099999933,-22.785126799999944],[-43.338235599999962,-22.785369199999934],[-43.338549299999954,-22.785832699999958],[-43.338720399999943,-22.786003799999946],[-43.338266499999975,-22.786451099999965],[-43.337993099999949,-22.786752499999977],[-43.337935799999968,-22.786862299999939],[-43.337749299999984,-22.787007699999947],[-43.337562899999966,-22.787025899999946],[-43.33733,-22.787002099999938],[-43.336795199999983,-22.787044899999955],[-43.336253299999953,-22.787536899999964],[-43.336032299999943,-22.787586799999929],[-43.335797,-22.787708],[-43.335511799999949,-22.788085899999942],[-43.335333499999933,-22.788257],[-43.335276499999964,-22.788399599999934],[-43.33537629999995,-22.788592199999982],[-43.334428,-22.789262399999927],[-43.334248399999979,-22.790399399999956],[-43.334684899999957,-22.790337699999952],[-43.334319899999969,-22.790645799999936],[-43.334185499999933,-22.790759799999933],[-43.333886,-22.791337299999952],[-43.333079199999929,-22.791161599999953],[-43.331993399999931,-22.790925],[-43.331767699999943,-22.790875799999981],[-43.331620599999951,-22.791636299999936],[-43.331499,-22.792291],[-43.331348299999945,-22.793060099999934],[-43.331189,-22.793848699999955],[-43.332492599999966,-22.794158099999947],[-43.333478699999944,-22.794392199999947],[-43.333365499999957,-22.794688599999972],[-43.332793699999968,-22.795084199999962],[-43.332923899999969,-22.795121699999982],[-43.333137799999975,-22.795228599999973],[-43.333254599999975,-22.795293499999957],[-43.333246799999984,-22.79532439999997],[-43.333046499999966,-22.797675099999935],[-43.332999299999983,-22.798254499999928],[-43.332865199999958,-22.799091799999928],[-43.332609899999966,-22.799496899999951],[-43.332563199999981,-22.799708],[-43.332541099999958,-22.800037],[-43.332543799999939,-22.800357899999938],[-43.332566299999939,-22.800549099999955],[-43.332673099999965,-22.800830299999973],[-43.332746199999974,-22.801055299999973],[-43.332915,-22.801449],[-43.333083699999975,-22.801651399999969],[-43.333280499999944,-22.801763899999969],[-43.333483,-22.801853899999969],[-43.333590799999968,-22.801894499999946],[-43.333848599999953,-22.801893299999961],[-43.33405659999994,-22.801808899999969],[-43.33423659999994,-22.801718899999969],[-43.334354699999949,-22.801567099999943],[-43.334488,-22.801281099999983],[-43.334621899999945,-22.800973699999929],[-43.334658399999967,-22.800886599999956],[-43.334799,-22.800599699999964],[-43.33497959999994,-22.800327699999968],[-43.335111799999936,-22.800165399999969],[-43.335535799999946,-22.799643599999968],[-43.335698899999954,-22.79949739999995],[-43.335731,-22.799477099999933],[-43.335698899999954,-22.799300599999981],[-43.335580799999946,-22.798783199999946],[-43.335527499999955,-22.798386599999958],[-43.335507599999971,-22.798220799999967],[-43.335457,-22.798035199999958],[-43.335340799999983,-22.797771499999953],[-43.33513279999994,-22.797221],[-43.334881899999971,-22.796629799999948],[-43.334675299999958,-22.796123],[-43.334624699999949,-22.79594869999994],[-43.334625099999982,-22.795781199999965],[-43.334838399999967,-22.795781199999965],[-43.33501659999996,-22.795770499999946],[-43.335253099999932,-22.795238899999958],[-43.33551209999996,-22.794656299999929],[-43.335779799999955,-22.794054299999971],[-43.336165199999982,-22.793187699999976],[-43.336474399999929,-22.79249249999998],[-43.337474499999985,-22.790253099999973],[-43.336645499999975,-22.790053899999975],[-43.336324599999955,-22.789697399999966],[-43.336332199999958,-22.789650299999948],[-43.336467,-22.788814499999944],[-43.336676899999929,-22.788656299999957],[-43.336965,-22.788382499999955],[-43.337121799999977,-22.788291199999946],[-43.337549599999932,-22.788148599999943],[-43.337882499999978,-22.788131799999974],[-43.337946099999954,-22.788128599999936],[-43.338339699999949,-22.788105799999983],[-43.338791699999945,-22.788128699999959],[-43.338813099999982,-22.787280199999941]]]]}},
{"type":"Feature","properties":{"CD_REGIAO":"3","NM_REGIAO":"Sudeste","CD_UF":"33","NM_UF":"Rio de Janeiro","CD_MUN":"3305109","NM_MUN":"São João de Meriti","CD_DIST":"330510905","NM_DIST":"São João de Meriti","CD_SUBDIST":"33051090500","NM_SUBDIST":null,"CD_BAIRRO":"3305109016","NM_BAIRRO":"Centro","CD_RGINT":"3301","NM_RGINT":"Rio de Janeiro","CD_RGI":"330001","NM_RGI":"Rio de Janeiro","CD_CONCURB":"3304557","NM_CONCURB":"Rio de Janeiro/RJ","renda_real_mean":2164.274706},"geometry":{"type":"MultiPolygon","coordinates":[[[[-43.361844799999972,-22.799695699999972],[-43.361499,-22.800597699999969],[-43.361175,-22.801590899999951],[-43.360884799999951,-22.80150969999994],[-43.360162799999955,-22.801307599999973],[-43.360263099999941,-22.801006899999948],[-43.360245299999974,-22.800955],[-43.360201299999972,-22.800826299999983],[-43.360122399999966,-22.800488299999927],[-43.359806899999967,-22.799135899999953],[-43.359792299999981,-22.799025099999938],[-43.359761699999979,-22.798793299999943],[-43.359666699999934,-22.798304499999972],[-43.359569099999931,-22.79811669999998],[-43.359354,-22.797994],[-43.359015699999929,-22.797919899999954],[-43.359260099999972,-22.797403699999961],[-43.359302699999944,-22.79701579999994],[-43.358146199999965,-22.797676299999978],[-43.356941099999972,-22.798364499999934],[-43.356093499999986,-22.79884629999998],[-43.356059099999982,-22.798865899999953],[-43.355821699999979,-22.799000799999931],[-43.354958499999952,-22.799491199999977],[-43.353849499999967,-22.800121299999944],[-43.353585199999941,-22.800273199999936],[-43.35248009999998,-22.800875599999927],[-43.351720099999966,-22.80129119999998],[-43.351002299999948,-22.801683799999978],[-43.34809649999994,-22.803287499999954],[-43.34755569999993,-22.803586199999927],[-43.347458499999959,-22.803636],[-43.347404099999949,-22.80367339999998],[-43.34763229999993,-22.803694],[-43.34824969999994,-22.803749799999935],[-43.348357299999975,-22.803759599999978],[-43.348411,-22.803764399999977],[-43.348458799999946,-22.803768699999978],[-43.348464799999931,-22.803769299999942],[-43.348564499999952,-22.803657299999941],[-43.348664199999973,-22.803545299999939],[-43.348711799999933,-22.803515599999969],[-43.348925899999983,-22.803381799999954],[-43.34903079999998,-22.803340699999978],[-43.34922679999994,-22.803264],[-43.349586699999975,-22.803192],[-43.349868799999967,-22.803140099999951],[-43.350048099999981,-22.803107199999943],[-43.350155899999947,-22.803087399999981],[-43.350219399999958,-22.803079599999933],[-43.350870799999939,-22.802999899999975],[-43.351144899999952,-22.802966399999946],[-43.351654099999962,-22.802904199999944],[-43.352094099999931,-22.802805299999932],[-43.352245499999981,-22.802771299999961],[-43.352396899999974,-22.802737199999967],[-43.352818699999943,-22.802642499999934],[-43.353564499999948,-22.802459299999953],[-43.353757499999972,-22.802426599999933],[-43.353950499999939,-22.802393799999948],[-43.354010099999982,-22.802398299999936],[-43.354388899999947,-22.802426599999933],[-43.35469379999995,-22.80249189999995],[-43.354755299999965,-22.802505099999962],[-43.354757899999981,-22.802505399999973],[-43.354806899999971,-22.802511],[-43.355108199999961,-22.802545699999939],[-43.355404299999975,-22.802579699999967],[-43.355409399999985,-22.802580299999931],[-43.355419899999958,-22.802581699999962],[-43.355885,-22.80264539999996],[-43.35595909999995,-22.802655499999958],[-43.355998,-22.802660499999945],[-43.356186299999933,-22.802684699999929],[-43.356315699999982,-22.802701299999967],[-43.356521699999973,-22.802711199999976],[-43.356680399999959,-22.802693199999965],[-43.356839099999945,-22.802675199999953],[-43.357087,-22.80264649999998],[-43.357405,-22.802609799999971],[-43.357614299999966,-22.802619599999957],[-43.357951299999968,-22.802675199999953],[-43.358285,-22.802739],[-43.35852929999993,-22.802785699999959],[-43.358616499999982,-22.802802399999962],[-43.358618599999943,-22.802802799999938],[-43.358630599999969,-22.802805199999966],[-43.359065799999939,-22.802892499999928],[-43.359300099999984,-22.802939399999957],[-43.359301499999958,-22.802939899999956],[-43.359511699999985,-22.803005599999949],[-43.359692,-22.803084],[-43.359737399999972,-22.803103699999951],[-43.35993689999998,-22.80322149999995],[-43.360493299999973,-22.803617199999962],[-43.36056039999994,-22.803664899999944],[-43.360975799999949,-22.803960399999937],[-43.361477699999966,-22.804317399999945],[-43.361501299999929,-22.804334499999982],[-43.361615099999938,-22.804417599999965],[-43.361634699999968,-22.804431799999975],[-43.361739399999976,-22.804451499999971],[-43.361909499999967,-22.804428599999937],[-43.361995,-22.804418099999964],[-43.36251459999994,-22.804354299999943],[-43.36311969999997,-22.804280099999971],[-43.363668899999936,-22.804212699999937],[-43.363797,-22.804197],[-43.363877799999955,-22.804187099999979],[-43.363966199999936,-22.804176199999972],[-43.364218299999948,-22.804145299999959],[-43.364361899999949,-22.804127699999981],[-43.364468799999941,-22.804114599999934],[-43.364575599999966,-22.804101399999979],[-43.364859699999954,-22.804078199999935],[-43.364921199999969,-22.804073199999948],[-43.365055899999959,-22.804062099999953],[-43.365135,-22.80405559999997],[-43.365152299999977,-22.80405559999997],[-43.365314099999978,-22.80405559999997],[-43.365318599999966,-22.80405559999997],[-43.365324199999975,-22.80405559999997],[-43.365329599999939,-22.80405559999997],[-43.365331399999945,-22.804055699999935],[-43.365334699999948,-22.80405589999998],[-43.365364399999976,-22.804057899999975],[-43.365395299999932,-22.80406],[-43.365435899999966,-22.80406279999994],[-43.365439099999946,-22.804063],[-43.365475199999935,-22.804065499999979],[-43.36550109999996,-22.804072099999928],[-43.365512799999976,-22.804075099999977],[-43.365555799999981,-22.80408609999995],[-43.365559799999971,-22.804087099999947],[-43.365573299999937,-22.804090599999938],[-43.365583799999968,-22.804093199999954],[-43.365591099999961,-22.804095099999927],[-43.365601599999934,-22.804097799999965],[-43.365606399999933,-22.804099],[-43.365609899999981,-22.804099899999983],[-43.365612499999941,-22.80410059999997],[-43.365614199999982,-22.804101],[-43.365616299999942,-22.804101599999967],[-43.365620599999943,-22.804103099999963],[-43.365667,-22.804118899999935],[-43.365710599999943,-22.804133699999966],[-43.365749299999948,-22.804146899999978],[-43.365769599999965,-22.804153799999938],[-43.365781199999958,-22.804159],[-43.365814,-22.804173499999933],[-43.365881499999944,-22.804203499999971],[-43.366012099999978,-22.804261599999961],[-43.366299499999968,-22.804389299999968],[-43.366321199999959,-22.804400199999975],[-43.366877399999964,-22.804678199999955],[-43.366924099999949,-22.80470159999993],[-43.367248099999983,-22.804863599999976],[-43.367327899999964,-22.804903499999966],[-43.367352899999958,-22.804916],[-43.367448,-22.804954399999929],[-43.367471099999932,-22.804963799999939],[-43.367543199999943,-22.804992899999945],[-43.367637099999968,-22.805011499999978],[-43.367776799999945,-22.805039199999953],[-43.36779,-22.805041799999969],[-43.367811299999971,-22.805044299999963],[-43.367817499999944,-22.805045],[-43.36806439999998,-22.805074199999979],[-43.368649499999947,-22.805112599999973],[-43.368928599999947,-22.805131],[-43.36963929999996,-22.805222],[-43.369922899999949,-22.805271599999969],[-43.369986799999936,-22.805282799999929],[-43.37020519999993,-22.805354799999975],[-43.370242,-22.805367],[-43.370272799999952,-22.805388499999935],[-43.370307799999978,-22.805413],[-43.370412599999952,-22.80548639999995],[-43.370433399999968,-22.805505499999981],[-43.370685299999934,-22.805736],[-43.370850299999972,-22.805887199999972],[-43.370919099999981,-22.805949099999964],[-43.370941099999982,-22.805968899999982],[-43.37100339999995,-22.806025],[-43.371189099999981,-22.806192299999964],[-43.371342899999945,-22.806330799999955],[-43.371622699999932,-22.806582799999944],[-43.37173729999995,-22.806686],[-43.371871299999952,-22.806794799999977],[-43.371986199999981,-22.806888099999981],[-43.372064799999976,-22.806951899999945],[-43.372186799999952,-22.807050899999979],[-43.372266099999933,-22.807115299999964],[-43.37234,-22.807183499999951],[-43.372576799999933,-22.807248299999969],[-43.37261,-22.807257399999969],[-43.372612099999969,-22.80725769999998],[-43.372819599999957,-22.807289699999956],[-43.373029199999962,-22.807322099999965],[-43.373219399999982,-22.807351399999959],[-43.373292299999946,-22.807362599999976],[-43.373373599999979,-22.807376899999952],[-43.373689699999943,-22.80743259999997],[-43.37370059999995,-22.807434199999932],[-43.37383879999993,-22.807454699999937],[-43.37383959999994,-22.807452399999931],[-43.373882899999955,-22.807289],[-43.37397889999994,-22.806927599999938],[-43.37402,-22.806773],[-43.374201699999958,-22.806259799999964],[-43.374590399999931,-22.805085499999961],[-43.374606799999981,-22.805034099999943],[-43.37463189999994,-22.804955299999961],[-43.373309399999982,-22.804259299999956],[-43.373276,-22.804241699999977],[-43.373314099999959,-22.804071799999974],[-43.373484799999972,-22.803308699999945],[-43.373509,-22.803200699999934],[-43.373622,-22.803029599999945],[-43.373684899999944,-22.802934499999935],[-43.373817899999949,-22.802713599999947],[-43.374160199999949,-22.802145399999972],[-43.374768399999937,-22.801873699999931],[-43.375243299999966,-22.801624599999968],[-43.375668399999938,-22.801465199999939],[-43.376000399999953,-22.801368899999943],[-43.376715,-22.801377199999934],[-43.377212799999938,-22.801421799999957],[-43.377537899999936,-22.801357099999962],[-43.377810899999986,-22.801227799999936],[-43.37802279999994,-22.801087699999982],[-43.378183099999944,-22.800898699999948],[-43.378374899999983,-22.800743],[-43.378595,-22.800652299999967],[-43.37873929999995,-22.800575799999933],[-43.377558499999964,-22.799964799999941],[-43.376655099999937,-22.799476699999957],[-43.375100499999974,-22.798661099999947],[-43.37379889999994,-22.797924199999954],[-43.37376729999994,-22.79791],[-43.373643199999947,-22.797854299999983],[-43.373736599999972,-22.797622799999942],[-43.374036899999965,-22.796878299999946],[-43.373911199999952,-22.796814899999958],[-43.372926,-22.796354199999939],[-43.371978299999967,-22.795910699999979],[-43.371003199999961,-22.795450199999948],[-43.370059799999979,-22.79500459999997],[-43.369101899999976,-22.794552299999964],[-43.368945699999983,-22.794821699999943],[-43.368600799999967,-22.79544489999995],[-43.367940899999951,-22.79527719999993],[-43.367156499999965,-22.795097],[-43.366200099999958,-22.79485829999993],[-43.365953799999943,-22.794791199999963],[-43.365880199999935,-22.794762899999967],[-43.365644299999985,-22.794672599999956],[-43.365477699999985,-22.793862799999943],[-43.365410099999963,-22.793533499999967],[-43.364945899999952,-22.793797899999959],[-43.363460299999986,-22.794643899999983],[-43.361873499999945,-22.795547799999952],[-43.362246399999947,-22.795658499999945],[-43.363115099999959,-22.795916499999976],[-43.362804499999982,-22.796834],[-43.362470199999962,-22.79782119999993],[-43.362149099999954,-22.798764299999959],[-43.361844799999972,-22.799695699999972]]]]}},
{"type":"Feature","properties":{"CD_REGIAO":"3","NM_REGIAO":"Sudeste","CD_UF":"33","NM_UF":"Rio de Janeiro","CD_MUN":"3305109","NM_MUN":"São João de Meriti","CD_DIST":"330510905","NM_DIST":"São João de Meriti","CD_SUBDIST":"33051090500","NM_SUBDIST":null,"CD_BAIRRO":"3305109007","NM_BAIRRO":"Vila Rosali","CD_RGINT":"3301","NM_RGINT":"Rio de Janeiro","CD_RGI":"330001","NM_RGI":"Rio de Janeiro","CD_CONCURB":"3304557","NM_CONCURB":"Rio de Janeiro/RJ","renda_real_mean":2064.341875},"geometry":{"type":"MultiPolygon","coordinates":[[[[-43.371003199999961,-22.795450199999948],[-43.371978299999967,-22.795910699999979],[-43.372926,-22.796354199999939],[-43.373911199999952,-22.796814899999958],[-43.374036899999965,-22.796878299999946],[-43.373736599999972,-22.797622799999942],[-43.373643199999947,-22.797854299999983],[-43.37376729999994,-22.79791],[-43.37379889999994,-22.797924199999954],[-43.375100499999974,-22.798661099999947],[-43.376655099999937,-22.799476699999957],[-43.377558499999964,-22.799964799999941],[-43.37873929999995,-22.800575799999933],[-43.378997499999969,-22.800465799999927],[-43.379686599999957,-22.799896299999943],[-43.379755,-22.799839399999939],[-43.379793199999938,-22.799754399999983],[-43.380026099999952,-22.799017499999934],[-43.380033899999944,-22.798901799999953],[-43.380078399999945,-22.79823319999997],[-43.380142,-22.797802499999932],[-43.380164,-22.797653299999979],[-43.380369499999972,-22.797218699999974],[-43.380511199999944,-22.796919],[-43.380577499999958,-22.796778599999982],[-43.380582799999956,-22.796770099999947],[-43.380824699999948,-22.796374599999979],[-43.381124599999964,-22.79605689999994],[-43.381304799999953,-22.795865899999967],[-43.381580799999938,-22.795443599999942],[-43.381770699999947,-22.795152899999948],[-43.381976599999973,-22.794956099999979],[-43.381984599999953,-22.794948499999975],[-43.382356199999947,-22.794383399999958],[-43.382569799999942,-22.794058699999937],[-43.38168479999996,-22.793587499999944],[-43.380750599999942,-22.793090099999972],[-43.379241499999978,-22.792286599999954],[-43.378894699999933,-22.792156199999965],[-43.378864599999986,-22.792147099999966],[-43.378756799999962,-22.792114599999934],[-43.378568499999972,-22.791971899999965],[-43.378146,-22.79167769999998],[-43.377619,-22.791500299999939],[-43.377457399999969,-22.791410399999961],[-43.376986799999941,-22.791148599999929],[-43.377467,-22.790234],[-43.377604699999949,-22.789997299999982],[-43.377779699999962,-22.789701299999933],[-43.377984399999946,-22.789329699999939],[-43.378260499999953,-22.788828399999943],[-43.37848159999993,-22.788415199999974],[-43.378541299999938,-22.788303699999972],[-43.378957599999978,-22.787535499999933],[-43.379439099999956,-22.786663199999964],[-43.37991,-22.785827899999958],[-43.379981599999951,-22.785701],[-43.380177299999957,-22.785229099999981],[-43.380170699999951,-22.785136899999941],[-43.380336599999964,-22.785031499999945],[-43.380336099999965,-22.785029399999928],[-43.380284199999949,-22.78490359999995],[-43.380132899999978,-22.784812799999941],[-43.379936799999939,-22.784711699999946],[-43.379616899999974,-22.784558199999935],[-43.379297099999974,-22.784404799999947],[-43.378822699999944,-22.784177299999953],[-43.378641199999947,-22.784088499999939],[-43.378039799999954,-22.783794399999977],[-43.37772549999994,-22.783646799999929],[-43.37723,-22.783422299999927],[-43.376730099999975,-22.78319579999993],[-43.376434699999947,-22.783044599999982],[-43.375653399999976,-22.782644499999947],[-43.375282799999979,-22.783303099999955],[-43.374720899999943,-22.784346299999982],[-43.374510799999939,-22.78472389999996],[-43.374282,-22.785135299999979],[-43.373869299999967,-22.785918],[-43.373770399999955,-22.786083],[-43.373640299999977,-22.78629989999996],[-43.372841299999948,-22.787769],[-43.372537499999964,-22.788310699999954],[-43.371906199999955,-22.789538399999969],[-43.371689199999935,-22.789948199999969],[-43.371430499999974,-22.790100199999927],[-43.371317099999942,-22.790166799999952],[-43.37142259999996,-22.790412499999945],[-43.370983,-22.791143799999929],[-43.370091899999977,-22.792803899999967],[-43.369549599999971,-22.793764199999941],[-43.369101899999976,-22.794552299999964],[-43.370059799999979,-22.79500459999997],[-43.371003199999961,-22.795450199999948]]]]}},
{"type":"Feature","properties":{"CD_REGIAO":"3","NM_REGIAO":"Sudeste","CD_UF":"33","NM_UF":"Rio de Janeiro","CD_MUN":"3305109","NM_MUN":"São João de Meriti","CD_DIST":"330510905","NM_DIST":"São João de Meriti","CD_SUBDIST":"33051090500","NM_SUBDIST":null,"CD_BAIRRO":"3305109011","NM_BAIRRO":"Jardim Metrópole","CD_RGINT":"3301","NM_RGINT":"Rio de Janeiro","CD_RGI":"330001","NM_RGI":"Rio de Janeiro","CD_CONCURB":"3304557","NM_CONCURB":"Rio de Janeiro/RJ","renda_real_mean":1621.746604},"geometry":{"type":"MultiPolygon","coordinates":[[[[-43.336524699999984,-22.774712],[-43.338309299999935,-22.772434199999964],[-43.338324,-22.772419499999955],[-43.338657699999942,-22.772167799999977],[-43.338800699999979,-22.77208909999996],[-43.338882799999965,-22.772041599999966],[-43.33925279999994,-22.771831799999973],[-43.340019,-22.771397399999955],[-43.341497499999946,-22.770441099999971],[-43.341537499999959,-22.770413099999928],[-43.341519799999958,-22.769881099999964],[-43.34151049999997,-22.769196699999952],[-43.34150649999998,-22.768903099999932],[-43.341596099999947,-22.768336799999929],[-43.341636,-22.768153599999948],[-43.341696599999977,-22.767876399999977],[-43.341663299999936,-22.767676699999981],[-43.341583399999934,-22.767555199999947],[-43.341503799999941,-22.767449],[-43.341216499999973,-22.767239399999937],[-43.341054799999938,-22.767071899999962],[-43.340848199999982,-22.766857899999934],[-43.340848199999982,-22.766834399999937],[-43.34085529999993,-22.766778399999964],[-43.340869699999985,-22.76673889999995],[-43.340202899999952,-22.766072],[-43.340395399999977,-22.765285399999982],[-43.340683299999966,-22.764109299999973],[-43.341194,-22.764214599999946],[-43.341596899999956,-22.764371399999959],[-43.342045499999983,-22.763667199999929],[-43.342210099999932,-22.763408799999979],[-43.342236299999968,-22.763250699999958],[-43.342434699999956,-22.762054099999943],[-43.342771299999981,-22.761853299999927],[-43.34286359999993,-22.761494],[-43.34295469999995,-22.761135199999956],[-43.34301819999996,-22.760885199999962],[-43.343157599999984,-22.760336499999937],[-43.343286499999977,-22.759829299999979],[-43.343314,-22.759753899999964],[-43.343415199999981,-22.759469599999932],[-43.343426699999952,-22.759437099999957],[-43.34346869999996,-22.759310199999959],[-43.343547299999955,-22.75892349999998],[-43.341988399999934,-22.758617099999981],[-43.33833629999998,-22.757948899999974],[-43.337019,-22.757707799999935],[-43.336168899999961,-22.757552299999929],[-43.335330699999986,-22.757312299999967],[-43.334336399999984,-22.757024099999967],[-43.333836499999961,-22.756885199999942],[-43.333743099999936,-22.756859299999974],[-43.332132899999976,-22.756510899999967],[-43.331256099999962,-22.756321199999945],[-43.330071199999963,-22.756068899999946],[-43.329290299999968,-22.755902599999956],[-43.329290499999956,-22.755907099999945],[-43.329291199999943,-22.755923899999971],[-43.329304199999967,-22.756250499999965],[-43.32930639999995,-22.756305199999929],[-43.329306799999983,-22.756315],[-43.329307599999936,-22.756334099999947],[-43.32930829999998,-22.756353199999978],[-43.329308799999978,-22.75636389999994],[-43.32931,-22.756395299999951],[-43.32932,-22.756646],[-43.329320099999961,-22.756647399999963],[-43.329326799999933,-22.756814199999951],[-43.32932969999996,-22.756887899999981],[-43.32946069999997,-22.76016409999994],[-43.32959939999995,-22.763632399999949],[-43.329601799999978,-22.76368],[-43.329802699999959,-22.763728599999979],[-43.330776499999956,-22.76399349999997],[-43.33079639999994,-22.765114299999937],[-43.330823699999939,-22.766653699999949],[-43.33175209999996,-22.766912699999978],[-43.332650199999932,-22.767165099999943],[-43.333557399999961,-22.767426799999953],[-43.333788299999981,-22.76743579999993],[-43.334502099999952,-22.768439299999955],[-43.334333299999969,-22.76867969999995],[-43.334241899999938,-22.769412599999953],[-43.334267099999977,-22.769584899999927],[-43.33444389999994,-22.770792],[-43.33451279999997,-22.771480399999973],[-43.334357099999977,-22.771821799999941],[-43.334184799999946,-22.772100799999976],[-43.333858099999929,-22.77344979999998],[-43.333806899999956,-22.773605299999929],[-43.333842599999969,-22.773979599999961],[-43.334946,-22.774910299999931],[-43.335038,-22.77500509999993],[-43.335778399999981,-22.77528719999998],[-43.336258499999985,-22.775482099999977],[-43.336617099999955,-22.775547399999937],[-43.336848,-22.775591399999939],[-43.337047599999948,-22.775496399999952],[-43.337299499999972,-22.77528719999998],[-43.337059899999986,-22.77510929999994],[-43.336524699999984,-22.774712]]]]}},
{"type":"Feature","properties":{"CD_REGIAO":"3","NM_REGIAO":"Sudeste","CD_UF":"33","NM_UF":"Rio de Janeiro","CD_MUN":"3305109","NM_MUN":"São João de Meriti","CD_DIST":"330510905","NM_DIST":"São João de Meriti","CD_SUBDIST":"33051090500","NM_SUBDIST":null,"CD_BAIRRO":"3305109003","NM_BAIRRO":"Jardim Meriti","CD_RGINT":"3301","NM_RGINT":"Rio de Janeiro","CD_RGI":"330001","NM_RGI":"Rio de Janeiro","CD_CONCURB":"3304557","NM_CONCURB":"Rio de Janeiro/RJ","renda_real_mean":2152.738969},"geometry":{"type":"MultiPolygon","coordinates":[[[[-43.371430499999974,-22.790100199999927],[-43.371689199999935,-22.789948199999969],[-43.371906199999955,-22.789538399999969],[-43.372537499999964,-22.788310699999954],[-43.372841299999948,-22.787769],[-43.373640299999977,-22.78629989999996],[-43.373770399999955,-22.786083],[-43.373869299999967,-22.785918],[-43.374282,-22.785135299999979],[-43.374510799999939,-22.78472389999996],[-43.374720899999943,-22.784346299999982],[-43.375282799999979,-22.783303099999955],[-43.375653399999976,-22.782644499999947],[-43.375979099999938,-22.78212149999996],[-43.376035899999977,-22.782009799999969],[-43.376245299999937,-22.781598599999938],[-43.37670479999997,-22.780766],[-43.376891699999931,-22.780424499999981],[-43.377100899999959,-22.780068],[-43.377181299999961,-22.77992039999998],[-43.377873799999975,-22.778654499999959],[-43.378007099999934,-22.778416799999945],[-43.378368399999943,-22.777736699999934],[-43.379237,-22.776138099999969],[-43.379207699999938,-22.776121299999943],[-43.378926499999977,-22.775970399999949],[-43.37864529999996,-22.775819499999955],[-43.378393899999935,-22.775685199999941],[-43.378027399999951,-22.775509299999953],[-43.377349099999947,-22.775227299999983],[-43.376841799999966,-22.774969399999975],[-43.376435399999934,-22.774781599999983],[-43.375845,-22.774517],[-43.375613,-22.77442549999995],[-43.375475199999983,-22.774420699999951],[-43.375247,-22.774454],[-43.375128199999949,-22.774520499999937],[-43.374754699999983,-22.77470059999996],[-43.37466969999997,-22.774741499999948],[-43.37308969999998,-22.775518699999964],[-43.371463099999971,-22.776336399999934],[-43.371230199999957,-22.776564599999972],[-43.371140199999957,-22.77678439999994],[-43.370721199999934,-22.777819099999931],[-43.370057299999985,-22.777573],[-43.369842199999937,-22.778052499999944],[-43.369447599999944,-22.778908099999967],[-43.369371399999977,-22.779097399999955],[-43.36913409999994,-22.779686],[-43.368891599999984,-22.78028],[-43.368613,-22.780929899999933],[-43.368362899999966,-22.781507499999975],[-43.368240199999946,-22.781788799999958],[-43.368107899999984,-22.782113799999934],[-43.368073799999934,-22.782197599999961],[-43.367833299999972,-22.782683099999929],[-43.368022499999938,-22.782763],[-43.367788699999949,-22.783419599999945],[-43.367869599999949,-22.783450799999969],[-43.368745399999966,-22.783788099999981],[-43.36907709999997,-22.783208299999956],[-43.369664599999965,-22.783456299999955],[-43.369637799999964,-22.783504799999946],[-43.369442899999967,-22.783923099999981],[-43.369224199999962,-22.784251099999949],[-43.368891499999961,-22.784907099999941],[-43.368488899999932,-22.785593799999958],[-43.367867299999943,-22.785319799999968],[-43.367893199999969,-22.785263599999951],[-43.368149899999935,-22.784873799999957],[-43.368199899999979,-22.784771399999954],[-43.367478899999981,-22.784508],[-43.366938299999958,-22.784310599999969],[-43.366881799999931,-22.784550699999954],[-43.366809299999943,-22.784858399999962],[-43.366796399999942,-22.784913299999971],[-43.366718099999957,-22.785246],[-43.366673299999945,-22.785436599999969],[-43.366632099999947,-22.78554859999997],[-43.366621,-22.785541099999932],[-43.366278799999975,-22.785536399999955],[-43.366100299999971,-22.785456599999975],[-43.365950699999985,-22.785617599999966],[-43.365677199999936,-22.785912],[-43.365531399999952,-22.785738],[-43.365487099999939,-22.786089599999968],[-43.365485299999932,-22.786103899999944],[-43.365392199999974,-22.786497],[-43.364885299999969,-22.787150599999961],[-43.364192199999934,-22.78734129999998],[-43.364213899999982,-22.787402799999938],[-43.364190299999962,-22.788434199999983],[-43.364168399999983,-22.788637199999982],[-43.363290699999936,-22.788380299999972],[-43.362568099999976,-22.788165599999957],[-43.362351899999965,-22.788742599999978],[-43.362024199999951,-22.789617199999952],[-43.361405,-22.789412099999936],[-43.36120539999996,-22.789318],[-43.361028599999941,-22.78929519999997],[-43.360784699999954,-22.78933509999996],[-43.360654899999986,-22.78935789999997],[-43.360369699999978,-22.789452],[-43.360285799999986,-22.789474299999938],[-43.359939,-22.789566099999945],[-43.359063399999968,-22.789842599999929],[-43.359285899999975,-22.789126899999928],[-43.359342899999945,-22.789007099999935],[-43.359459899999933,-22.78857069999998],[-43.359425599999952,-22.788402399999939],[-43.359296399999948,-22.78818769999998],[-43.35917749999993,-22.788083],[-43.35890059999997,-22.787986299999943],[-43.358130799999969,-22.787729299999967],[-43.357968199999959,-22.788131499999963],[-43.357926499999962,-22.78825269999993],[-43.357785699999965,-22.788662],[-43.357383499999969,-22.789631699999973],[-43.357247199999961,-22.790052299999957],[-43.357042299999932,-22.790094799999963],[-43.357522699999947,-22.79044209999995],[-43.357694099999947,-22.790681899999981],[-43.357998,-22.791844399999945],[-43.358226199999933,-22.793099299999938],[-43.358482899999956,-22.794031],[-43.35881089999998,-22.794344799999976],[-43.359343299999978,-22.794582499999933],[-43.360113499999954,-22.794838099999936],[-43.359872499999938,-22.795485499999927],[-43.359396,-22.796764799999949],[-43.359302699999944,-22.79701579999994],[-43.359260099999972,-22.797403699999961],[-43.359015699999929,-22.797919899999954],[-43.359354,-22.797994],[-43.359569099999931,-22.79811669999998],[-43.359666699999934,-22.798304499999972],[-43.359761699999979,-22.798793299999943],[-43.359792299999981,-22.799025099999938],[-43.359806899999967,-22.799135899999953],[-43.360122399999966,-22.800488299999927],[-43.360201299999972,-22.800826299999983],[-43.360245299999974,-22.800955],[-43.360263099999941,-22.801006899999948],[-43.360162799999955,-22.801307599999973],[-43.360884799999951,-22.80150969999994],[-43.361175,-22.801590899999951],[-43.361499,-22.800597699999969],[-43.361844799999972,-22.799695699999972],[-43.362149099999954,-22.798764299999959],[-43.362470199999962,-22.79782119999993],[-43.362804499999982,-22.796834],[-43.363115099999959,-22.795916499999976],[-43.362246399999947,-22.795658499999945],[-43.361873499999945,-22.795547799999952],[-43.363460299999986,-22.794643899999983],[-43.364945899999952,-22.793797899999959],[-43.365410099999963,-22.793533499999967],[-43.365477699999985,-22.793862799999943],[-43.365644299999985,-22.794672599999956],[-43.365880199999935,-22.794762899999967],[-43.365953799999943,-22.794791199999963],[-43.366200099999958,-22.79485829999993],[-43.367156499999965,-22.795097],[-43.367940899999951,-22.79527719999993],[-43.368600799999967,-22.79544489999995],[-43.368945699999983,-22.794821699999943],[-43.369101899999976,-22.794552299999964],[-43.369549599999971,-22.793764199999941],[-43.370091899999977,-22.792803899999967],[-43.370983,-22.791143799999929],[-43.37142259999996,-22.790412499999945],[-43.371317099999942,-22.790166799999952],[-43.371430499999974,-22.790100199999927]]],[[[-43.388317499999971,-22.784769599999947],[-43.389255399999968,-22.785268099999939],[-43.389747899999975,-22.784495599999957],[-43.39004019999993,-22.784037199999943],[-43.390316199999972,-22.783583599999929],[-43.389351,-22.783091499999955],[-43.388317499999971,-22.784769599999947]]]]}},
{"type":"Feature","properties":{"CD_REGIAO":"3","NM_REGIAO":"Sudeste","CD_UF":"33","NM_UF":"Rio de Janeiro","CD_MUN":"3305109","NM_MUN":"São João de Meriti","CD_DIST":"330510905","NM_DIST":"São João de Meriti","CD_SUBDIST":"33051090500","NM_SUBDIST":null,"CD_BAIRRO":"3305109008","NM_BAIRRO":"Venda Velha","CD_RGINT":"3301","NM_RGINT":"Rio de Janeiro","CD_RGI":"330001","NM_RGI":"Rio de Janeiro","CD_CONCURB":"3304557","NM_CONCURB":"Rio de Janeiro/RJ","renda_real_mean":1736.718854},"geometry":{"type":"MultiPolygon","coordinates":[[[[-43.347906199999954,-22.78219619999993],[-43.347879099999943,-22.782151099999965],[-43.34781879999997,-22.782154],[-43.347786199999973,-22.782193399999983],[-43.347784,-22.782380099999955],[-43.347783699999979,-22.782516799999939],[-43.347673499999985,-22.782311399999969],[-43.347583199999974,-22.782116499999972],[-43.34756219999997,-22.782064599999956],[-43.347412099999985,-22.78169349999996],[-43.347317,-22.781308399999944],[-43.347217,-22.781142699999975],[-43.347150599999964,-22.781032699999969],[-43.34706609999995,-22.780973399999937],[-43.346812899999975,-22.780795399999931],[-43.346812199999931,-22.780793799999969],[-43.346798899999953,-22.780785499999979],[-43.346499399999971,-22.780704699999944],[-43.346223699999939,-22.780666699999983],[-43.34591,-22.780685699999935],[-43.345601,-22.780609699999957],[-43.345579499999985,-22.780600799999945],[-43.345463099999961,-22.780552599999965],[-43.345415599999967,-22.780262599999958],[-43.345391799999959,-22.779944199999932],[-43.345344299999965,-22.779796799999929],[-43.345244499999978,-22.779682699999967],[-43.345078099999967,-22.77958289999998],[-43.344759599999975,-22.779554399999938],[-43.34463089999997,-22.779531599999927],[-43.344556699999941,-22.779522099999951],[-43.344740599999966,-22.779231099999947],[-43.344962499999951,-22.778984699999967],[-43.343946699999947,-22.778570399999978],[-43.343524299999956,-22.778500599999973],[-43.343974899999978,-22.779009699999961],[-43.344045899999969,-22.779181],[-43.344056499999965,-22.779241199999944],[-43.344067199999984,-22.779301499999974],[-43.344076,-22.779383],[-43.344035399999939,-22.779734699999949],[-43.343952699999932,-22.779960099999983],[-43.34386429999995,-22.780279499999949],[-43.34385,-22.780502],[-43.343889799999943,-22.78060789999995],[-43.343935599999952,-22.780730099999971],[-43.343980699999975,-22.78076729999998],[-43.343963099999939,-22.780799099999967],[-43.343024799999966,-22.781969699999934],[-43.342875499999934,-22.782068199999969],[-43.342189399999938,-22.782582699999978],[-43.342471,-22.782723899999951],[-43.343041399999947,-22.783067099999982],[-43.344082499999956,-22.783693599999935],[-43.34410859999997,-22.783698499999957],[-43.344100599999933,-22.783784799999978],[-43.344036499999959,-22.784474599999953],[-43.343834299999969,-22.785750599999972],[-43.34374239999994,-22.786529399999949],[-43.343185499999947,-22.78611989999996],[-43.342593699999952,-22.785599199999979],[-43.342184399999951,-22.785175399999957],[-43.341791499999943,-22.786238699999956],[-43.341784899999936,-22.786256499999979],[-43.341631199999938,-22.786184],[-43.341548399999965,-22.78614639999995],[-43.341496399999983,-22.786107199999947],[-43.34139719999996,-22.786032299999931],[-43.341094899999973,-22.785906799999964],[-43.340638499999955,-22.785476099999983],[-43.340564499999971,-22.785406499999965],[-43.340274499999964,-22.785134199999959],[-43.339722599999959,-22.784800799999971],[-43.339236399999947,-22.78450719999995],[-43.339169799999979,-22.784466499999951],[-43.33912689999994,-22.785096799999963],[-43.33914,-22.78536779999996],[-43.339144099999942,-22.785575799999947],[-43.339212399999951,-22.785782799999936],[-43.339218199999948,-22.786025699999982],[-43.339219599999979,-22.786082299999975],[-43.339027099999953,-22.786574299999927],[-43.338877299999979,-22.786781],[-43.338813099999982,-22.787280199999941],[-43.338791699999945,-22.788128699999959],[-43.339311899999984,-22.788818799999945],[-43.33933589999998,-22.788851799999975],[-43.33970869999996,-22.789363599999945],[-43.339952599999947,-22.789521399999956],[-43.340216399999974,-22.789691599999969],[-43.340803899999969,-22.789805699999931],[-43.341092,-22.789808499999936],[-43.341708099999948,-22.789600299999961],[-43.341886,-22.789594299999976],[-43.342155399999967,-22.789585399999964],[-43.342556599999966,-22.789576099999977],[-43.342442499999947,-22.788128699999959],[-43.342488499999945,-22.788036699999964],[-43.342528099999981,-22.788064499999962],[-43.343359799999973,-22.789860899999951],[-43.343436499999939,-22.789851299999953],[-43.343621799999937,-22.789739099999963],[-43.343588799999964,-22.790533799999935],[-43.343531299999938,-22.791921099999968],[-43.343526299999951,-22.792029],[-43.343440799999939,-22.792264299999943],[-43.343333799999982,-22.79249249999998],[-43.342601899999977,-22.793487299999981],[-43.342459499999961,-22.79368089999997],[-43.341834399999982,-22.794531199999938],[-43.341876499999955,-22.794953299999975],[-43.341883799999948,-22.795025299999963],[-43.341920399999935,-22.795222199999955],[-43.341970599999968,-22.795417199999974],[-43.342257099999983,-22.796193099999982],[-43.342435399999943,-22.796785],[-43.342756099999974,-22.797788799999978],[-43.343214899999964,-22.799125499999946],[-43.34340149999997,-22.799223599999948],[-43.343526,-22.799289],[-43.343872699999963,-22.799471199999971],[-43.34389,-22.799480199999948],[-43.344182299999943,-22.799783299999945],[-43.344519199999979,-22.800103099999944],[-43.344725099999948,-22.800181],[-43.344770599999947,-22.800196799999981],[-43.345815199999947,-22.800357299999973],[-43.346136,-22.800392899999963],[-43.347205599999938,-22.800346599999955],[-43.347369699999945,-22.800351699999965],[-43.347817099999929,-22.800365699999929],[-43.347890099999972,-22.800368],[-43.34810779999998,-22.800379499999963],[-43.34856039999994,-22.800403599999981],[-43.348955,-22.800495499999954],[-43.349187799999982,-22.800549799999942],[-43.349827299999959,-22.800804599999935],[-43.349927499999978,-22.800844199999972],[-43.350135,-22.80092609999997],[-43.350456399999985,-22.80092609999997],[-43.350588799999969,-22.800903199999937],[-43.350916799999936,-22.800846399999955],[-43.351110099999971,-22.800812899999983],[-43.351431399999967,-22.800769099999968],[-43.351533699999948,-22.800791],[-43.351588499999934,-22.800827499999968],[-43.351625,-22.800878599999976],[-43.351626799999963,-22.800889899999959],[-43.351635899999962,-22.800948],[-43.351662199999964,-22.801054499999964],[-43.351720099999966,-22.80129119999998],[-43.35248009999998,-22.800875599999927],[-43.353585199999941,-22.800273199999936],[-43.353849499999967,-22.800121299999944],[-43.354958499999952,-22.799491199999977],[-43.355821699999979,-22.799000799999931],[-43.356059099999982,-22.798865899999953],[-43.356093499999986,-22.79884629999998],[-43.356941099999972,-22.798364499999934],[-43.358146199999965,-22.797676299999978],[-43.359302699999944,-22.79701579999994],[-43.359396,-22.796764799999949],[-43.359872499999938,-22.795485499999927],[-43.360113499999954,-22.794838099999936],[-43.359343299999978,-22.794582499999933],[-43.35881089999998,-22.794344799999976],[-43.358482899999956,-22.794031],[-43.358226199999933,-22.793099299999938],[-43.357998,-22.791844399999945],[-43.357694099999947,-22.790681899999981],[-43.357522699999947,-22.79044209999995],[-43.357042299999932,-22.790094799999963],[-43.357247199999961,-22.790052299999957],[-43.357383499999969,-22.789631699999973],[-43.357785699999965,-22.788662],[-43.357926499999962,-22.78825269999993],[-43.357968199999959,-22.788131499999963],[-43.358130799999969,-22.787729299999967],[-43.35890059999997,-22.787986299999943],[-43.35917749999993,-22.788083],[-43.359296399999948,-22.78818769999998],[-43.359425599999952,-22.788402399999939],[-43.359459899999933,-22.78857069999998],[-43.359342899999945,-22.789007099999935],[-43.359285899999975,-22.789126899999928],[-43.359063399999968,-22.789842599999929],[-43.359939,-22.789566099999945],[-43.360285799999986,-22.789474299999938],[-43.360369699999978,-22.789452],[-43.360654899999986,-22.78935789999997],[-43.360784699999954,-22.78933509999996],[-43.361028599999941,-22.78929519999997],[-43.36120539999996,-22.789318],[-43.361405,-22.789412099999936],[-43.362024199999951,-22.789617199999952],[-43.362351899999965,-22.788742599999978],[-43.362568099999976,-22.788165599999957],[-43.363290699999936,-22.788380299999972],[-43.364168399999983,-22.788637199999982],[-43.364190299999962,-22.788434199999983],[-43.364213899999982,-22.787402799999938],[-43.364192199999934,-22.78734129999998],[-43.363933499999973,-22.786608899999976],[-43.363655299999948,-22.786108599999977],[-43.363520799999947,-22.785766099999933],[-43.363442099999929,-22.785522499999956],[-43.363328299999978,-22.785169799999949],[-43.363287,-22.785059199999978],[-43.363101699999959,-22.784318],[-43.363002499999936,-22.783942899999943],[-43.362502599999971,-22.783965199999955],[-43.362176899999952,-22.783953299999951],[-43.361742099999958,-22.783937399999957],[-43.361722699999973,-22.783934099999954],[-43.361404399999969,-22.783880599999975],[-43.361204899999962,-22.783847099999946],[-43.36111029999995,-22.783809899999937],[-43.360599899999954,-22.783607699999948],[-43.360206,-22.783441099999948],[-43.360030799999947,-22.783367],[-43.359351,-22.783143499999937],[-43.359137099999941,-22.783039],[-43.358685499999979,-22.78289639999997],[-43.358628499999952,-22.78289639999997],[-43.358647499999961,-22.783034199999975],[-43.35870929999993,-22.783153099999936],[-43.358880399999975,-22.783181599999978],[-43.359165599999983,-22.783547599999963],[-43.359332,-22.783714],[-43.359469799999943,-22.783899399999939],[-43.35950459999998,-22.784023699999977],[-43.359526899999935,-22.784103799999968],[-43.359555399999977,-22.78437],[-43.359557499999937,-22.784545],[-43.359540899999956,-22.78458],[-43.359486499999946,-22.784694899999977],[-43.35938109999995,-22.784804099999974],[-43.359339399999953,-22.784836899999959],[-43.359080199999937,-22.784971299999938],[-43.358960199999956,-22.784987299999955],[-43.358576199999959,-22.785097299999961],[-43.358456299999943,-22.785175199999969],[-43.358448299999964,-22.78529919999994],[-43.358456299999943,-22.785479199999941],[-43.358412499999986,-22.785619799999949],[-43.358380299999965,-22.785851199999968],[-43.358340099999964,-22.785928399999932],[-43.358312,-22.785906199999943],[-43.358283799999981,-22.785884],[-43.356743699999981,-22.785337299999981],[-43.356591899999955,-22.785258399999975],[-43.356563799999947,-22.785243699999967],[-43.356111399999975,-22.785018199999968],[-43.355835699999943,-22.784871499999952],[-43.355472899999938,-22.784793899999954],[-43.355130599999939,-22.784684599999935],[-43.354861199999959,-22.784572],[-43.354542599999945,-22.784601499999951],[-43.354307399999982,-22.784629399999972],[-43.354390599999931,-22.784752599999933],[-43.354471499999931,-22.784773499999972],[-43.354565899999955,-22.78479219999997],[-43.354663499999958,-22.784784499999944],[-43.354555599999969,-22.784838799999932],[-43.354435899999942,-22.784897299999955],[-43.354296699999963,-22.784936699999946],[-43.354192699999942,-22.784937099999979],[-43.354101299999968,-22.78488939999994],[-43.354005,-22.784733099999983],[-43.353914499999973,-22.784620599999982],[-43.353775799999937,-22.784495899999968],[-43.353727,-22.784466499999951],[-43.35361869999997,-22.784286799999961],[-43.353498299999956,-22.784117099999946],[-43.353444699999955,-22.784041499999944],[-43.353344899999968,-22.783961599999941],[-43.35325359999996,-22.783870399999955],[-43.353042699999946,-22.783773599999961],[-43.352942699999971,-22.783727799999951],[-43.352812399999948,-22.783670599999937],[-43.352517699999964,-22.78355769999996],[-43.352407,-22.783534599999939],[-43.35235229999995,-22.78351379999998],[-43.351918799999964,-22.783091699999943],[-43.351721699999985,-22.782957299999964],[-43.35149819999998,-22.782715799999949],[-43.35143869999996,-22.782651499999929],[-43.351339899999971,-22.782576099999972],[-43.351177199999938,-22.782451899999955],[-43.350907699999937,-22.782253099999934],[-43.350788699999953,-22.782178499999929],[-43.350784499999975,-22.781706499999927],[-43.35078649999997,-22.781460299999935],[-43.350724899999932,-22.781205099999966],[-43.350641899999971,-22.781006],[-43.35060459999994,-22.780869399999972],[-43.350578299999938,-22.780772899999931],[-43.350561199999959,-22.78030229999996],[-43.350675699999954,-22.779849299999967],[-43.350943299999983,-22.779636899999957],[-43.350975199999937,-22.779611599999953],[-43.351206899999966,-22.779466299999967],[-43.351255699999967,-22.779435699999965],[-43.351422,-22.779340699999977],[-43.351561199999935,-22.779097099999944],[-43.351713599999982,-22.778825199999972],[-43.351967699999932,-22.778342699999939],[-43.351999399999954,-22.778205499999956],[-43.351965099999973,-22.778057799999942],[-43.351928399999963,-22.777959299999964],[-43.350863,-22.77865909999997],[-43.350331899999958,-22.779008899999951],[-43.350202699999954,-22.779093899999964],[-43.349569499999973,-22.779510799999969],[-43.34955089999994,-22.779523099999949],[-43.349206599999945,-22.77968009999995],[-43.348925699999938,-22.779808099999968],[-43.348904399999981,-22.779817799999933],[-43.348538399999939,-22.779822599999932],[-43.348275699999931,-22.779757599999982],[-43.348226899999929,-22.779745499999933],[-43.34766419999994,-22.779606399999977],[-43.347136099999943,-22.77936619999997],[-43.347054699999944,-22.77930079999993],[-43.34662,-22.778950899999927],[-43.346257,-22.77953059999993],[-43.346104899999943,-22.779739799999959],[-43.346114399999976,-22.779777799999977],[-43.346123899999952,-22.779815799999938],[-43.346238,-22.779887099999939],[-43.34699379999995,-22.780215099999964],[-43.347231499999964,-22.780305399999975],[-43.347502399999939,-22.780481299999963],[-43.347716299999945,-22.780785499999979],[-43.347882699999957,-22.781118299999946],[-43.348106099999939,-22.781498599999964],[-43.348418899999956,-22.782092699999964],[-43.348281,-22.782126299999959],[-43.347906199999954,-22.78219619999993]]]]}},
{"type":"Feature","properties":{"CD_REGIAO":"3","NM_REGIAO":"Sudeste","CD_UF":"33","NM_UF":"Rio de Janeiro","CD_MUN":"3305109","NM_MUN":"São João de Meriti","CD_DIST":"330510905","NM_DIST":"São João de Meriti","CD_SUBDIST":"33051090500","NM_SUBDIST":null,"CD_BAIRRO":"3305109002","NM_BAIRRO":"Vilar dos Teles","CD_RGINT":"3301","NM_RGINT":"Rio de Janeiro","CD_RGI":"330001","NM_RGI":"Rio de Janeiro","CD_CONCURB":"3304557","NM_CONCURB":"Rio de Janeiro/RJ","renda_real_mean":1815.249762},"geometry":{"type":"MultiPolygon","coordinates":[[[[-43.347091499999976,-22.777186],[-43.346754699999963,-22.778096399999981],[-43.346707,-22.778225199999952],[-43.346473499999945,-22.778856399999938],[-43.346527599999945,-22.778876599999933],[-43.34662,-22.778950899999927],[-43.347054699999944,-22.77930079999993],[-43.347136099999943,-22.77936619999997],[-43.34766419999994,-22.779606399999977],[-43.348226899999929,-22.779745499999933],[-43.348275699999931,-22.779757599999982],[-43.348538399999939,-22.779822599999932],[-43.348904399999981,-22.779817799999933],[-43.348925699999938,-22.779808099999968],[-43.349206599999945,-22.77968009999995],[-43.34955089999994,-22.779523099999949],[-43.349569499999973,-22.779510799999969],[-43.350202699999954,-22.779093899999964],[-43.350331899999958,-22.779008899999951],[-43.350863,-22.77865909999997],[-43.351928399999963,-22.777959299999964],[-43.351965099999973,-22.778057799999942],[-43.351999399999954,-22.778205499999956],[-43.351967699999932,-22.778342699999939],[-43.351713599999982,-22.778825199999972],[-43.351561199999935,-22.779097099999944],[-43.351422,-22.779340699999977],[-43.351255699999967,-22.779435699999965],[-43.351206899999966,-22.779466299999967],[-43.350975199999937,-22.779611599999953],[-43.350943299999983,-22.779636899999957],[-43.350675699999954,-22.779849299999967],[-43.350561199999959,-22.78030229999996],[-43.350578299999938,-22.780772899999931],[-43.35060459999994,-22.780869399999972],[-43.350641899999971,-22.781006],[-43.350724899999932,-22.781205099999966],[-43.35078649999997,-22.781460299999935],[-43.350784499999975,-22.781706499999927],[-43.350788699999953,-22.782178499999929],[-43.350907699999937,-22.782253099999934],[-43.351177199999938,-22.782451899999955],[-43.351339899999971,-22.782576099999972],[-43.35143869999996,-22.782651499999929],[-43.35149819999998,-22.782715799999949],[-43.351721699999985,-22.782957299999964],[-43.351918799999964,-22.783091699999943],[-43.35235229999995,-22.78351379999998],[-43.352407,-22.783534599999939],[-43.352517699999964,-22.78355769999996],[-43.352812399999948,-22.783670599999937],[-43.352942699999971,-22.783727799999951],[-43.353042699999946,-22.783773599999961],[-43.35325359999996,-22.783870399999955],[-43.353344899999968,-22.783961599999941],[-43.353444699999955,-22.784041499999944],[-43.353498299999956,-22.784117099999946],[-43.35361869999997,-22.784286799999961],[-43.353727,-22.784466499999951],[-43.353775799999937,-22.784495899999968],[-43.353914499999973,-22.784620599999982],[-43.354005,-22.784733099999983],[-43.354101299999968,-22.78488939999994],[-43.354192699999942,-22.784937099999979],[-43.354296699999963,-22.784936699999946],[-43.354435899999942,-22.784897299999955],[-43.354555599999969,-22.784838799999932],[-43.354663499999958,-22.784784499999944],[-43.354565899999955,-22.78479219999997],[-43.354471499999931,-22.784773499999972],[-43.354390599999931,-22.784752599999933],[-43.354307399999982,-22.784629399999972],[-43.354542599999945,-22.784601499999951],[-43.354861199999959,-22.784572],[-43.355130599999939,-22.784684599999935],[-43.355472899999938,-22.784793899999954],[-43.355835699999943,-22.784871499999952],[-43.356111399999975,-22.785018199999968],[-43.356563799999947,-22.785243699999967],[-43.356591899999955,-22.785258399999975],[-43.356743699999981,-22.785337299999981],[-43.358283799999981,-22.785884],[-43.358312,-22.785906199999943],[-43.358340099999964,-22.785928399999932],[-43.358380299999965,-22.785851199999968],[-43.358412499999986,-22.785619799999949],[-43.358456299999943,-22.785479199999941],[-43.358448299999964,-22.78529919999994],[-43.358456299999943,-22.785175199999969],[-43.358576199999959,-22.785097299999961],[-43.358960199999956,-22.784987299999955],[-43.359080199999937,-22.784971299999938],[-43.359339399999953,-22.784836899999959],[-43.35938109999995,-22.784804099999974],[-43.359486499999946,-22.784694899999977],[-43.359540899999956,-22.78458],[-43.359557499999937,-22.784545],[-43.359555399999977,-22.78437],[-43.359526899999935,-22.784103799999968],[-43.35950459999998,-22.784023699999977],[-43.359469799999943,-22.783899399999939],[-43.359332,-22.783714],[-43.359165599999983,-22.783547599999963],[-43.358880399999975,-22.783181599999978],[-43.35870929999993,-22.783153099999936],[-43.358647499999961,-22.783034199999975],[-43.358628499999952,-22.78289639999997],[-43.358685499999979,-22.78289639999997],[-43.359137099999941,-22.783039],[-43.359351,-22.783143499999937],[-43.360030799999947,-22.783367],[-43.360206,-22.783441099999948],[-43.360599899999954,-22.783607699999948],[-43.36111029999995,-22.783809899999937],[-43.361204899999962,-22.783847099999946],[-43.361404399999969,-22.783880599999975],[-43.361722699999973,-22.783934099999954],[-43.361742099999958,-22.783937399999957],[-43.362176899999952,-22.783953299999951],[-43.362502599999971,-22.783965199999955],[-43.363002499999936,-22.783942899999943],[-43.363101699999959,-22.784318],[-43.363287,-22.785059199999978],[-43.363328299999978,-22.785169799999949],[-43.363442099999929,-22.785522499999956],[-43.363520799999947,-22.785766099999933],[-43.363655299999948,-22.786108599999977],[-43.363933499999973,-22.786608899999976],[-43.364192199999934,-22.78734129999998],[-43.364885299999969,-22.787150599999961],[-43.365392199999974,-22.786497],[-43.365485299999932,-22.786103899999944],[-43.365487099999939,-22.786089599999968],[-43.365531399999952,-22.785738],[-43.365677199999936,-22.785912],[-43.365950699999985,-22.785617599999966],[-43.366100299999971,-22.785456599999975],[-43.366278799999975,-22.785536399999955],[-43.366621,-22.785541099999932],[-43.366632099999947,-22.78554859999997],[-43.366673299999945,-22.785436599999969],[-43.366718099999957,-22.785246],[-43.366796399999942,-22.784913299999971],[-43.366809299999943,-22.784858399999962],[-43.366881799999931,-22.784550699999954],[-43.366938299999958,-22.784310599999969],[-43.367478899999981,-22.784508],[-43.368199899999979,-22.784771399999954],[-43.368149899999935,-22.784873799999957],[-43.367893199999969,-22.785263599999951],[-43.367867299999943,-22.785319799999968],[-43.368488899999932,-22.785593799999958],[-43.368891499999961,-22.784907099999941],[-43.369224199999962,-22.784251099999949],[-43.369442899999967,-22.783923099999981],[-43.369637799999964,-22.783504799999946],[-43.369664599999965,-22.783456299999955],[-43.36907709999997,-22.783208299999956],[-43.368745399999966,-22.783788099999981],[-43.367869599999949,-22.783450799999969],[-43.367788699999949,-22.783419599999945],[-43.368022499999938,-22.782763],[-43.367833299999972,-22.782683099999929],[-43.368073799999934,-22.782197599999961],[-43.368107899999984,-22.782113799999934],[-43.368240199999946,-22.781788799999958],[-43.368362899999966,-22.781507499999975],[-43.368613,-22.780929899999933],[-43.368891599999984,-22.78028],[-43.36913409999994,-22.779686],[-43.369371399999977,-22.779097399999955],[-43.369447599999944,-22.778908099999967],[-43.369842199999937,-22.778052499999944],[-43.370057299999985,-22.777573],[-43.370721199999934,-22.777819099999931],[-43.371140199999957,-22.77678439999994],[-43.371230199999957,-22.776564599999972],[-43.371463099999971,-22.776336399999934],[-43.37308969999998,-22.775518699999964],[-43.37466969999997,-22.774741499999948],[-43.374754699999983,-22.77470059999996],[-43.374345699999935,-22.774377399999935],[-43.37407479999996,-22.774077899999952],[-43.374795399999982,-22.773398699999973],[-43.374891799999943,-22.773318399999937],[-43.375643499999967,-22.772678499999927],[-43.375847499999963,-22.772494],[-43.376484199999936,-22.771892599999944],[-43.376555699999983,-22.771825099999944],[-43.376624,-22.771760499999971],[-43.376921599999946,-22.771479399999976],[-43.377570299999945,-22.770868199999938],[-43.378183299999932,-22.771163499999943],[-43.378728399999943,-22.771426],[-43.378816899999947,-22.771259599999951],[-43.378978599999982,-22.770998099999929],[-43.379254299999957,-22.770907799999975],[-43.379416099999958,-22.770847599999968],[-43.379568,-22.770950599999935],[-43.379864,-22.771376799999928],[-43.380775399999948,-22.770679599999937],[-43.380805299999963,-22.770657799999981],[-43.381179499999973,-22.770384899999954],[-43.38152649999995,-22.76974789999997],[-43.381832,-22.769252199999983],[-43.381259099999966,-22.768990299999928],[-43.380784,-22.768730399999981],[-43.381168799999955,-22.768298],[-43.380984599999977,-22.768217299999947],[-43.380731799999978,-22.768142299999965],[-43.381256099999973,-22.767642599999931],[-43.381616,-22.767229699999973],[-43.381759,-22.767093],[-43.381821499999944,-22.76703329999998],[-43.382050799999945,-22.76678469999996],[-43.382166599999948,-22.766736399999957],[-43.382182599999965,-22.766710799999942],[-43.382709899999952,-22.766047499999956],[-43.381778899999972,-22.765901799999938],[-43.38144049999994,-22.76584859999997],[-43.381154599999945,-22.765846099999976],[-43.380984399999932,-22.765881499999978],[-43.380821399999945,-22.765895499999942],[-43.38062089999994,-22.765889699999946],[-43.380450099999962,-22.765850099999966],[-43.379132199999958,-22.765543899999955],[-43.378966299999945,-22.765510099999972],[-43.377891599999941,-22.765291299999944],[-43.377165399999967,-22.765169599999979],[-43.375949799999944,-22.76496579999997],[-43.375643299999979,-22.764897899999937],[-43.375596099999939,-22.764887399999964],[-43.373998599999936,-22.764533299999982],[-43.373964699999931,-22.764516],[-43.373856799999942,-22.76446059999995],[-43.373700399999962,-22.764362899999981],[-43.373414699999955,-22.764264099999934],[-43.373195,-22.764236599999947],[-43.372946399999933,-22.764239299999929],[-43.372669,-22.764220199999954],[-43.37256919999993,-22.764184499999942],[-43.372530599999948,-22.764170699999966],[-43.372453399999984,-22.764143199999978],[-43.372134799999969,-22.764071799999954],[-43.371898599999952,-22.764055299999939],[-43.371618499999954,-22.764082799999983],[-43.37150639999993,-22.764121899999964],[-43.371394,-22.764161199999933],[-43.371280899999931,-22.76416729999994],[-43.371205499999974,-22.764171399999952],[-43.370485799999983,-22.764020799999969],[-43.369539199999963,-22.763822799999957],[-43.368407199999979,-22.763586],[-43.367418399999963,-22.763379199999974],[-43.366675799999939,-22.763223799999935],[-43.365811899999983,-22.763043099999948],[-43.365608899999984,-22.763000599999941],[-43.36556,-22.762992399999973],[-43.364988499999981,-22.762896699999942],[-43.363607799999954,-22.762665199999958],[-43.363176199999941,-22.762592899999959],[-43.36235419999997,-22.762490799999966],[-43.362302099999965,-22.762484299999983],[-43.362196199999971,-22.762463499999967],[-43.35845089999998,-22.761727699999938],[-43.355479599999967,-22.761144],[-43.355470699999955,-22.761142399999983],[-43.353512299999977,-22.760799],[-43.353459499999985,-22.760789699999975],[-43.35345719999998,-22.760801399999934],[-43.353381299999967,-22.76117759999994],[-43.353359499999954,-22.761285],[-43.353349199999968,-22.761363399999937],[-43.353306,-22.761617099999967],[-43.353290499999957,-22.761697],[-43.353200799999968,-22.762132899999983],[-43.353182,-22.762224199999935],[-43.353101399999957,-22.762616],[-43.353053599999953,-22.762848199999951],[-43.35301149999998,-22.763052499999958],[-43.352924199999961,-22.763476699999956],[-43.352592,-22.763416399999983],[-43.350871,-22.763104],[-43.350351399999965,-22.763009699999941],[-43.350214899999969,-22.762977799999931],[-43.349914099999978,-22.762907499999983],[-43.348845899999958,-22.76270089999997],[-43.347428299999933,-22.762439899999947],[-43.346362299999953,-22.762243099999978],[-43.345986299999936,-22.762171099999932],[-43.345882399999937,-22.762653199999932],[-43.345766199999957,-22.763191399999982],[-43.345761099999947,-22.763239],[-43.34572449999996,-22.763575099999969],[-43.345716299999935,-22.76365009999995],[-43.346022399999981,-22.763717],[-43.345954899999981,-22.76407839999996],[-43.345906099999979,-22.764340199999936],[-43.346934499999975,-22.76455459999994],[-43.346852599999977,-22.764912799999934],[-43.346751299999937,-22.765356299999951],[-43.346627299999966,-22.765998699999955],[-43.346494399999983,-22.766692299999931],[-43.346455,-22.766692699999965],[-43.345703899999933,-22.766607099999931],[-43.345506,-22.766651099999933],[-43.345447199999967,-22.76666419999998],[-43.344848199999944,-22.76694939999993],[-43.344510699999944,-22.76713],[-43.343935599999952,-22.767377199999942],[-43.343816,-22.767349199999956],[-43.343699499999957,-22.767694199999937],[-43.344048699999973,-22.768214299999954],[-43.344163199999969,-22.768499099999929],[-43.344325199999957,-22.768919599999947],[-43.344369,-22.768978199999935],[-43.344470199999932,-22.768993199999954],[-43.344563599999958,-22.768973699999947],[-43.344689199999948,-22.768895399999963],[-43.344712099999981,-22.768711399999972],[-43.344721599999957,-22.768573599999968],[-43.344617,-22.768354899999963],[-43.344670399999984,-22.768089299999929],[-43.344913299999973,-22.768026199999952],[-43.345330699999977,-22.767980699999953],[-43.345448699999963,-22.768079],[-43.345714799999939,-22.768280899999979],[-43.346078499999976,-22.768613599999981],[-43.346305,-22.768310399999962],[-43.346399599999984,-22.768183799999974],[-43.346585,-22.76774649999993],[-43.346599199999957,-22.767385199999978],[-43.346594299999936,-22.766691099999946],[-43.34687329999997,-22.766688],[-43.347053799999969,-22.766672399999948],[-43.347074299999974,-22.766670599999941],[-43.347312899999963,-22.766650099999936],[-43.347424699999976,-22.766640399999972],[-43.348114799999962,-22.766786899999943],[-43.348336899999936,-22.766821099999959],[-43.34814,-22.767507599999931],[-43.347980099999972,-22.768053099999975],[-43.347877899999958,-22.76839769999998],[-43.347824699999933,-22.768524099999979],[-43.347801899999979,-22.768578299999945],[-43.347714499999938,-22.768614299999967],[-43.347597499999949,-22.768630599999938],[-43.347239,-22.768536199999971],[-43.347080499999947,-22.768558799999937],[-43.347,-22.768600899999967],[-43.346815,-22.768702099999928],[-43.346687799999984,-22.76880959999994],[-43.346659399999965,-22.768968099999938],[-43.346716199999946,-22.769299299999943],[-43.346708099999944,-22.769351299999983],[-43.346437299999934,-22.769093699999928],[-43.346303099999943,-22.768885599999976],[-43.345901,-22.769348799999932],[-43.345883399999934,-22.769383799999957],[-43.345572799999957,-22.770000799999934],[-43.345622399999968,-22.771505299999944],[-43.346496099999968,-22.772533199999941],[-43.346530099999939,-22.772675299999946],[-43.346388399999967,-22.772666299999969],[-43.346329699999956,-22.772704799999929],[-43.346326199999965,-22.772788099999957],[-43.346386499999937,-22.77292609999995],[-43.346484099999941,-22.773052399999983],[-43.346793299999945,-22.773283299999946],[-43.346830099999977,-22.773327399999971],[-43.346697699999936,-22.773726199999942],[-43.346464,-22.774430199999983],[-43.346466,-22.774492499999951],[-43.346472,-22.774512499999958],[-43.346482,-22.774545799999942],[-43.346502299999941,-22.774586299999953],[-43.346526799999936,-22.77462369999995],[-43.346569299999942,-22.774661199999969],[-43.346909299999936,-22.774851],[-43.346830099999977,-22.775048199999958],[-43.346695799999964,-22.774930499999982],[-43.346504,-22.774868199999958],[-43.34641849999997,-22.774869499999966],[-43.346352899999943,-22.774890899999946],[-43.346058199999959,-22.775056199999938],[-43.345999499999948,-22.775114599999938],[-43.345975499999952,-22.775185399999941],[-43.345971599999984,-22.77523309999998],[-43.346415799999932,-22.775628],[-43.346549599999946,-22.775747],[-43.346643,-22.775941499999931],[-43.346782499999961,-22.776231799999948],[-43.34698359999993,-22.77714409999993],[-43.347048699999959,-22.777173],[-43.347091499999976,-22.777186]]]]}},
{"type":"Feature","properties":{"CD_REGIAO":"3","NM_REGIAO":"Sudeste","CD_UF":"33","NM_UF":"Rio de Janeiro","CD_MUN":"3305109","NM_MUN":"São João de Meriti","CD_DIST":"330510905","NM_DIST":"São João de Meriti","CD_SUBDIST":"33051090500","NM_SUBDIST":null,"CD_BAIRRO":"3305109009","NM_BAIRRO":"Parque Araruama","CD_RGINT":"3301","NM_RGINT":"Rio de Janeiro","CD_RGI":"330001","NM_RGI":"Rio de Janeiro","CD_CONCURB":"3304557","NM_CONCURB":"Rio de Janeiro/RJ","renda_real_mean":1775.720581},"geometry":{"type":"MultiPolygon","coordinates":[[[[-43.334248399999979,-22.790399399999956],[-43.334428,-22.789262399999927],[-43.33537629999995,-22.788592199999982],[-43.335276499999964,-22.788399599999934],[-43.335333499999933,-22.788257],[-43.335511799999949,-22.788085899999942],[-43.335797,-22.787708],[-43.336032299999943,-22.787586799999929],[-43.336253299999953,-22.787536899999964],[-43.336795199999983,-22.787044899999955],[-43.33733,-22.787002099999938],[-43.337562899999966,-22.787025899999946],[-43.337749299999984,-22.787007699999947],[-43.337935799999968,-22.786862299999939],[-43.337993099999949,-22.786752499999977],[-43.338266499999975,-22.786451099999965],[-43.338720399999943,-22.786003799999946],[-43.338549299999954,-22.785832699999958],[-43.338235599999962,-22.785369199999934],[-43.338157099999933,-22.785126799999944],[-43.338106,-22.785073799999964],[-43.337736499999949,-22.784706099999937],[-43.337712099999976,-22.784633199999973],[-43.337486899999931,-22.783957399999963],[-43.336624099999938,-22.783059],[-43.336460099999954,-22.782731],[-43.335761299999945,-22.782296],[-43.335404799999935,-22.782274599999937],[-43.335198,-22.782217599999967],[-43.334586199999933,-22.781528299999934],[-43.334128499999963,-22.781312],[-43.333750599999973,-22.781176599999981],[-43.333461099999965,-22.781038699999954],[-43.333302499999945,-22.781045799999958],[-43.332947699999977,-22.781077899999957],[-43.332405799999947,-22.781452299999955],[-43.332154399999979,-22.781854199999941],[-43.331953,-22.782176],[-43.331489599999941,-22.782546799999977],[-43.331425699999954,-22.782572],[-43.331187099999966,-22.782666199999937],[-43.331065299999977,-22.782714299999952],[-43.330529499999955,-22.782788099999948],[-43.330520199999967,-22.782789299999934],[-43.330027799999982,-22.782935399999928],[-43.329919399999937,-22.783001399999932],[-43.329535799999974,-22.783234899999968],[-43.329285299999981,-22.783329299999934],[-43.329284799999982,-22.783339299999966],[-43.329284499999972,-22.783345],[-43.329284,-22.783355899999947],[-43.329282099999944,-22.783397],[-43.329281499999979,-22.783409499999948],[-43.329280399999959,-22.783431899999982],[-43.329273899999976,-22.78357079999995],[-43.329271499999948,-22.783622399999956],[-43.329269699999941,-22.78366079999995],[-43.329267199999947,-22.783713399999954],[-43.329264399999943,-22.783772899999974],[-43.32924369999995,-22.784214299999974],[-43.329241799999977,-22.784253799999931],[-43.329241099999933,-22.784270399999969],[-43.329240299999981,-22.784287],[-43.329240199999958,-22.784288599999968],[-43.329239899999948,-22.784294899999963],[-43.329238199999963,-22.784330899999929],[-43.329236799999933,-22.784361599999954],[-43.329203299999961,-22.785074],[-43.329201299999966,-22.785117799999966],[-43.329200199999946,-22.785141199999941],[-43.329200199999946,-22.785148],[-43.329200299999968,-22.78515479999993],[-43.329200599999979,-22.785180399999945],[-43.329201199999943,-22.78523569999993],[-43.329213299999935,-22.786371199999962],[-43.329258899999957,-22.786928599999953],[-43.329262299999982,-22.78696919999993],[-43.329263599999933,-22.786985499999957],[-43.329265,-22.787002199999961],[-43.329265699999951,-22.787010699999939],[-43.329268199999944,-22.787042],[-43.329270399999984,-22.787068799999929],[-43.329272599999967,-22.78709559999993],[-43.329435899999964,-22.789088399999969],[-43.329437399999961,-22.789106299999958],[-43.329442,-22.789162399999952],[-43.329445499999963,-22.78920549999998],[-43.329453799999953,-22.789306499999952],[-43.329481199999975,-22.789640599999927],[-43.329483399999958,-22.789667799999961],[-43.329485,-22.789687699999945],[-43.329486399999951,-22.789704099999938],[-43.329486599999939,-22.789706399999943],[-43.329489699999954,-22.789744299999938],[-43.329566599999964,-22.790682699999934],[-43.329750499999932,-22.792169099999967],[-43.329754699999967,-22.792203399999948],[-43.329755699999964,-22.79221119999994],[-43.329758099999935,-22.792230299999972],[-43.32975829999998,-22.792232499999955],[-43.329761,-22.792253699999947],[-43.32977,-22.792326299999957],[-43.329771099999959,-22.792335899999955],[-43.329861,-22.793061799999975],[-43.330094299999985,-22.794946799999934],[-43.330096499999968,-22.794964799999946],[-43.330097799999976,-22.79497989999993],[-43.330100099999981,-22.795005599999968],[-43.33014959999997,-22.795559899999944],[-43.330236099999979,-22.796527899999944],[-43.330287599999963,-22.797105],[-43.330514799999946,-22.798988299999962],[-43.330686399999934,-22.800410699999929],[-43.33080949999993,-22.801430799999935],[-43.33086389999994,-22.802070499999957],[-43.330873399999973,-22.802182699999946],[-43.330874399999971,-22.802195099999949],[-43.330914499999949,-22.802665799999943],[-43.331663899999967,-22.802720699999952],[-43.33221919999994,-22.802761299999929],[-43.333837099999982,-22.802879599999983],[-43.333921,-22.802885799999956],[-43.334440699999959,-22.802923799999974],[-43.33479049999994,-22.802941199999964],[-43.337326,-22.803067699999929],[-43.338103499999932,-22.803099499999973],[-43.340035099999966,-22.803178499999945],[-43.341538799999967,-22.803292299999953],[-43.34250359999993,-22.803365399999961],[-43.345240899999965,-22.803555199999948],[-43.34541459999997,-22.803567299999941],[-43.345441199999982,-22.803567599999951],[-43.34629579999995,-22.803578],[-43.346744699999931,-22.803616299999931],[-43.346816,-22.803622299999972],[-43.346907499999929,-22.803630099999964],[-43.346962899999937,-22.803634799999941],[-43.347009499999956,-22.803638799999931],[-43.347070099999939,-22.80364389999994],[-43.347218299999952,-22.803656599999954],[-43.347404099999949,-22.80367339999998],[-43.347458499999959,-22.803636],[-43.34755569999993,-22.803586199999927],[-43.34809649999994,-22.803287499999954],[-43.351002299999948,-22.801683799999978],[-43.351720099999966,-22.80129119999998],[-43.351662199999964,-22.801054499999964],[-43.351635899999962,-22.800948],[-43.351626799999963,-22.800889899999959],[-43.351625,-22.800878599999976],[-43.351588499999934,-22.800827499999968],[-43.351533699999948,-22.800791],[-43.351431399999967,-22.800769099999968],[-43.351110099999971,-22.800812899999983],[-43.350916799999936,-22.800846399999955],[-43.350588799999969,-22.800903199999937],[-43.350456399999985,-22.80092609999997],[-43.350135,-22.80092609999997],[-43.349927499999978,-22.800844199999972],[-43.349827299999959,-22.800804599999935],[-43.349187799999982,-22.800549799999942],[-43.348955,-22.800495499999954],[-43.34856039999994,-22.800403599999981],[-43.34810779999998,-22.800379499999963],[-43.347890099999972,-22.800368],[-43.347817099999929,-22.800365699999929],[-43.347369699999945,-22.800351699999965],[-43.347205599999938,-22.800346599999955],[-43.346136,-22.800392899999963],[-43.345815199999947,-22.800357299999973],[-43.344770599999947,-22.800196799999981],[-43.344725099999948,-22.800181],[-43.344519199999979,-22.800103099999944],[-43.344182299999943,-22.799783299999945],[-43.34389,-22.799480199999948],[-43.343872699999963,-22.799471199999971],[-43.343526,-22.799289],[-43.34340149999997,-22.799223599999948],[-43.343214899999964,-22.799125499999946],[-43.342756099999974,-22.797788799999978],[-43.342435399999943,-22.796785],[-43.342257099999983,-22.796193099999982],[-43.341970599999968,-22.795417199999974],[-43.341920399999935,-22.795222199999955],[-43.341883799999948,-22.795025299999963],[-43.341876499999955,-22.794953299999975],[-43.341834399999982,-22.794531199999938],[-43.342459499999961,-22.79368089999997],[-43.342601899999977,-22.793487299999981],[-43.343333799999982,-22.79249249999998],[-43.343440799999939,-22.792264299999943],[-43.343526299999951,-22.792029],[-43.343531299999938,-22.791921099999968],[-43.343588799999964,-22.790533799999935],[-43.343621799999937,-22.789739099999963],[-43.343436499999939,-22.789851299999953],[-43.343359799999973,-22.789860899999951],[-43.342528099999981,-22.788064499999962],[-43.342488499999945,-22.788036699999964],[-43.342442499999947,-22.788128699999959],[-43.342556599999966,-22.789576099999977],[-43.342155399999967,-22.789585399999964],[-43.341886,-22.789594299999976],[-43.341708099999948,-22.789600299999961],[-43.341092,-22.789808499999936],[-43.340803899999969,-22.789805699999931],[-43.340216399999974,-22.789691599999969],[-43.339952599999947,-22.789521399999956],[-43.33970869999996,-22.789363599999945],[-43.33933589999998,-22.788851799999975],[-43.339311899999984,-22.788818799999945],[-43.338791699999945,-22.788128699999959],[-43.338339699999949,-22.788105799999983],[-43.337946099999954,-22.788128599999936],[-43.337882499999978,-22.788131799999974],[-43.337549599999932,-22.788148599999943],[-43.337121799999977,-22.788291199999946],[-43.336965,-22.788382499999955],[-43.336676899999929,-22.788656299999957],[-43.336467,-22.788814499999944],[-43.336332199999958,-22.789650299999948],[-43.336324599999955,-22.789697399999966],[-43.336645499999975,-22.790053899999975],[-43.337474499999985,-22.790253099999973],[-43.336474399999929,-22.79249249999998],[-43.336165199999982,-22.793187699999976],[-43.335779799999955,-22.794054299999971],[-43.33551209999996,-22.794656299999929],[-43.335253099999932,-22.795238899999958],[-43.33501659999996,-22.795770499999946],[-43.334838399999967,-22.795781199999965],[-43.334625099999982,-22.795781199999965],[-43.334624699999949,-22.79594869999994],[-43.334675299999958,-22.796123],[-43.334881899999971,-22.796629799999948],[-43.33513279999994,-22.797221],[-43.335340799999983,-22.797771499999953],[-43.335457,-22.798035199999958],[-43.335507599999971,-22.798220799999967],[-43.335527499999955,-22.798386599999958],[-43.335580799999946,-22.798783199999946],[-43.335698899999954,-22.799300599999981],[-43.335731,-22.799477099999933],[-43.335698899999954,-22.79949739999995],[-43.335535799999946,-22.799643599999968],[-43.335111799999936,-22.800165399999969],[-43.33497959999994,-22.800327699999968],[-43.334799,-22.800599699999964],[-43.334658399999967,-22.800886599999956],[-43.334621899999945,-22.800973699999929],[-43.334488,-22.801281099999983],[-43.334354699999949,-22.801567099999943],[-43.33423659999994,-22.801718899999969],[-43.33405659999994,-22.801808899999969],[-43.333848599999953,-22.801893299999961],[-43.333590799999968,-22.801894499999946],[-43.333483,-22.801853899999969],[-43.333280499999944,-22.801763899999969],[-43.333083699999975,-22.801651399999969],[-43.332915,-22.801449],[-43.332746199999974,-22.801055299999973],[-43.332673099999965,-22.800830299999973],[-43.332566299999939,-22.800549099999955],[-43.332543799999939,-22.800357899999938],[-43.332541099999958,-22.800037],[-43.332563199999981,-22.799708],[-43.332609899999966,-22.799496899999951],[-43.332865199999958,-22.799091799999928],[-43.332999299999983,-22.798254499999928],[-43.333046499999966,-22.797675099999935],[-43.333246799999984,-22.79532439999997],[-43.333254599999975,-22.795293499999957],[-43.333137799999975,-22.795228599999973],[-43.332923899999969,-22.795121699999982],[-43.332793699999968,-22.795084199999962],[-43.333365499999957,-22.794688599999972],[-43.333478699999944,-22.794392199999947],[-43.332492599999966,-22.794158099999947],[-43.331189,-22.793848699999955],[-43.331348299999945,-22.793060099999934],[-43.331499,-22.792291],[-43.331620599999951,-22.791636299999936],[-43.331767699999943,-22.790875799999981],[-43.331993399999931,-22.790925],[-43.333079199999929,-22.791161599999953],[-43.333886,-22.791337299999952],[-43.334185499999933,-22.790759799999933],[-43.334319899999969,-22.790645799999936],[-43.334684899999957,-22.790337699999952],[-43.334248399999979,-22.790399399999956]]]]}},
{"type":"Feature","properties":{"CD_REGIAO":"3","NM_REGIAO":"Sudeste","CD_UF":"33","NM_UF":"Rio de Janeiro","CD_MUN":"3305109","NM_MUN":"São João de Meriti","CD_DIST":"330510905","NM_DIST":"São João de Meriti","CD_SUBDIST":"33051090500","NM_SUBDIST":null,"CD_BAIRRO":"3305109012","NM_BAIRRO":"Jardim Paraíso","CD_RGINT":"3301","NM_RGINT":"Rio de Janeiro","CD_RGI":"330001","NM_RGI":"Rio de Janeiro","CD_CONCURB":"3304557","NM_CONCURB":"Rio de Janeiro/RJ","renda_real_mean":1575.3025},"geometry":{"type":"MultiPolygon","coordinates":[[[[-43.345906099999979,-22.764340199999936],[-43.345954899999981,-22.76407839999996],[-43.346022399999981,-22.763717],[-43.345716299999935,-22.76365009999995],[-43.34572449999996,-22.763575099999969],[-43.345761099999947,-22.763239],[-43.345766199999957,-22.763191399999982],[-43.345882399999937,-22.762653199999932],[-43.345986299999936,-22.762171099999932],[-43.346362299999953,-22.762243099999978],[-43.347428299999933,-22.762439899999947],[-43.348845899999958,-22.76270089999997],[-43.349914099999978,-22.762907499999983],[-43.350214899999969,-22.762977799999931],[-43.350351399999965,-22.763009699999941],[-43.350871,-22.763104],[-43.352592,-22.763416399999983],[-43.352924199999961,-22.763476699999956],[-43.35301149999998,-22.763052499999958],[-43.353053599999953,-22.762848199999951],[-43.353101399999957,-22.762616],[-43.353182,-22.762224199999935],[-43.353200799999968,-22.762132899999983],[-43.353290499999957,-22.761697],[-43.353306,-22.761617099999967],[-43.353349199999968,-22.761363399999937],[-43.353359499999954,-22.761285],[-43.353381299999967,-22.76117759999994],[-43.35345719999998,-22.760801399999934],[-43.353459499999985,-22.760789699999975],[-43.35331519999994,-22.760764399999971],[-43.351259,-22.760403799999949],[-43.349621799999966,-22.760116699999969],[-43.349590899999953,-22.760111199999983],[-43.347371599999974,-22.759675099999981],[-43.343547299999955,-22.75892349999998],[-43.34346869999996,-22.759310199999959],[-43.343426699999952,-22.759437099999957],[-43.343415199999981,-22.759469599999932],[-43.343314,-22.759753899999964],[-43.343286499999977,-22.759829299999979],[-43.343157599999984,-22.760336499999937],[-43.34301819999996,-22.760885199999962],[-43.34295469999995,-22.761135199999956],[-43.34286359999993,-22.761494],[-43.342771299999981,-22.761853299999927],[-43.342434699999956,-22.762054099999943],[-43.342236299999968,-22.763250699999958],[-43.342210099999932,-22.763408799999979],[-43.342045499999983,-22.763667199999929],[-43.341596899999956,-22.764371399999959],[-43.341194,-22.764214599999946],[-43.340683299999966,-22.764109299999973],[-43.340395399999977,-22.765285399999982],[-43.340202899999952,-22.766072],[-43.340869699999985,-22.76673889999995],[-43.340921799999933,-22.766670899999951],[-43.340964699999972,-22.766639899999973],[-43.341483699999969,-22.766614699999934],[-43.341872499999965,-22.766607099999931],[-43.34249049999994,-22.76713959999995],[-43.342694899999969,-22.767258399999946],[-43.342771,-22.767259],[-43.343293799999969,-22.76726309999998],[-43.34363129999997,-22.76730589999994],[-43.343816,-22.767349199999956],[-43.343935599999952,-22.767377199999942],[-43.344510699999944,-22.76713],[-43.344848199999944,-22.76694939999993],[-43.345447199999967,-22.76666419999998],[-43.345506,-22.766651099999933],[-43.345703899999933,-22.766607099999931],[-43.346455,-22.766692699999965],[-43.346494399999983,-22.766692299999931],[-43.346627299999966,-22.765998699999955],[-43.346751299999937,-22.765356299999951],[-43.346852599999977,-22.764912799999934],[-43.346934499999975,-22.76455459999994],[-43.345906099999979,-22.764340199999936]]]]}},
{"type":"Feature","properties":{"CD_REGIAO":"3","NM_REGIAO":"Sudeste","CD_UF":"33","NM_UF":"Rio de Janeiro","CD_MUN":"3305109","NM_MUN":"São João de Meriti","CD_DIST":"330510905","NM_DIST":"São João de Meriti","CD_SUBDIST":"33051090500","NM_SUBDIST":null,"CD_BAIRRO":"3305109005","NM_BAIRRO":"Engenheiro Belford","CD_RGINT":"3301","NM_RGINT":"Rio de Janeiro","CD_RGI":"330001","NM_RGI":"Rio de Janeiro","CD_CONCURB":"3304557","NM_CONCURB":"Rio de Janeiro/RJ","renda_real_mean":2147.498462},"geometry":{"type":"MultiPolygon","coordinates":[[[[-43.378663,-22.810749],[-43.379435799999953,-22.810638],[-43.379518,-22.810626099999979],[-43.379606199999955,-22.810629],[-43.379654499999958,-22.810647499999959],[-43.37971239999996,-22.810675799999956],[-43.379812099999981,-22.810750499999983],[-43.379814299999964,-22.810745899999972],[-43.380941,-22.80993449999994],[-43.382169599999941,-22.809044],[-43.382150099999933,-22.809033199999931],[-43.382128299999977,-22.809021099999939],[-43.382122399999957,-22.809017899999958],[-43.381892299999947,-22.808890499999961],[-43.380985599999974,-22.808453399999962],[-43.38054,-22.808133899999973],[-43.380217699999946,-22.807902899999931],[-43.380547599999943,-22.806311199999982],[-43.380575499999964,-22.80616509999993],[-43.380686899999944,-22.805579899999941],[-43.380694,-22.805534],[-43.380723399999965,-22.805344],[-43.381195699999978,-22.805413499999929],[-43.381263,-22.805430799999954],[-43.381320899999935,-22.805296],[-43.381343399999935,-22.805243699999949],[-43.38192429999998,-22.803879699999982],[-43.382559399999934,-22.802358699999957],[-43.381906699999945,-22.802246299999979],[-43.38154,-22.802183199999945],[-43.379978799999947,-22.80191439999993],[-43.37985249999997,-22.801892599999974],[-43.378932099999986,-22.801734199999942],[-43.378150099999971,-22.801606099999958],[-43.376715,-22.801377199999934],[-43.376000399999953,-22.801368899999943],[-43.375668399999938,-22.801465199999939],[-43.375243299999966,-22.801624599999968],[-43.374768399999937,-22.801873699999931],[-43.374160199999949,-22.802145399999972],[-43.373817899999949,-22.802713599999947],[-43.373684899999944,-22.802934499999935],[-43.373622,-22.803029599999945],[-43.373509,-22.803200699999934],[-43.373484799999972,-22.803308699999945],[-43.373314099999959,-22.804071799999974],[-43.373276,-22.804241699999977],[-43.373309399999982,-22.804259299999956],[-43.37463189999994,-22.804955299999961],[-43.374606799999981,-22.805034099999943],[-43.374590399999931,-22.805085499999961],[-43.374201699999958,-22.806259799999964],[-43.37402,-22.806773],[-43.37397889999994,-22.806927599999938],[-43.373882899999955,-22.807289],[-43.37383959999994,-22.807452399999931],[-43.37383879999993,-22.807454699999937],[-43.373961,-22.807472699999948],[-43.374129299999936,-22.807494799999972],[-43.374219899999957,-22.807518899999934],[-43.374284399999965,-22.807536],[-43.374509,-22.807641199999978],[-43.374574699999982,-22.807685899999967],[-43.374847299999942,-22.807871499999976],[-43.374850199999969,-22.807873599999937],[-43.375104499999964,-22.808067299999948],[-43.375149199999953,-22.808101199999953],[-43.375351099999932,-22.808247599999959],[-43.375354199999947,-22.808249599999954],[-43.375535299999967,-22.808366099999944],[-43.375607699999932,-22.808408099999951],[-43.375765499999943,-22.80849969999997],[-43.375845099999935,-22.808570799999927],[-43.375924699999985,-22.808641899999941],[-43.376129599999956,-22.808914099999981],[-43.376183,-22.808984899999928],[-43.376266199999975,-22.809095499999955],[-43.376322699999946,-22.809170599999959],[-43.37635679999994,-22.809278699999936],[-43.376447799999937,-22.80990689999993],[-43.376512499999933,-22.81032289999996],[-43.376513199999977,-22.810327599999937],[-43.376546,-22.810484899999949],[-43.376632599999937,-22.810623299999975],[-43.376734899999974,-22.810739799999965],[-43.376767599999937,-22.810763699999939],[-43.376771799999972,-22.810766799999953],[-43.376840099999981,-22.810816599999953],[-43.376887,-22.810837899999967],[-43.376933899999983,-22.810859199999982],[-43.376996499999962,-22.81087059999993],[-43.377169899999956,-22.810887699999967],[-43.377866099999949,-22.810834299999954],[-43.377950899999973,-22.810825799999975],[-43.378548599999931,-22.81076539999998],[-43.378663,-22.810749]]]]}},
{"type":"Feature","properties":{"CD_REGIAO":"3","NM_REGIAO":"Sudeste","CD_UF":"33","NM_UF":"Rio de Janeiro","CD_MUN":"3305109","NM_MUN":"São João de Meriti","CD_DIST":"330510910","NM_DIST":"Coelho da Rocha","CD_SUBDIST":"33051091000","NM_SUBDIST":null,"CD_BAIRRO":"3305109006","NM_BAIRRO":"Agostinho Porto","CD_RGINT":"3301","NM_RGINT":"Rio de Janeiro","CD_RGI":"330001","NM_RGI":"Rio de Janeiro","CD_CONCURB":"3304557","NM_CONCURB":"Rio de Janeiro/RJ","renda_real_mean":2054.929362},"geometry":{"type":"MultiPolygon","coordinates":[[[[-43.383138599999938,-22.793196],[-43.383426799999938,-22.792763799999932],[-43.383695099999954,-22.792361299999982],[-43.38426869999995,-22.79150089999996],[-43.383290399999964,-22.790984199999968],[-43.38380079999996,-22.79014589999997],[-43.384892799999932,-22.790739799999983],[-43.385079899999937,-22.790523699999937],[-43.385426199999984,-22.790123599999959],[-43.385565399999962,-22.789930699999957],[-43.386192799999947,-22.789061199999935],[-43.386819899999978,-22.788192299999935],[-43.387303599999939,-22.78844289999995],[-43.38824429999994,-22.786871],[-43.38841629999996,-22.786584299999959],[-43.388532099999964,-22.786402599999974],[-43.389255399999968,-22.785268099999939],[-43.388317499999971,-22.784769599999947],[-43.387387,-22.784282],[-43.386445099999946,-22.783792699999935],[-43.385503299999982,-22.783303299999943],[-43.38504439999997,-22.783064899999943],[-43.385029599999939,-22.783054799999945],[-43.384916699999962,-22.782977899999935],[-43.384857699999941,-22.782937599999968],[-43.384570899999972,-22.783011899999963],[-43.383699899999954,-22.783237499999927],[-43.383647399999973,-22.783251099999973],[-43.382981899999947,-22.783472899999936],[-43.381968699999959,-22.783994499999949],[-43.381400199999973,-22.784355699999935],[-43.380739699999936,-22.784775399999944],[-43.380543299999943,-22.784900099999959],[-43.380502299999932,-22.784926199999973],[-43.380336599999964,-22.785031499999945],[-43.380170699999951,-22.785136899999941],[-43.380177299999957,-22.785229099999981],[-43.379981599999951,-22.785701],[-43.37991,-22.785827899999958],[-43.379439099999956,-22.786663199999964],[-43.378957599999978,-22.787535499999933],[-43.378541299999938,-22.788303699999972],[-43.37848159999993,-22.788415199999974],[-43.378260499999953,-22.788828399999943],[-43.377984399999946,-22.789329699999939],[-43.377779699999962,-22.789701299999933],[-43.377604699999949,-22.789997299999982],[-43.377467,-22.790234],[-43.376986799999941,-22.791148599999929],[-43.377457399999969,-22.791410399999961],[-43.377619,-22.791500299999939],[-43.378146,-22.79167769999998],[-43.378568499999972,-22.791971899999965],[-43.378756799999962,-22.792114599999934],[-43.378864599999986,-22.792147099999966],[-43.378894699999933,-22.792156199999965],[-43.379241499999978,-22.792286599999954],[-43.380750599999942,-22.793090099999972],[-43.38168479999996,-22.793587499999944],[-43.382569799999942,-22.794058699999937],[-43.382726399999967,-22.793820599999947],[-43.383098399999938,-22.793256399999962],[-43.383138599999938,-22.793196]]]]}},
{"type":"Feature","properties":{"CD_REGIAO":"3","NM_REGIAO":"Sudeste","CD_UF":"33","NM_UF":"Rio de Janeiro","CD_MUN":"3305109","NM_MUN":"São João de Meriti","CD_DIST":"330510910","NM_DIST":"Coelho da Rocha","CD_SUBDIST":"33051091000","NM_SUBDIST":null,"CD_BAIRRO":"3305109013","NM_BAIRRO":"Coelho da Rocha","CD_RGINT":"3301","NM_RGINT":"Rio de Janeiro","CD_RGI":"330001","NM_RGI":"Rio de Janeiro","CD_CONCURB":"3304557","NM_CONCURB":"Rio de Janeiro/RJ","renda_real_mean":2024.118947},"geometry":{"type":"MultiPolygon","coordinates":[[[[-43.37772549999994,-22.783646799999929],[-43.378039799999954,-22.783794399999977],[-43.378641199999947,-22.784088499999939],[-43.378822699999944,-22.784177299999953],[-43.379297099999974,-22.784404799999947],[-43.379616899999974,-22.784558199999935],[-43.379936799999939,-22.784711699999946],[-43.380132899999978,-22.784812799999941],[-43.380284199999949,-22.78490359999995],[-43.380336099999965,-22.785029399999928],[-43.380336599999964,-22.785031499999945],[-43.380502299999932,-22.784926199999973],[-43.380543299999943,-22.784900099999959],[-43.380739699999936,-22.784775399999944],[-43.381400199999973,-22.784355699999935],[-43.381968699999959,-22.783994499999949],[-43.382981899999947,-22.783472899999936],[-43.383647399999973,-22.783251099999973],[-43.383699899999954,-22.783237499999927],[-43.384570899999972,-22.783011899999963],[-43.384857699999941,-22.782937599999968],[-43.384916699999962,-22.782977899999935],[-43.385029599999939,-22.783054799999945],[-43.38504439999997,-22.783064899999943],[-43.385503299999982,-22.783303299999943],[-43.386445099999946,-22.783792699999935],[-43.387387,-22.784282],[-43.388317499999971,-22.784769599999947],[-43.389351,-22.783091499999955],[-43.390316199999972,-22.783583599999929],[-43.390880899999956,-22.782655899999952],[-43.39128009999996,-22.782],[-43.392158799999947,-22.780556199999978],[-43.392290299999956,-22.780492799999934],[-43.39291819999994,-22.780190199999936],[-43.393032399999981,-22.780135199999961],[-43.393371699999932,-22.779971699999976],[-43.39563789999994,-22.778628699999956],[-43.397131699999932,-22.777584299999944],[-43.395541299999934,-22.776041099999929],[-43.39537439999998,-22.775908],[-43.395207599999935,-22.775775],[-43.394689699999958,-22.775492099999951],[-43.394178899999986,-22.775047099999938],[-43.393228599999929,-22.773965],[-43.392867799999976,-22.773594499999945],[-43.392727399999956,-22.773450399999945],[-43.392379699999935,-22.773157499999968],[-43.392238099999929,-22.773038199999974],[-43.392236299999979,-22.773036699999977],[-43.392234599999938,-22.773035299999947],[-43.392195699999945,-22.773004199999946],[-43.391921299999979,-22.772784899999976],[-43.391780199999971,-22.772672199999931],[-43.391760799999929,-22.772657],[-43.391706899999974,-22.772613699999965],[-43.39111349999996,-22.771996],[-43.39085659999995,-22.77172859999996],[-43.390576,-22.771365599999967],[-43.390525899999943,-22.771300799999949],[-43.390264899999977,-22.770956699999942],[-43.390002699999968,-22.770718799999941],[-43.389130699999953,-22.769850599999927],[-43.388389099999984,-22.769191399999954],[-43.387059699999952,-22.767999399999951],[-43.385630499999934,-22.766758299999935],[-43.385590299999933,-22.766726899999981],[-43.385384299999942,-22.766565699999944],[-43.385188399999947,-22.766472399999941],[-43.385153599999967,-22.76645579999996],[-43.384839799999952,-22.766380799999979],[-43.38401,-22.766250899999932],[-43.38387339999997,-22.766229599999974],[-43.382709899999952,-22.766047499999956],[-43.382182599999965,-22.766710799999942],[-43.382166599999948,-22.766736399999957],[-43.382050799999945,-22.76678469999996],[-43.381821499999944,-22.76703329999998],[-43.381759,-22.767093],[-43.381616,-22.767229699999973],[-43.381256099999973,-22.767642599999931],[-43.380731799999978,-22.768142299999965],[-43.380984599999977,-22.768217299999947],[-43.381168799999955,-22.768298],[-43.380784,-22.768730399999981],[-43.381259099999966,-22.768990299999928],[-43.381832,-22.769252199999983],[-43.38152649999995,-22.76974789999997],[-43.381179499999973,-22.770384899999954],[-43.380805299999963,-22.770657799999981],[-43.380775399999948,-22.770679599999937],[-43.379864,-22.771376799999928],[-43.379568,-22.770950599999935],[-43.379416099999958,-22.770847599999968],[-43.379254299999957,-22.770907799999975],[-43.378978599999982,-22.770998099999929],[-43.378816899999947,-22.771259599999951],[-43.378728399999943,-22.771426],[-43.378183299999932,-22.771163499999943],[-43.377570299999945,-22.770868199999938],[-43.376921599999946,-22.771479399999976],[-43.376624,-22.771760499999971],[-43.376555699999983,-22.771825099999944],[-43.376484199999936,-22.771892599999944],[-43.375847499999963,-22.772494],[-43.375643499999967,-22.772678499999927],[-43.374891799999943,-22.773318399999937],[-43.374795399999982,-22.773398699999973],[-43.37407479999996,-22.774077899999952],[-43.374345699999935,-22.774377399999935],[-43.374754699999983,-22.77470059999996],[-43.375128199999949,-22.774520499999937],[-43.375247,-22.774454],[-43.375475199999983,-22.774420699999951],[-43.375613,-22.77442549999995],[-43.375845,-22.774517],[-43.376435399999934,-22.774781599999983],[-43.376841799999966,-22.774969399999975],[-43.377349099999947,-22.775227299999983],[-43.378027399999951,-22.775509299999953],[-43.378393899999935,-22.775685199999941],[-43.37864529999996,-22.775819499999955],[-43.378926499999977,-22.775970399999949],[-43.379207699999938,-22.776121299999943],[-43.379237,-22.776138099999969],[-43.378368399999943,-22.777736699999934],[-43.378007099999934,-22.778416799999945],[-43.377873799999975,-22.778654499999959],[-43.377181299999961,-22.77992039999998],[-43.377100899999959,-22.780068],[-43.376891699999931,-22.780424499999981],[-43.37670479999997,-22.780766],[-43.376245299999937,-22.781598599999938],[-43.376035899999977,-22.782009799999969],[-43.375979099999938,-22.78212149999996],[-43.375653399999976,-22.782644499999947],[-43.376434699999947,-22.783044599999982],[-43.376730099999975,-22.78319579999993],[-43.37723,-22.783422299999927],[-43.37772549999994,-22.783646799999929]]]]}},
{"type":"Feature","properties":{"CD_REGIAO":"3","NM_REGIAO":"Sudeste","CD_UF":"33","NM_UF":"Rio de Janeiro","CD_MUN":"3305109","NM_MUN":"São João de Meriti","CD_DIST":"330510910","NM_DIST":"Coelho da Rocha","CD_SUBDIST":"33051091000","NM_SUBDIST":null,"CD_BAIRRO":"3305109004","NM_BAIRRO":"Éden","CD_RGINT":"3301","NM_RGINT":"Rio de Janeiro","CD_RGI":"330001","NM_RGI":"Rio de Janeiro","CD_CONCURB":"3304557","NM_CONCURB":"Rio de Janeiro/RJ","renda_real_mean":1915.005887},"geometry":{"type":"MultiPolygon","coordinates":[[[[-43.39128009999996,-22.782],[-43.390880899999956,-22.782655899999952],[-43.390316199999972,-22.783583599999929],[-43.39004019999993,-22.784037199999943],[-43.389747899999975,-22.784495599999957],[-43.389255399999968,-22.785268099999939],[-43.388532099999964,-22.786402599999974],[-43.38841629999996,-22.786584299999959],[-43.38824429999994,-22.786871],[-43.387303599999939,-22.78844289999995],[-43.386819899999978,-22.788192299999935],[-43.386192799999947,-22.789061199999935],[-43.386714599999948,-22.789330899999982],[-43.388539199999968,-22.790265899999952],[-43.388496399999951,-22.79031729999997],[-43.388454499999966,-22.790385899999933],[-43.38841919999993,-22.790478299999961],[-43.388105699999983,-22.791233199999965],[-43.388723099999936,-22.791865],[-43.389768199999935,-22.792934499999944],[-43.390005099999939,-22.793176899999935],[-43.39028129999997,-22.793459499999983],[-43.390656499999977,-22.793847199999959],[-43.390197299999954,-22.794425599999954],[-43.390030399999944,-22.794635899999946],[-43.388911599999972,-22.796219],[-43.388542899999948,-22.79672069999998],[-43.388179899999955,-22.797214799999949],[-43.387785599999972,-22.797757699999977],[-43.388682199999948,-22.798326299999928],[-43.389582099999984,-22.798897],[-43.390521,-22.799492399999963],[-43.391407,-22.800054199999977],[-43.391822399999967,-22.800317699999937],[-43.392300499999976,-22.800620899999956],[-43.393278499999951,-22.80124109999997],[-43.393689299999949,-22.801501599999938],[-43.39381549999996,-22.801593],[-43.393869799999948,-22.801631799999939],[-43.393941299999938,-22.80168279999998],[-43.394163899999967,-22.801810799999942],[-43.394799699999965,-22.802174899999955],[-43.395086099999958,-22.80236229999997],[-43.395970399999953,-22.802932099999964],[-43.396861399999977,-22.803490599999975],[-43.397115699999972,-22.803651199999933],[-43.397744,-22.804058199999929],[-43.398319499999957,-22.804431],[-43.398462399999971,-22.804525799999965],[-43.39890209999993,-22.804832399999952],[-43.398926499999959,-22.804804899999965],[-43.400147899999979,-22.803424599999971],[-43.400378799999942,-22.803163699999971],[-43.40063559999993,-22.802873499999976],[-43.40104759999997,-22.802407899999935],[-43.401487299999985,-22.801911099999927],[-43.40155249999998,-22.801837399999954],[-43.401634499999943,-22.801744699999972],[-43.40186719999997,-22.801481699999954],[-43.402914,-22.800304299999937],[-43.403771799999959,-22.799348299999963],[-43.404236899999944,-22.798841899999957],[-43.405564799999979,-22.797395699999981],[-43.405630299999984,-22.79732439999998],[-43.406931899999961,-22.795906899999977],[-43.406976699999973,-22.795856699999945],[-43.40836859999996,-22.794296799999927],[-43.40837369999997,-22.794291],[-43.410222,-22.792219599999953],[-43.410239199999978,-22.792200299999934],[-43.410342299999968,-22.792084799999941],[-43.410560499999974,-22.791840199999967],[-43.410708,-22.791674899999975],[-43.410345699999937,-22.79147329999995],[-43.410292299999981,-22.791419699999949],[-43.41006729999998,-22.791368199999965],[-43.40963389999996,-22.790655099999981],[-43.40960739999997,-22.790611399999932],[-43.409424499999943,-22.79031649999996],[-43.409161899999958,-22.790002499999957],[-43.408748499999945,-22.789836499999979],[-43.408725499999946,-22.789827199999934],[-43.408659199999931,-22.789802899999927],[-43.408272099999976,-22.789660899999944],[-43.408254499999941,-22.789651499999934],[-43.408156599999984,-22.789599599999974],[-43.408145099999956,-22.789593499999967],[-43.40813849999995,-22.789589899999953],[-43.408101,-22.789541499999928],[-43.407804699999986,-22.789158199999974],[-43.40743939999993,-22.788685799999939],[-43.40740779999993,-22.788607699999943],[-43.407360499999982,-22.78849729999996],[-43.407347499999958,-22.788466899999946],[-43.407296199999962,-22.788347099999953],[-43.406927899999971,-22.787476799999979],[-43.406835,-22.787257299999965],[-43.406821299999933,-22.787224799999933],[-43.406715099999985,-22.787032699999941],[-43.406545599999959,-22.786726],[-43.406528199999968,-22.786694499999953],[-43.406507099999942,-22.786659099999952],[-43.406420399999945,-22.786513199999945],[-43.406324599999948,-22.786351899999943],[-43.406162799999947,-22.78623749999997],[-43.406012699999962,-22.786131199999943],[-43.405771899999934,-22.785960799999941],[-43.405703699999947,-22.785912499999938],[-43.405595799999958,-22.785873699999968],[-43.405546399999935,-22.785856],[-43.405422699999974,-22.785811599999931],[-43.405033499999945,-22.785671799999932],[-43.404991799999948,-22.78565679999997],[-43.404467499999953,-22.785468499999979],[-43.403987499999971,-22.785246499999971],[-43.403923499999962,-22.785216899999966],[-43.403873699999963,-22.785193899999967],[-43.403771,-22.785146399999974],[-43.403560899999945,-22.78497219999997],[-43.403414099999964,-22.784850399999982],[-43.403126799999939,-22.784519599999953],[-43.403115199999945,-22.784500499999979],[-43.402787299999943,-22.78396239999995],[-43.402752499999963,-22.783509699999968],[-43.402624599999967,-22.782795499999963],[-43.402611399999955,-22.782721599999945],[-43.402530499999955,-22.782607599999949],[-43.402369199999953,-22.782622099999969],[-43.402356699999984,-22.782618899999932],[-43.402277499999968,-22.782598699999937],[-43.402254699999958,-22.782592899999941],[-43.402089199999978,-22.782445799999948],[-43.401545899999974,-22.781868799999927],[-43.401388299999951,-22.781711799999982],[-43.400973599999929,-22.781298499999934],[-43.400667799999951,-22.780993799999976],[-43.400599799999952,-22.780926],[-43.400064899999961,-22.780393],[-43.399764799999957,-22.780094],[-43.399256899999955,-22.779587899999967],[-43.399031699999966,-22.779363499999931],[-43.398799,-22.779131599999971],[-43.398788699999955,-22.779122299999983],[-43.398435399999983,-22.778802],[-43.398399799999936,-22.778769799999964],[-43.398312199999964,-22.778690299999937],[-43.397415,-22.777848799999958],[-43.397308,-22.777749099999937],[-43.397281,-22.777723899999955],[-43.397186899999951,-22.777636199999961],[-43.397142299999985,-22.777594499999964],[-43.397131699999932,-22.777584299999944],[-43.39563789999994,-22.778628699999956],[-43.393371699999932,-22.779971699999976],[-43.393032399999981,-22.780135199999961],[-43.39291819999994,-22.780190199999936],[-43.392290299999956,-22.780492799999934],[-43.392158799999947,-22.780556199999978],[-43.39128009999996,-22.782]]]]}},
{"type":"Feature","properties":{"CD_REGIAO":"3","NM_REGIAO":"Sudeste","CD_UF":"33","NM_UF":"Rio de Janeiro","CD_MUN":"3305109","NM_MUN":"São João de Meriti","CD_DIST":"330510915","NM_DIST":"São Mateus","CD_SUBDIST":"33051091500","NM_SUBDIST":null,"CD_BAIRRO":"3305109001","NM_BAIRRO":"Vila Tiradentes","CD_RGINT":"3301","NM_RGINT":"Rio de Janeiro","CD_RGI":"330001","NM_RGI":"Rio de Janeiro","CD_CONCURB":"3304557","NM_CONCURB":"Rio de Janeiro/RJ","renda_real_mean":1889.181091},"geometry":{"type":"MultiPolygon","coordinates":[[[[-43.385460899999941,-22.800931099999957],[-43.386183299999971,-22.799958799999956],[-43.386469599999941,-22.799567599999932],[-43.386636399999929,-22.799338399999954],[-43.387452899999971,-22.798215599999935],[-43.387785599999972,-22.797757699999977],[-43.388179899999955,-22.797214799999949],[-43.388542899999948,-22.79672069999998],[-43.388911599999972,-22.796219],[-43.390030399999944,-22.794635899999946],[-43.390197299999954,-22.794425599999954],[-43.390656499999977,-22.793847199999959],[-43.39028129999997,-22.793459499999983],[-43.390005099999939,-22.793176899999935],[-43.389768199999935,-22.792934499999944],[-43.388723099999936,-22.791865],[-43.388105699999983,-22.791233199999965],[-43.38841919999993,-22.790478299999961],[-43.388454499999966,-22.790385899999933],[-43.388496399999951,-22.79031729999997],[-43.388539199999968,-22.790265899999952],[-43.386714599999948,-22.789330899999982],[-43.386192799999947,-22.789061199999935],[-43.385565399999962,-22.789930699999957],[-43.385426199999984,-22.790123599999959],[-43.385079899999937,-22.790523699999937],[-43.384892799999932,-22.790739799999983],[-43.38380079999996,-22.79014589999997],[-43.383290399999964,-22.790984199999968],[-43.38426869999995,-22.79150089999996],[-43.383695099999954,-22.792361299999982],[-43.383426799999938,-22.792763799999932],[-43.383138599999938,-22.793196],[-43.383098399999938,-22.793256399999962],[-43.382726399999967,-22.793820599999947],[-43.382569799999942,-22.794058699999937],[-43.382356199999947,-22.794383399999958],[-43.381984599999953,-22.794948499999975],[-43.381976599999973,-22.794956099999979],[-43.381770699999947,-22.795152899999948],[-43.381580799999938,-22.795443599999942],[-43.381304799999953,-22.795865899999967],[-43.381124599999964,-22.79605689999994],[-43.380824699999948,-22.796374599999979],[-43.380582799999956,-22.796770099999947],[-43.380577499999958,-22.796778599999982],[-43.380511199999944,-22.796919],[-43.380369499999972,-22.797218699999974],[-43.380164,-22.797653299999979],[-43.380142,-22.797802499999932],[-43.380078399999945,-22.79823319999997],[-43.380033899999944,-22.798901799999953],[-43.380026099999952,-22.799017499999934],[-43.379793199999938,-22.799754399999983],[-43.379755,-22.799839399999939],[-43.379686599999957,-22.799896299999943],[-43.378997499999969,-22.800465799999927],[-43.37873929999995,-22.800575799999933],[-43.378595,-22.800652299999967],[-43.378374899999983,-22.800743],[-43.378183099999944,-22.800898699999948],[-43.37802279999994,-22.801087699999982],[-43.377810899999986,-22.801227799999936],[-43.377537899999936,-22.801357099999962],[-43.377212799999938,-22.801421799999957],[-43.376715,-22.801377199999934],[-43.378150099999971,-22.801606099999958],[-43.378932099999986,-22.801734199999942],[-43.37985249999997,-22.801892599999974],[-43.379978799999947,-22.80191439999993],[-43.38154,-22.802183199999945],[-43.381906699999945,-22.802246299999979],[-43.382559399999934,-22.802358699999957],[-43.38342259999996,-22.802507399999968],[-43.38387419999998,-22.802585099999931],[-43.384092799999962,-22.802651699999956],[-43.384312399999942,-22.802638699999932],[-43.384380199999953,-22.802546699999937],[-43.384730099999956,-22.801990299999943],[-43.38492709999997,-22.801677199999972],[-43.385460899999941,-22.800931099999957]]]]}},
{"type":"Feature","properties":{"CD_REGIAO":"3","NM_REGIAO":"Sudeste","CD_UF":"33","NM_UF":"Rio de Janeiro","CD_MUN":"3305109","NM_MUN":"São João de Meriti","CD_DIST":"330510915","NM_DIST":"São Mateus","CD_SUBDIST":"33051091500","NM_SUBDIST":null,"CD_BAIRRO":"3305109015","NM_BAIRRO":"São Matheus","CD_RGINT":"3301","NM_RGINT":"Rio de Janeiro","CD_RGI":"330001","NM_RGI":"Rio de Janeiro","CD_CONCURB":"3304557","NM_CONCURB":"Rio de Janeiro/RJ","renda_real_mean":1778.403409},"geometry":{"type":"MultiPolygon","coordinates":[[[[-43.385223099999962,-22.803116],[-43.384797299999946,-22.802849599999945],[-43.384625199999959,-22.802742],[-43.384416099999953,-22.802632599999981],[-43.384312399999942,-22.802638699999932],[-43.384092799999962,-22.802651699999956],[-43.38387419999998,-22.802585099999931],[-43.38342259999996,-22.802507399999968],[-43.382559399999934,-22.802358699999957],[-43.38192429999998,-22.803879699999982],[-43.381343399999935,-22.805243699999949],[-43.381320899999935,-22.805296],[-43.381263,-22.805430799999954],[-43.381195699999978,-22.805413499999929],[-43.380723399999965,-22.805344],[-43.380694,-22.805534],[-43.380686899999944,-22.805579899999941],[-43.380575499999964,-22.80616509999993],[-43.380547599999943,-22.806311199999982],[-43.380217699999946,-22.807902899999931],[-43.38054,-22.808133899999973],[-43.380985599999974,-22.808453399999962],[-43.381892299999947,-22.808890499999961],[-43.382122399999957,-22.809017899999958],[-43.382128299999977,-22.809021099999939],[-43.382150099999933,-22.809033199999931],[-43.382169599999941,-22.809044],[-43.380941,-22.80993449999994],[-43.379814299999964,-22.810745899999972],[-43.379812099999981,-22.810750499999983],[-43.379852599999936,-22.810783699999945],[-43.379932499999938,-22.810862699999973],[-43.380018399999983,-22.810947399999975],[-43.380089399999974,-22.810994299999948],[-43.380125,-22.81100779999997],[-43.380160499999931,-22.811021299999936],[-43.380302599999936,-22.81105539999993],[-43.380574099999933,-22.811095199999954],[-43.380763199999933,-22.811144099999979],[-43.380952199999967,-22.811160599999937],[-43.381094299999972,-22.811181],[-43.381266,-22.81128979999994],[-43.381434099999979,-22.811396],[-43.381636599999979,-22.811506],[-43.382038699999953,-22.811709399999927],[-43.382066599999973,-22.811723499999971],[-43.382147799999984,-22.811742],[-43.382187199999976,-22.811751],[-43.382228599999962,-22.811760399999969],[-43.382352399999945,-22.811783599999956],[-43.38259249999993,-22.811828599999956],[-43.382845199999963,-22.811875099999952],[-43.382871099999932,-22.811879799999929],[-43.383001899999954,-22.811933799999963],[-43.383158699999967,-22.812030799999945],[-43.383256699999947,-22.812103599999944],[-43.38342259999996,-22.812226599999974],[-43.38357039999994,-22.812317599999972],[-43.38370969999994,-22.812417099999948],[-43.383721899999955,-22.812426899999934],[-43.38377429999997,-22.81246909999993],[-43.383826299999953,-22.81251089999995],[-43.383974099999932,-22.812695699999949],[-43.384078799999941,-22.812886699999979],[-43.384087799999975,-22.812903199999937],[-43.384292499999958,-22.813281299999971],[-43.384309599999938,-22.813324299999977],[-43.384392,-22.813531499999954],[-43.384483,-22.813713399999983],[-43.384484,-22.813714699999935],[-43.384512199999961,-22.813748],[-43.384559699999954,-22.81380409999997],[-43.38460809999998,-22.813861199999963],[-43.384718899999939,-22.813938],[-43.384785699999952,-22.813967799999944],[-43.384852499999965,-22.813997699999959],[-43.38485449999996,-22.813998],[-43.384946299999967,-22.814013799999941],[-43.385035499999958,-22.814029099999971],[-43.38516089999996,-22.814050699999939],[-43.385180899999966,-22.814054099999964],[-43.385246,-22.814065299999982],[-43.385273899999959,-22.814070099999981],[-43.38543889999994,-22.814098499999943],[-43.385641699999951,-22.814133399999946],[-43.385680499999978,-22.81414],[-43.385842699999955,-22.814167899999973],[-43.386013899999966,-22.814197299999933],[-43.386087699999962,-22.81421],[-43.386208599999975,-22.814230799999962],[-43.38624909999993,-22.814242499999978],[-43.386272599999984,-22.814249299999972],[-43.386321799999962,-22.814263499999981],[-43.386331199999972,-22.814266299999929],[-43.386347099999966,-22.81427089999994],[-43.386359899999945,-22.814274599999976],[-43.386361399999942,-22.814275],[-43.386364399999934,-22.814275899999927],[-43.386367199999938,-22.814276799999959],[-43.386593399999981,-22.814348099999961],[-43.387005899999963,-22.814535799999931],[-43.387197799999967,-22.814623099999949],[-43.387381499999947,-22.814702799999964],[-43.387584499999946,-22.814790799999969],[-43.387701,-22.814805],[-43.387804299999971,-22.814799499999936],[-43.387806199999943,-22.81479939999997],[-43.387832899999978,-22.814792499999953],[-43.387905699999976,-22.814773799999955],[-43.387985799999967,-22.81471739999995],[-43.388262299999951,-22.81454059999993],[-43.388351799999953,-22.814483399999972],[-43.388369799999964,-22.814471899999944],[-43.388511199999982,-22.814381499999968],[-43.388545699999952,-22.814358899999945],[-43.388657099999932,-22.814285899999959],[-43.38884939999997,-22.81415979999997],[-43.38885259999995,-22.814157399999942],[-43.388862099999983,-22.814150499999982],[-43.389119599999958,-22.813960699999939],[-43.389189599999952,-22.81392459999995],[-43.389259699999968,-22.813888399999939],[-43.389382499999954,-22.813824299999965],[-43.389655399999981,-22.813736199999937],[-43.389869099999942,-22.813671899999974],[-43.390005099999939,-22.813631],[-43.390121699999952,-22.813636699999961],[-43.390237699999943,-22.813661],[-43.390453199999968,-22.813768899999957],[-43.390555899999981,-22.81382039999994],[-43.391032299999949,-22.813291899999967],[-43.39120719999994,-22.813097199999959],[-43.391233899999975,-22.813068299999941],[-43.392027299999938,-22.81218819999998],[-43.392095099999949,-22.812112899999931],[-43.39349859999993,-22.810556],[-43.394735,-22.809184499999958],[-43.394814899999972,-22.809095899999932],[-43.394385299999954,-22.808851199999935],[-43.394204599999966,-22.80874069999993],[-43.393936499999938,-22.808576799999969],[-43.393448699999965,-22.808278399999949],[-43.392530399999941,-22.807712799999933],[-43.391959099999951,-22.807359399999939],[-43.391596499999935,-22.807134299999973],[-43.391418699999974,-22.807022599999982],[-43.390699599999948,-22.80657059999993],[-43.390364199999965,-22.806359699999973],[-43.389764499999956,-22.805996299999947],[-43.389481799999942,-22.80583189999993],[-43.389414599999952,-22.80577349999993],[-43.389265799999976,-22.805644399999949],[-43.389158599999973,-22.805564899999979],[-43.388911399999984,-22.805412399999966],[-43.387936699999955,-22.804810799999927],[-43.387045399999977,-22.804256099999975],[-43.386134399999946,-22.803686099999936],[-43.385223099999962,-22.803116]]]]}},
{"type":"Feature","properties":{"CD_REGIAO":"3","NM_REGIAO":"Sudeste","CD_UF":"33","NM_UF":"Rio de Janeiro","CD_MUN":"3305109","NM_MUN":"São João de Meriti","CD_DIST":"330510915","NM_DIST":"São Mateus","CD_SUBDIST":"33051091500","NM_SUBDIST":null,"CD_BAIRRO":"3305109014","NM_BAIRRO":"Tomazinho","CD_RGINT":"3301","NM_RGINT":"Rio de Janeiro","CD_RGI":"330001","NM_RGI":"Rio de Janeiro","CD_CONCURB":"3304557","NM_CONCURB":"Rio de Janeiro/RJ","renda_real_mean":1741.632128},"geometry":{"type":"MultiPolygon","coordinates":[[[[-43.385460899999941,-22.800931099999957],[-43.38492709999997,-22.801677199999972],[-43.384730099999956,-22.801990299999943],[-43.384380199999953,-22.802546699999937],[-43.384312399999942,-22.802638699999932],[-43.384416099999953,-22.802632599999981],[-43.384625199999959,-22.802742],[-43.384797299999946,-22.802849599999945],[-43.385223099999962,-22.803116],[-43.386134399999946,-22.803686099999936],[-43.387045399999977,-22.804256099999975],[-43.387936699999955,-22.804810799999927],[-43.388911399999984,-22.805412399999966],[-43.389158599999973,-22.805564899999979],[-43.389265799999976,-22.805644399999949],[-43.389414599999952,-22.80577349999993],[-43.389481799999942,-22.80583189999993],[-43.389764499999956,-22.805996299999947],[-43.390364199999965,-22.806359699999973],[-43.390699599999948,-22.80657059999993],[-43.391418699999974,-22.807022599999982],[-43.391596499999935,-22.807134299999973],[-43.391959099999951,-22.807359399999939],[-43.392530399999941,-22.807712799999933],[-43.393448699999965,-22.808278399999949],[-43.393936499999938,-22.808576799999969],[-43.394204599999966,-22.80874069999993],[-43.394385299999954,-22.808851199999935],[-43.394814899999972,-22.809095899999932],[-43.395403899999963,-22.808442399999933],[-43.396285199999966,-22.807533],[-43.396779299999935,-22.807023099999981],[-43.396852099999933,-22.806948],[-43.397243399999979,-22.80654409999994],[-43.397282799999971,-22.806503499999963],[-43.39890209999993,-22.804832399999952],[-43.398462399999971,-22.804525799999965],[-43.398319499999957,-22.804431],[-43.397744,-22.804058199999929],[-43.397115699999972,-22.803651199999933],[-43.396861399999977,-22.803490599999975],[-43.395970399999953,-22.802932099999964],[-43.395086099999958,-22.80236229999997],[-43.394799699999965,-22.802174899999955],[-43.394163899999967,-22.801810799999942],[-43.393941299999938,-22.80168279999998],[-43.393869799999948,-22.801631799999939],[-43.39381549999996,-22.801593],[-43.393689299999949,-22.801501599999938],[-43.393278499999951,-22.80124109999997],[-43.392300499999976,-22.800620899999956],[-43.391822399999967,-22.800317699999937],[-43.391407,-22.800054199999977],[-43.390521,-22.799492399999963],[-43.389582099999984,-22.798897],[-43.388682199999948,-22.798326299999928],[-43.387785599999972,-22.797757699999977],[-43.387452899999971,-22.798215599999935],[-43.386636399999929,-22.799338399999954],[-43.386469599999941,-22.799567599999932],[-43.386183299999971,-22.799958799999956],[-43.385460899999941,-22.800931099999957]]]]}}
]
}
