{
"type": "FeatureCollection",
"name": "inundacoes_sjm",
"crs": { "type": "name", "properties": { "name": "urn:ogc:def:crs:EPSG::4674" } },
"features": [
{"type":"Feature","properties":{"OBJECTID":3,"uf":"RJ","geometria":"Sim","municipio":"SÃO JOÃO DE MERITI","processo":"Inundação","classe":"Média","fonte":"Produto obtido através da modelagem (ver Nota Técnica Explicativa do projeto) validado por trabalho de campo pela CPRM entre os anos de 2012 e 2014.","execucao":"CPRM (2013)","projeto":"Cartas de Suscetibilidade a Movimentos Gravitacionais de Massa e Inundações. Tema: Inundação.","ano":2013,"executor":"CPRM","shape_Length":0.0031493880037223999,"shape_Area":5.6013013447772572e-07},"geometry":{"type":"MultiPolygon","coordinates":[[[[-43.372172157999955,-22.765252493999981,0.0],[-43.372356345999947,-22.765324607999958,0.0],[-43.372665186999939,-22.765307958999983,0.0],[-43.372553398999969,-22.765131742999927,0.0],[-43.372604571999943,-22.764940476999982,0.0],[-43.372746693999943,-22.764727311999934,0.0],[-43.37263629399996,-22.764576946999966,0.0],[-43.372224931999938,-22.764516277999974,0.0],[-43.371786113999974,-22.764653202999966,0.0],[-43.371632661999968,-22.764760568999975,0.0],[-43.372172157999955,-22.765252493999981,0.0]]]]}},
{"type":"Feature","properties":{"OBJECTID":7,"uf":"RJ","geometria":"Sim","municipio":"SÃO JOÃO DE MERITI","processo":"Inundação","classe":"Média","fonte":"Produto obtido através da modelagem (ver Nota Técnica Explicativa do projeto) validado por trabalho de campo pela CPRM entre os anos de 2012 e 2014.","execucao":"CPRM (2013)","projeto":"Cartas de Suscetibilidade a Movimentos Gravitacionais de Massa e Inundações. Tema: Inundação.","ano":2013,"executor":"CPRM","shape_Length":0.015500434372111653,"shape_Area":1.3949242968087924e-06},"geometry":{"type":"MultiPolygon","coordinates":[[[[-43.347836937999944,-22.777470731999983,0.0],[-43.347894217999965,-22.777529356999935,0.0],[-43.349411821999979,-22.777515609999966,0.0],[-43.349794260999943,-22.77710532499998,0.0],[-43.35020506199993,-22.776080098999955,0.0],[-43.350528577999967,-22.775900977999981,0.0],[-43.351243261999969,-22.775850660999936,0.0],[-43.35159465199996,-22.775555423999947,0.0],[-43.351776825999934,-22.77509011799998,0.0],[-43.351928425999972,-22.774224129999936,0.0],[-43.351664812999957,-22.772842716999946,0.0],[-43.351548317999971,-22.772542033999969,0.0],[-43.351567948999957,-22.773137049999946,0.0],[-43.351700324999968,-22.773891644999935,0.0],[-43.351724629999978,-22.774682915999961,0.0],[-43.351575528999945,-22.775103298999966,0.0],[-43.351138216999971,-22.775430108999956,0.0],[-43.350653424999962,-22.775661611999965,0.0],[-43.350027956999952,-22.77576060399997,0.0],[-43.349950906999936,-22.776367586999982,0.0],[-43.349720841999954,-22.776806874999977,0.0],[-43.349386185999947,-22.777275875999976,0.0],[-43.349100861999943,-22.77741212199993,0.0],[-43.348738880999974,-22.77745835199994,0.0],[-43.347836937999944,-22.777470731999983,0.0]]]]}},
{"type":"Feature","properties":{"OBJECTID":8,"uf":"RJ","geometria":"Sim","municipio":"SÃO JOÃO DE MERITI","processo":"Inundação","classe":"Média","fonte":"Produto obtido através da modelagem (ver Nota Técnica Explicativa do projeto) validado por trabalho de campo pela CPRM entre os anos de 2012 e 2014.","execucao":"CPRM (2013)","projeto":"Cartas de Suscetibilidade a Movimentos Gravitacionais de Massa e Inundações. Tema: Inundação.","ano":2013,"executor":"CPRM","shape_Length":0.0021734994887437314,"shape_Area":1.0423466931943425e-07},"geometry":{"type":"MultiPolygon","coordinates":[[[[-43.363355035999973,-22.770631562999938,0.0],[-43.362930055999982,-22.770594229999972,0.0],[-43.362532736999981,-22.770171571999981,0.0],[-43.362566534999985,-22.770369286999937,0.0],[-43.362788240999976,-22.770641835999982,0.0],[-43.36304464899996,-22.770738359999939,0.0],[-43.363307989999953,-22.770686807999937,0.0],[-43.363355035999973,-22.770631562999938,0.0]]]]}},
{"type":"Feature","properties":{"OBJECTID":11,"uf":"RJ","geometria":"Sim","municipio":"SÃO JOÃO DE MERITI","processo":"Inundação","classe":"Alta","fonte":"Produto obtido através da modelagem (ver Nota Técnica Explicativa do projeto) validado por trabalho de campo pela CPRM entre os anos de 2012 e 2014.","execucao":"CPRM (2013)","projeto":"Cartas de Suscetibilidade a Movimentos Gravitacionais de Massa e Inundações. Tema: Inundação.","ano":2013,"executor":"CPRM","shape_Length":0.012943181671238565,"shape_Area":1.1247257557771474e-06},"geometry":{"type":"MultiPolygon","coordinates":[[[[-43.32945075799995,-22.756113236999965,0.0],[-43.334668591999957,-22.757289682999954,0.0],[-43.335640897999951,-22.757460474999959,0.0],[-43.334811911999964,-22.757180756999958,0.0],[-43.334065720999945,-22.756963313999961,0.0],[-43.333939341999951,-22.75692648699993,0.0],[-43.333899405999944,-22.756910821999952,0.0],[-43.333700001999944,-22.756832601999974,0.0],[-43.333697061999942,-22.756831449999936,0.0],[-43.333346864999953,-22.756736426999964,0.0],[-43.332332486999974,-22.75659559199994,0.0],[-43.329935774999967,-22.756003591999956,0.0],[-43.329449634999946,-22.75590236499994,0.0],[-43.32945075799995,-22.756113236999965,0.0]]]]}},
{"type":"Feature","properties":{"OBJECTID":12,"uf":"RJ","geometria":"Sim","municipio":"SÃO JOÃO DE MERITI","processo":"Inundação","classe":"Baixa","fonte":"Produto obtido através da modelagem (ver Nota Técnica Explicativa do projeto) validado por trabalho de campo pela CPRM entre os anos de 2012 e 2014.","execucao":"CPRM (2013)","projeto":"Cartas de Suscetibilidade a Movimentos Gravitacionais de Massa e Inundações. Tema: Inundação.","ano":2013,"executor":"CPRM","shape_Length":0.0039469816924499633,"shape_Area":4.444670047941658e-07},"geometry":{"type":"MultiPolygon","coordinates":[[[[-43.353797863999944,-22.792027203999965,0.0],[-43.354214258999946,-22.791810774999931,0.0],[-43.354711496999983,-22.791655717999959,0.0],[-43.355407499999956,-22.791818034999949,0.0],[-43.355267416999936,-22.79164583599993,0.0],[-43.354699791999963,-22.791429819999962,0.0],[-43.354091048999976,-22.791464708999968,0.0],[-43.353792496999972,-22.791538482999954,0.0],[-43.353754131999949,-22.791761938999969,0.0],[-43.353797863999944,-22.792027203999965,0.0]]]]}},
{"type":"Feature","properties":{"OBJECTID":13,"uf":"RJ","geometria":"Sim","municipio":"SÃO JOÃO DE MERITI","processo":"Inundação","classe":"Média","fonte":"Produto obtido através da modelagem (ver Nota Técnica Explicativa do projeto) validado por trabalho de campo pela CPRM entre os anos de 2012 e 2014.","execucao":"CPRM (2013)","projeto":"Cartas de Suscetibilidade a Movimentos Gravitacionais de Massa e Inundações. Tema: Inundação.","ano":2013,"executor":"CPRM","shape_Length":0.017692191516967288,"shape_Area":3.5613906409358738e-06},"geometry":{"type":"MultiPolygon","coordinates":[[[[-43.34098196399998,-22.796680827999978,0.0],[-43.341030367999963,-22.796716278999952,0.0],[-43.341419712999937,-22.798183166999934,0.0],[-43.34135988099996,-22.798531498999978,0.0],[-43.341149424999969,-22.798940322999954,0.0],[-43.34084904499997,-22.799614522999946,0.0],[-43.340813173999948,-22.799964983999928,0.0],[-43.340527622999957,-22.800058846999946,0.0],[-43.339722447999975,-22.800144655999929,0.0],[-43.338831556999935,-22.800261016999968,0.0],[-43.338165776999972,-22.799992971999927,0.0],[-43.338344479999932,-22.800266513999929,0.0],[-43.338628858999982,-22.800417526999979,0.0],[-43.339140966999935,-22.800485081999966,0.0],[-43.339241132999973,-22.800747018999971,0.0],[-43.339169092999953,-22.801475565999965,0.0],[-43.339627600999961,-22.801793505999967,0.0],[-43.339785884999969,-22.801839488999974,0.0],[-43.339949188999981,-22.80201926899997,0.0],[-43.340161493999972,-22.801946360999978,0.0],[-43.34003423799993,-22.801475365999977,0.0],[-43.33978910999997,-22.801057058999959,0.0],[-43.339767893999976,-22.800772237999979,0.0],[-43.340040813999963,-22.800578623999968,0.0],[-43.340855498999986,-22.800809516999948,0.0],[-43.341170814999941,-22.800768563999952,0.0],[-43.341427925999938,-22.800352353999983,0.0],[-43.341214807999961,-22.799723956999969,0.0],[-43.341657944999952,-22.798736191999978,0.0],[-43.341717450999965,-22.79813422899997,0.0],[-43.341639387999976,-22.79766766299997,0.0],[-43.341398602999959,-22.797120486999972,0.0],[-43.341340482999954,-22.796805074999952,0.0],[-43.340987427999949,-22.796229334999964,0.0],[-43.34098196399998,-22.796680827999978,0.0]]]]}},
{"type":"Feature","properties":{"OBJECTID":14,"uf":"RJ","geometria":"Sim","municipio":"SÃO JOÃO DE MERITI","processo":"Inundação","classe":"Alta","fonte":"Produto obtido através da modelagem (ver Nota Técnica Explicativa do projeto) validado por trabalho de campo pela CPRM entre os anos de 2012 e 2014.","execucao":"CPRM (2013)","projeto":"Cartas de Suscetibilidade a Movimentos Gravitacionais de Massa e Inundações. Tema: Inundação.","ano":2013,"executor":"CPRM","shape_Length":0.0032336723504065366,"shape_Area":2.2530570290645405e-07},"geometry":{"type":"MultiPolygon","coordinates":[[[[-43.330110730999934,-22.795107633999976,0.0],[-43.330278431999943,-22.794937524999966,0.0],[-43.33035057099994,-22.794765554999969,0.0],[-43.329915150999966,-22.793577294999977,0.0],[-43.330098721999946,-22.795014194999965,0.0],[-43.330110730999934,-22.795107633999976,0.0]]]]}},
{"type":"Feature","properties":{"OBJECTID":19,"uf":"RJ","geometria":"Sim","municipio":"SÃO JOÃO DE MERITI","processo":"Inundação","classe":"Média","fonte":"Produto obtido através da modelagem (ver Nota Técnica Explicativa do projeto) validado por trabalho de campo pela CPRM entre os anos de 2012 e 2014.","execucao":"CPRM (2013)","projeto":"Cartas de Suscetibilidade a Movimentos Gravitacionais de Massa e Inundações. Tema: Inundação.","ano":2013,"executor":"CPRM","shape_Length":0.011010008048916411,"shape_Area":2.1136935456176843e-06},"geometry":{"type":"MultiPolygon","coordinates":[[[[-43.379193606999934,-22.773638021999943,0.0],[-43.378980634999948,-22.77319560899997,0.0],[-43.379193348999934,-22.772507925999946,0.0],[-43.379492015999972,-22.772016270999927,0.0],[-43.380361373999961,-22.770858641999951,0.0],[-43.380444692999959,-22.770623562999958,0.0],[-43.380568586999971,-22.770519423999929,0.0],[-43.378766996999957,-22.77062996899997,0.0],[-43.378265257999942,-22.770463077999977,0.0],[-43.377919034999934,-22.770238387999939,0.0],[-43.377960551999934,-22.770452784999975,0.0],[-43.378215153999975,-22.770713272999956,0.0],[-43.379291723999984,-22.771080541999936,0.0],[-43.379302291999977,-22.771422396999981,0.0],[-43.378857229999937,-22.772218792999979,0.0],[-43.378744177999977,-22.772601727999927,0.0],[-43.37880574199994,-22.773300103999929,0.0],[-43.378994095999985,-22.773577210999974,0.0],[-43.379193606999934,-22.773638021999943,0.0]]]]}},
{"type":"Feature","properties":{"OBJECTID":21,"uf":"RJ","geometria":"Sim","municipio":"SÃO JOÃO DE MERITI","processo":"Inundação","classe":"Alta","fonte":"Produto obtido através da modelagem (ver Nota Técnica Explicativa do projeto) validado por trabalho de campo pela CPRM entre os anos de 2012 e 2014.","execucao":"CPRM (2013)","projeto":"Cartas de Suscetibilidade a Movimentos Gravitacionais de Massa e Inundações. Tema: Inundação.","ano":2013,"executor":"CPRM","shape_Length":0.0052628613873330716,"shape_Area":2.4717705939392331e-07},"geometry":{"type":"MultiPolygon","coordinates":[[[[-43.330900766999946,-22.802602183999966,0.0],[-43.331065198999966,-22.802621937999959,0.0],[-43.33102692999995,-22.80233046799998,0.0],[-43.33088171199995,-22.801244051999959,0.0],[-43.330843935999951,-22.800966899999935,0.0],[-43.330740052999943,-22.80019707699995,0.0],[-43.330734952999933,-22.800185033999981,0.0],[-43.330658652999944,-22.800095049999982,0.0],[-43.330814546999932,-22.801373439999963,0.0],[-43.330900766999946,-22.802602183999966,0.0]]]]}},
{"type":"Feature","properties":{"OBJECTID":24,"uf":"RJ","geometria":"Sim","municipio":"SÃO JOÃO DE MERITI","processo":"Inundação","classe":"Média","fonte":"Produto obtido através da modelagem (ver Nota Técnica Explicativa do projeto) validado por trabalho de campo pela CPRM entre os anos de 2012 e 2014.","execucao":"CPRM (2013)","projeto":"Cartas de Suscetibilidade a Movimentos Gravitacionais de Massa e Inundações. Tema: Inundação.","ano":2013,"executor":"CPRM","shape_Length":0.003696006817420289,"shape_Area":2.5530706478308208e-07},"geometry":{"type":"MultiPolygon","coordinates":[[[[-43.347664087999931,-22.763515955999935,0.0],[-43.347421581999981,-22.763098518999982,0.0],[-43.346551270999953,-22.76270719799993,0.0],[-43.346117061999962,-22.762596828999961,0.0],[-43.346235786999955,-22.762727554999969,0.0],[-43.346875653999973,-22.763025265999943,0.0],[-43.347664087999931,-22.763515955999935,0.0]]]]}},
{"type":"Feature","properties":{"OBJECTID":25,"uf":"RJ","geometria":"Sim","municipio":"SÃO JOÃO DE MERITI","processo":"Inundação","classe":"Média","fonte":"Produto obtido através da modelagem (ver Nota Técnica Explicativa do projeto) validado por trabalho de campo pela CPRM entre os anos de 2012 e 2014.","execucao":"CPRM (2013)","projeto":"Cartas de Suscetibilidade a Movimentos Gravitacionais de Massa e Inundações. Tema: Inundação.","ano":2013,"executor":"CPRM","shape_Length":0.0041915536841949661,"shape_Area":4.5781331556665631e-07},"geometry":{"type":"MultiPolygon","coordinates":[[[[-43.402498110999943,-22.783800983999981,0.0],[-43.40251885999993,-22.783833148999975,0.0],[-43.402726451999968,-22.784154959999967,0.0],[-43.403001475999986,-22.78439764899997,0.0],[-43.402865144999964,-22.784157981999954,0.0],[-43.402760081999929,-22.783803989999967,0.0],[-43.402702144999978,-22.783435026999939,0.0],[-43.402652879999948,-22.783073826999953,0.0],[-43.402578043999938,-22.782717067999954,0.0],[-43.40257586499996,-22.782711986999971,0.0],[-43.402249789999985,-22.782547359999967,0.0],[-43.402375669999969,-22.783462282999949,0.0],[-43.402470699999981,-22.783758489999968,0.0],[-43.402498110999943,-22.783800983999981,0.0]]]]}},
{"type":"Feature","properties":{"OBJECTID":27,"uf":"RJ","geometria":"Sim","municipio":"SÃO JOÃO DE MERITI","processo":"Inundação","classe":"Média","fonte":"Produto obtido através da modelagem (ver Nota Técnica Explicativa do projeto) validado por trabalho de campo pela CPRM entre os anos de 2012 e 2014.","execucao":"CPRM (2013)","projeto":"Cartas de Suscetibilidade a Movimentos Gravitacionais de Massa e Inundações. Tema: Inundação.","ano":2013,"executor":"CPRM","shape_Length":0.0090054757065512504,"shape_Area":1.0383232945873128e-06},"geometry":{"type":"MultiPolygon","coordinates":[[[[-43.343560992999983,-22.776703913999938,0.0],[-43.345241876999978,-22.776742661999947,0.0],[-43.345472824999945,-22.776802595999982,0.0],[-43.346244533999936,-22.777222507999966,0.0],[-43.346744711999975,-22.777300103999949,0.0],[-43.347044103999963,-22.777419230999953,0.0],[-43.347788247999972,-22.77747022799997,0.0],[-43.347358708999934,-22.777383863999944,0.0],[-43.346975115999953,-22.777220352999962,0.0],[-43.346096571999965,-22.776445102999958,0.0],[-43.34577952099994,-22.776361096999949,0.0],[-43.345374337999942,-22.776565253999934,0.0],[-43.344118304999938,-22.776595206999957,0.0],[-43.343560992999983,-22.776703913999938,0.0]]]]}},
{"type":"Feature","properties":{"OBJECTID":30,"uf":"RJ","geometria":"Sim","municipio":"SÃO JOÃO DE MERITI","processo":"Inundação","classe":"Média","fonte":"Produto obtido através da modelagem (ver Nota Técnica Explicativa do projeto) validado por trabalho de campo pela CPRM entre os anos de 2012 e 2014.","execucao":"CPRM (2013)","projeto":"Cartas de Suscetibilidade a Movimentos Gravitacionais de Massa e Inundações. Tema: Inundação.","ano":2013,"executor":"CPRM","shape_Length":0.012086208596395259,"shape_Area":1.8006931186585338e-06},"geometry":{"type":"MultiPolygon","coordinates":[[[[-43.33556355199994,-22.765602842999954,0.0],[-43.335675260999949,-22.765499240999929,0.0],[-43.335273075999964,-22.762357032999944,0.0],[-43.335094982999976,-22.761670726999967,0.0],[-43.335104706999971,-22.761385880999967,0.0],[-43.335306598999978,-22.76096615299997,0.0],[-43.335405876999971,-22.760879660999933,0.0],[-43.336110045999931,-22.760686629999952,0.0],[-43.335599986999966,-22.760710945999961,0.0],[-43.334913626999935,-22.760979667999948,0.0],[-43.334521602999985,-22.761297228999979,0.0],[-43.334865238999953,-22.76162964699995,0.0],[-43.334839786999964,-22.761962599999947,0.0],[-43.335029120999934,-22.763024084999927,0.0],[-43.335052161999954,-22.763466305999941,0.0],[-43.334902286999977,-22.764082841999937,0.0],[-43.335020115999953,-22.764354138999977,0.0],[-43.335067122999931,-22.764656179999974,0.0],[-43.335545244999935,-22.765217562999965,0.0],[-43.33556355199994,-22.765602842999954,0.0]]]]}},
{"type":"Feature","properties":{"OBJECTID":32,"uf":"RJ","geometria":"Sim","municipio":"SÃO JOÃO DE MERITI","processo":"Inundação","classe":"Baixa","fonte":"Produto obtido através da modelagem (ver Nota Técnica Explicativa do projeto) validado por trabalho de campo pela CPRM entre os anos de 2012 e 2014.","execucao":"CPRM (2013)","projeto":"Cartas de Suscetibilidade a Movimentos Gravitacionais de Massa e Inundações. Tema: Inundação.","ano":2013,"executor":"CPRM","shape_Length":0.0010858817476533315,"shape_Area":4.4457668538960043e-08},"geometry":{"type":"MultiPolygon","coordinates":[[[[-43.344111756999951,-22.799648444999946,0.0],[-43.343725452999934,-22.79937350199998,0.0],[-43.34374964999995,-22.79962089299994,0.0],[-43.344111756999951,-22.799648444999946,0.0]]]]}},
{"type":"Feature","properties":{"OBJECTID":34,"uf":"RJ","geometria":"Sim","municipio":"SÃO JOÃO DE MERITI","processo":"Inundação","classe":"Média","fonte":"Produto obtido através da modelagem (ver Nota Técnica Explicativa do projeto) validado por trabalho de campo pela CPRM entre os anos de 2012 e 2014.","execucao":"CPRM (2013)","projeto":"Cartas de Suscetibilidade a Movimentos Gravitacionais de Massa e Inundações. Tema: Inundação.","ano":2013,"executor":"CPRM","shape_Length":0.0025259516749955068,"shape_Area":3.1213134364222571e-07},"geometry":{"type":"MultiPolygon","coordinates":[[[[-43.371829580999986,-22.780541690999939,0.0],[-43.371882290999963,-22.78058320599996,0.0],[-43.372315948999983,-22.780544365999958,0.0],[-43.372417755999948,-22.780220500999974,0.0],[-43.372347443999956,-22.779849807999938,0.0],[-43.372205734999966,-22.779688023999938,0.0],[-43.372120817999985,-22.780103377999978,0.0],[-43.371789055999955,-22.780232794999961,0.0],[-43.371829580999986,-22.780541690999939,0.0]]]]}},
{"type":"Feature","properties":{"OBJECTID":37,"uf":"RJ","geometria":"Sim","municipio":"SÃO JOÃO DE MERITI","processo":"Inundação","classe":"Alta","fonte":"Produto obtido através da modelagem (ver Nota Técnica Explicativa do projeto) validado por trabalho de campo pela CPRM entre os anos de 2012 e 2014.","execucao":"CPRM (2013)","projeto":"Cartas de Suscetibilidade a Movimentos Gravitacionais de Massa e Inundações. Tema: Inundação.","ano":2013,"executor":"CPRM","shape_Length":0.0022725343673117501,"shape_Area":2.377613086550702e-07},"geometry":{"type":"MultiPolygon","coordinates":[[[[-43.409481292999942,-22.79187651899997,0.0],[-43.40991665699994,-22.791842477999978,0.0],[-43.410428398999954,-22.791623262999963,0.0],[-43.410353164999947,-22.791578606999963,0.0],[-43.410145891999946,-22.791422742999941,0.0],[-43.410145855999986,-22.791422715999943,0.0],[-43.40997909999993,-22.791328208999971,0.0],[-43.409481292999942,-22.79187651899997,0.0]]]]}},
{"type":"Feature","properties":{"OBJECTID":44,"uf":"RJ","geometria":"Sim","municipio":"SÃO JOÃO DE MERITI","processo":"Inundação","classe":"Baixa","fonte":"Produto obtido através da modelagem (ver Nota Técnica Explicativa do projeto) validado por trabalho de campo pela CPRM entre os anos de 2012 e 2014.","execucao":"CPRM (2013)","projeto":"Cartas de Suscetibilidade a Movimentos Gravitacionais de Massa e Inundações. Tema: Inundação.","ano":2013,"executor":"CPRM","shape_Length":0.001222671844811043,"shape_Area":6.6981565167232647e-08},"geometry":{"type":"MultiPolygon","coordinates":[[[[-43.390432626999939,-22.812853270999938,0.0],[-43.390592135999952,-22.812677654999959,0.0],[-43.390658486999939,-22.812604602999954,0.0],[-43.390180158999954,-22.812538109999934,0.0],[-43.390432626999939,-22.812853270999938,0.0]]]]}},
{"type":"Feature","properties":{"OBJECTID":47,"uf":"RJ","geometria":"Sim","municipio":"SÃO JOÃO DE MERITI","processo":"Inundação","classe":"Média","fonte":"Produto obtido através da modelagem (ver Nota Técnica Explicativa do projeto) validado por trabalho de campo pela CPRM entre os anos de 2012 e 2014.","execucao":"CPRM (2013)","projeto":"Cartas de Suscetibilidade a Movimentos Gravitacionais de Massa e Inundações. Tema: Inundação.","ano":2013,"executor":"CPRM","shape_Length":0.05166382574588934,"shape_Area":7.9011945053323263e-06},"geometry":{"type":"MultiPolygon","coordinates":[[[[-43.378107779999937,-22.766627842999981,0.0],[-43.379022372999941,-22.76666579099998,0.0],[-43.379811080999957,-22.766912022999975,0.0],[-43.380490582999983,-22.767863908999971,0.0],[-43.380709428999978,-22.76841843699998,0.0],[-43.380831605999958,-22.768881542999964,0.0],[-43.380834380999943,-22.769153489999951,0.0],[-43.380690272999971,-22.769406080999943,0.0],[-43.380790665999939,-22.770244025999943,0.0],[-43.381058200999973,-22.770251805999976,0.0],[-43.381204207999986,-22.770113933999937,0.0],[-43.38232512299993,-22.769764269999939,0.0],[-43.382850675999975,-22.76983661099996,0.0],[-43.383311850999974,-22.770010716999934,0.0],[-43.383627643999944,-22.770298300999968,0.0],[-43.383865453999931,-22.770738123999934,0.0],[-43.383921416999954,-22.771336076999944,0.0],[-43.384175852999931,-22.772703958999955,0.0],[-43.384477114999981,-22.773571629999935,0.0],[-43.384483392999982,-22.774185020999937,0.0],[-43.384193913999979,-22.774723287999961,0.0],[-43.383944723999946,-22.775008298999978,0.0],[-43.383548936999944,-22.775192324999978,0.0],[-43.382632957999931,-22.775163060999944,0.0],[-43.382700941999985,-22.775230127999976,0.0],[-43.383180060999962,-22.775326198999949,0.0],[-43.383809783999936,-22.77527067699998,0.0],[-43.38435309099998,-22.775033013999973,0.0],[-43.384695038999951,-22.774648852999974,0.0],[-43.384891078999942,-22.774170378999941,0.0],[-43.385371350999947,-22.774739954999973,0.0],[-43.385965521999935,-22.775326096999947,0.0],[-43.386487422999949,-22.775626852999949,0.0],[-43.38677910499996,-22.775722740999981,0.0],[-43.387309039999934,-22.775666936999983,0.0],[-43.387940407999963,-22.775307772999952,0.0],[-43.388417354999945,-22.774815916999955,0.0],[-43.388677142999938,-22.774360529999967,0.0],[-43.388846297999976,-22.773985585999981,0.0],[-43.38895909799993,-22.773410187999957,0.0],[-43.388816045999931,-22.772488453999983,0.0],[-43.387887632999934,-22.77157260499996,0.0],[-43.38751360699996,-22.771389117999945,0.0],[-43.386469395999939,-22.771378736999964,0.0],[-43.385515416999965,-22.772126546999971,0.0],[-43.384871271999941,-22.773068483999964,0.0],[-43.384583029999931,-22.772889035999981,0.0],[-43.384301907999941,-22.772424744999967,0.0],[-43.384206286999984,-22.771966407999969,0.0],[-43.384116027999937,-22.770316450999928,0.0],[-43.383778751999955,-22.769983714999967,0.0],[-43.382742886999949,-22.76936774099994,0.0],[-43.382041002999983,-22.769136974999981,0.0],[-43.381379262999985,-22.76899521699994,0.0],[-43.381131359999983,-22.768769449999979,0.0],[-43.380276140999968,-22.767314872999975,0.0],[-43.37977211599997,-22.766817594999964,0.0],[-43.379377439999985,-22.766533502999948,0.0],[-43.379103719999932,-22.766478608999932,0.0],[-43.378436429999965,-22.766469184999949,0.0],[-43.378107779999937,-22.766627842999981,0.0]],[[-43.386528007999971,-22.771775099999957,0.0],[-43.387102070999958,-22.771619262999934,0.0],[-43.387610694999978,-22.771723324999982,0.0],[-43.388106472999937,-22.771973049999929,0.0],[-43.388475014999983,-22.772350055999937,0.0],[-43.388708392999945,-22.77272753099993,0.0],[-43.388766274999966,-22.773206171999959,0.0],[-43.388393768999947,-22.774669814999982,0.0],[-43.387886347999938,-22.775177226999972,0.0],[-43.387391673999957,-22.775316975999942,0.0],[-43.386623906999944,-22.775338931999954,0.0],[-43.38588742099995,-22.775019892999978,0.0],[-43.385636040999941,-22.774762735999957,0.0],[-43.385388121999938,-22.77434369599996,0.0],[-43.385292128999936,-22.773848142999952,0.0],[-43.385311358999957,-22.773495477999973,0.0],[-43.385466740999959,-22.772842407999974,0.0],[-43.385640106999972,-22.772546442999953,0.0],[-43.386015696999948,-22.77212788099996,0.0],[-43.386528007999971,-22.771775099999957,0.0]]]]}},
{"type":"Feature","properties":{"OBJECTID":48,"uf":"RJ","geometria":"Sim","municipio":"SÃO JOÃO DE MERITI","processo":"Inundação","classe":"Baixa","fonte":"Produto obtido através da modelagem (ver Nota Técnica Explicativa do projeto) validado por trabalho de campo pela CPRM entre os anos de 2012 e 2014.","execucao":"CPRM (2013)","projeto":"Cartas de Suscetibilidade a Movimentos Gravitacionais de Massa e Inundações. Tema: Inundação.","ano":2013,"executor":"CPRM","shape_Length":0.0018945297712155689,"shape_Area":1.9874950958384382e-07},"geometry":{"type":"MultiPolygon","coordinates":[[[[-43.390592135999952,-22.812677654999959,0.0],[-43.390823028999932,-22.813075541999979,0.0],[-43.39102423199995,-22.813020988999938,0.0],[-43.391031029999965,-22.813013136999928,0.0],[-43.391325925999979,-22.812679420999928,0.0],[-43.390658486999939,-22.812604602999954,0.0],[-43.390592135999952,-22.812677654999959,0.0]]]]}},
{"type":"Feature","properties":{"OBJECTID":51,"uf":"RJ","geometria":"Sim","municipio":"SÃO JOÃO DE MERITI","processo":"Inundação","classe":"Alta","fonte":"Produto obtido através da modelagem (ver Nota Técnica Explicativa do projeto) validado por trabalho de campo pela CPRM entre os anos de 2012 e 2014.","execucao":"CPRM (2013)","projeto":"Cartas de Suscetibilidade a Movimentos Gravitacionais de Massa e Inundações. Tema: Inundação.","ano":2013,"executor":"CPRM","shape_Length":0.091527157956872787,"shape_Area":6.0072702748688699e-05},"geometry":{"type":"MultiPolygon","coordinates":[[[[-43.33088171199995,-22.801244051999959,0.0],[-43.33102692999995,-22.80233046799998,0.0],[-43.331065198999966,-22.802621937999959,0.0],[-43.330900766999946,-22.802602183999966,0.0],[-43.330904769999961,-22.802659236999943,0.0],[-43.331721629999947,-22.802684411999962,0.0],[-43.331943680999984,-22.802706444999956,0.0],[-43.33273709499997,-22.802785171999972,0.0],[-43.332737185999974,-22.802785179999944,0.0],[-43.332737251999959,-22.802785186999927,0.0],[-43.333968779999964,-22.802907384999969,0.0],[-43.334275324999965,-22.802937799999938,0.0],[-43.335154709999983,-22.803005274999975,0.0],[-43.33536946199996,-22.80301738199995,0.0],[-43.336319444999958,-22.803070930999979,0.0],[-43.336564864999957,-22.803084764999937,0.0],[-43.339148997999985,-22.803169737999951,0.0],[-43.33944883199996,-22.803179596999939,0.0],[-43.339521533999971,-22.803185076999966,0.0],[-43.340227314999936,-22.803238270999941,0.0],[-43.340227361999951,-22.803238273999966,0.0],[-43.340227389999939,-22.803238275999945,0.0],[-43.346077415999957,-22.803578818999938,0.0],[-43.346768078999958,-22.803342649999934,0.0],[-43.347187692999967,-22.803362428999947,0.0],[-43.347292990999961,-22.803575433999981,0.0],[-43.347594257999958,-22.803669025999966,0.0],[-43.347938773999942,-22.80365365199998,0.0],[-43.348278487999949,-22.803732973999956,0.0],[-43.348672139999962,-22.803525447999959,0.0],[-43.348672994999959,-22.80352441499997,0.0],[-43.348954657999968,-22.803376406999973,0.0],[-43.349014631999978,-22.803344891999927,0.0],[-43.349082689999932,-22.803321104999952,0.0],[-43.34938253699994,-22.803216306999957,0.0],[-43.349769311999978,-22.803146709999965,0.0],[-43.349943983999935,-22.803124948999937,0.0],[-43.350109629999963,-22.803104311999959,0.0],[-43.350157484999954,-22.803098349999971,0.0],[-43.350197695999952,-22.803090746999942,0.0],[-43.350231403999942,-22.803004676999933,0.0],[-43.350179311999966,-22.802471756999978,0.0],[-43.349894755999969,-22.80226473099998,0.0],[-43.348660755999958,-22.802199610999935,0.0],[-43.348432191999962,-22.801712265999981,0.0],[-43.34804330399993,-22.801613472999975,0.0],[-43.347866719999956,-22.801786254999968,0.0],[-43.347816676999969,-22.80145790399996,0.0],[-43.348204604999978,-22.801326595999967,0.0],[-43.348211288999948,-22.801204665999933,0.0],[-43.346958862999941,-22.801186817999962,0.0],[-43.346405553999944,-22.801276272999928,0.0],[-43.346113235999951,-22.801225952999971,0.0],[-43.345997703999956,-22.801338997999949,0.0],[-43.345695675999934,-22.801424216999976,0.0],[-43.345565570999952,-22.801790887999971,0.0],[-43.345344907999959,-22.801884651999956,0.0],[-43.34524709599998,-22.80216031599997,0.0],[-43.344919523999977,-22.802387855999939,0.0],[-43.344606241999941,-22.802326063999942,0.0],[-43.344453491999957,-22.801907024999934,0.0],[-43.344446820999963,-22.801689530999965,0.0],[-43.344881465999947,-22.80145866099997,0.0],[-43.344992261999948,-22.80126968299993,0.0],[-43.344930252999973,-22.80113279099993,0.0],[-43.344637775999956,-22.800941686999977,0.0],[-43.344409098999961,-22.801163367999948,0.0],[-43.344276914999966,-22.801698939999937,0.0],[-43.343989264999948,-22.801724305999983,0.0],[-43.343969179999931,-22.801353050999978,0.0],[-43.343654231999949,-22.801218811999945,0.0],[-43.343499898999937,-22.800620644999981,0.0],[-43.343181870999956,-22.800563437999983,0.0],[-43.343035595999936,-22.800402408999958,0.0],[-43.342915867999977,-22.800018155999965,0.0],[-43.342761038999981,-22.799830568999937,0.0],[-43.342787219999934,-22.799565719999975,0.0],[-43.343073124999933,-22.798991917999956,0.0],[-43.343122727999969,-22.79872181099995,0.0],[-43.342810620999956,-22.798466796999946,0.0],[-43.34231508299996,-22.798336190999976,0.0],[-43.342210906999981,-22.797887811999942,0.0],[-43.342169387999945,-22.797308670999939,0.0],[-43.342389782999931,-22.797056711999971,0.0],[-43.342390328999954,-22.797011561999966,0.0],[-43.34189130599998,-22.796525663999944,0.0],[-43.341816335999965,-22.796194670999967,0.0],[-43.341645549999953,-22.795989917999975,0.0],[-43.341518914999938,-22.795207564999941,0.0],[-43.341586457999938,-22.79465468799998,0.0],[-43.341890734999936,-22.794271823999964,0.0],[-43.342477788999929,-22.793806460999974,0.0],[-43.342575724999961,-22.793762323999943,0.0],[-43.342531106999957,-22.793404394999982,0.0],[-43.342338254999959,-22.793263148999927,0.0],[-43.342306347999966,-22.793357553999954,0.0],[-43.341643325999939,-22.793945734999966,0.0],[-43.341232665999939,-22.794224167999971,0.0],[-43.340354702999946,-22.794334738999964,0.0],[-43.340396301999931,-22.794621860999939,0.0],[-43.340814741999964,-22.795245548999958,0.0],[-43.340848991999962,-22.795595723999952,0.0],[-43.340975803999982,-22.79583798799996,0.0],[-43.340987427999949,-22.796229334999964,0.0],[-43.341340482999954,-22.796805074999952,0.0],[-43.341398602999959,-22.797120486999972,0.0],[-43.341639387999976,-22.79766766299997,0.0],[-43.341717450999965,-22.79813422899997,0.0],[-43.341657944999952,-22.798736191999978,0.0],[-43.341214807999961,-22.799723956999969,0.0],[-43.341427925999938,-22.800352353999983,0.0],[-43.341170814999941,-22.800768563999952,0.0],[-43.340855498999986,-22.800809516999948,0.0],[-43.340040813999963,-22.800578623999968,0.0],[-43.339767893999976,-22.800772237999979,0.0],[-43.33978910999997,-22.801057058999959,0.0],[-43.34003423799993,-22.801475365999977,0.0],[-43.340161493999972,-22.801946360999978,0.0],[-43.339949188999981,-22.80201926899997,0.0],[-43.339785884999969,-22.801839488999974,0.0],[-43.339627600999961,-22.801793505999967,0.0],[-43.339169092999953,-22.801475565999965,0.0],[-43.339241132999973,-22.800747018999971,0.0],[-43.339140966999935,-22.800485081999966,0.0],[-43.338628858999982,-22.800417526999979,0.0],[-43.338344479999932,-22.800266513999929,0.0],[-43.338165776999972,-22.799992971999927,0.0],[-43.337925575999975,-22.799719537999977,0.0],[-43.337477953999951,-22.799072701999933,0.0],[-43.337407982999935,-22.798224026999947,0.0],[-43.337266274999934,-22.797861308999927,0.0],[-43.336597615999949,-22.797029853999959,0.0],[-43.336475191999966,-22.796243368999967,0.0],[-43.336194708999983,-22.795751691999953,0.0],[-43.335992717999943,-22.795120081999983,0.0],[-43.336049294999953,-22.794380228999955,0.0],[-43.335921621999944,-22.794038249999971,0.0],[-43.335486485999979,-22.79366951999998,0.0],[-43.335026698999968,-22.793500101999939,0.0],[-43.334967134999943,-22.792878102999964,0.0],[-43.335359573999938,-22.792671703999929,0.0],[-43.334767589999956,-22.791869694999946,0.0],[-43.334679325999957,-22.791593681999927,0.0],[-43.334862832999931,-22.791243601999952,0.0],[-43.334521437999967,-22.790781634999973,0.0],[-43.334284538999952,-22.790740857999936,0.0],[-43.334193357999936,-22.790887590999944,0.0],[-43.333835461999968,-22.791039655999953,0.0],[-43.333719223999935,-22.791250408999929,0.0],[-43.333907838999949,-22.792036290999931,0.0],[-43.333888913999942,-22.792380884999943,0.0],[-43.334535247999952,-22.793164866999973,0.0],[-43.334513469999933,-22.79356139999993,0.0],[-43.333604086999969,-22.794072624999956,0.0],[-43.332950138999934,-22.79427071799995,0.0],[-43.332474766999951,-22.794513657999971,0.0],[-43.332287789999953,-22.794801069999949,0.0],[-43.332603577999976,-22.795078559999979,0.0],[-43.333291480999947,-22.795132846999934,0.0],[-43.333615814999973,-22.795242068999983,0.0],[-43.334395665999978,-22.795917624999959,0.0],[-43.335015068999951,-22.796196610999971,0.0],[-43.33506715599998,-22.796466022999937,0.0],[-43.335498052999981,-22.796761950999951,0.0],[-43.335667935999936,-22.797244967999973,0.0],[-43.336120027999982,-22.797559735999982,0.0],[-43.336164461999942,-22.79827955899998,0.0],[-43.335749302999943,-22.799923855999964,0.0],[-43.335557690999963,-22.800250628999947,0.0],[-43.335262711999974,-22.801100735999967,0.0],[-43.33539387999997,-22.801576143999966,0.0],[-43.335286828999983,-22.801758710999934,0.0],[-43.334963444999971,-22.802030291999927,0.0],[-43.333388628999955,-22.801901505999979,0.0],[-43.332625911999969,-22.801628343999937,0.0],[-43.332003575999977,-22.801522925999961,0.0],[-43.331287861999954,-22.801522628999976,0.0],[-43.330958008999971,-22.801356354999939,0.0],[-43.33088171199995,-22.801244051999959,0.0]],[[-43.341298445999939,-22.802254055999981,0.0],[-43.341405670999961,-22.802093352999975,0.0],[-43.341756608999958,-22.802145173999975,0.0],[-43.341709502999947,-22.802419422999947,0.0],[-43.341398983999966,-22.80246501299996,0.0],[-43.341298445999939,-22.802254055999981,0.0]]]]}},
{"type":"Feature","properties":{"OBJECTID":54,"uf":"RJ","geometria":"Sim","municipio":"SÃO JOÃO DE MERITI","processo":"Inundação","classe":"Baixa","fonte":"Produto obtido através da modelagem (ver Nota Técnica Explicativa do projeto) validado por trabalho de campo pela CPRM entre os anos de 2012 e 2014.","execucao":"CPRM (2013)","projeto":"Cartas de Suscetibilidade a Movimentos Gravitacionais de Massa e Inundações. Tema: Inundação.","ano":2013,"executor":"CPRM","shape_Length":0.0037509498134108816,"shape_Area":2.060930256203546e-07},"geometry":{"type":"MultiPolygon","coordinates":[[[[-43.330327319999981,-22.793599881999967,0.0],[-43.330684022999947,-22.794215018999978,0.0],[-43.331219789999977,-22.794745314999943,0.0],[-43.331461735999937,-22.79459467199996,0.0],[-43.331113273999961,-22.794494348999933,0.0],[-43.330763404999971,-22.794098943999927,0.0],[-43.330307725999944,-22.793359125999928,0.0],[-43.330327319999981,-22.793599881999967,0.0]]]]}},
{"type":"Feature","properties":{"OBJECTID":56,"uf":"RJ","geometria":"Sim","municipio":"SÃO JOÃO DE MERITI","processo":"Inundação","classe":"Baixa","fonte":"Produto obtido através da modelagem (ver Nota Técnica Explicativa do projeto) validado por trabalho de campo pela CPRM entre os anos de 2012 e 2014.","execucao":"CPRM (2013)","projeto":"Cartas de Suscetibilidade a Movimentos Gravitacionais de Massa e Inundações. Tema: Inundação.","ano":2013,"executor":"CPRM","shape_Length":0.0053786864023334206,"shape_Area":9.6428022158519723e-07},"geometry":{"type":"MultiPolygon","coordinates":[[[[-43.395549427999981,-22.807219453999949,0.0],[-43.395048534999944,-22.807770987999959,0.0],[-43.394799575999969,-22.80804511499997,0.0],[-43.394763737999938,-22.808393525999975,0.0],[-43.394430338999939,-22.808980333999955,0.0],[-43.394352663999939,-22.809426329999951,0.0],[-43.394694176999963,-22.809053879999965,0.0],[-43.395666167999934,-22.80802323599994,0.0],[-43.395666239999969,-22.808023158999958,0.0],[-43.395620082999983,-22.807958526999982,0.0],[-43.395711114999983,-22.807720425999946,0.0],[-43.395550600999968,-22.80721816199997,0.0],[-43.395549427999981,-22.807219453999949,0.0]]]]}},
{"type":"Feature","properties":{"OBJECTID":60,"uf":"RJ","geometria":"Sim","municipio":"SÃO JOÃO DE MERITI","processo":"Inundação","classe":"Média","fonte":"Produto obtido através da modelagem (ver Nota Técnica Explicativa do projeto) validado por trabalho de campo pela CPRM entre os anos de 2012 e 2014.","execucao":"CPRM (2013)","projeto":"Cartas de Suscetibilidade a Movimentos Gravitacionais de Massa e Inundações. Tema: Inundação.","ano":2013,"executor":"CPRM","shape_Length":0.030833840283349623,"shape_Area":6.8048522861385032e-06},"geometry":{"type":"MultiPolygon","coordinates":[[[[-43.39320454999995,-22.803853559999936,0.0],[-43.394419402999972,-22.804091579999977,0.0],[-43.395524887999954,-22.803037804999974,0.0],[-43.395538443999953,-22.80278896599998,0.0],[-43.395450315999938,-22.802610856999934,0.0],[-43.394833862999974,-22.80197342799994,0.0],[-43.394937475999939,-22.802379798999937,0.0],[-43.39489148399997,-22.80284686899995,0.0],[-43.394549821999931,-22.803198170999963,0.0],[-43.394212105999941,-22.80331311599997,0.0],[-43.394075790999977,-22.803163161999976,0.0],[-43.39398842099996,-22.802487038999971,0.0],[-43.393709630999979,-22.801388345999953,0.0],[-43.393862655999953,-22.801220254999976,0.0],[-43.394147166999971,-22.801371206999931,0.0],[-43.394785691999971,-22.801927786999954,0.0],[-43.394449929999951,-22.801361919999977,0.0],[-43.394298296999978,-22.800875920999943,0.0],[-43.394423461999963,-22.799814363999928,0.0],[-43.394332555999938,-22.799033247999944,0.0],[-43.394256987999938,-22.799326859999951,0.0],[-43.394029456999931,-22.799781776999964,0.0],[-43.393661493999957,-22.800269133999961,0.0],[-43.393386311999961,-22.800309796999954,0.0],[-43.393093218999979,-22.799752465999973,0.0],[-43.39261033899993,-22.798224568999956,0.0],[-43.392244911999967,-22.79742456699995,0.0],[-43.392109293999965,-22.796870006999939,0.0],[-43.392192952999949,-22.796412257999975,0.0],[-43.391814430999943,-22.795644616999937,0.0],[-43.391769823999937,-22.79545359399998,0.0],[-43.391917879999937,-22.795200858999976,0.0],[-43.392526618999966,-22.79479624499993,0.0],[-43.39263078099998,-22.794635980999942,0.0],[-43.39159207199998,-22.794998946999954,0.0],[-43.391334453999946,-22.795356409999954,0.0],[-43.391326726999978,-22.795585269999947,0.0],[-43.391457422999963,-22.795973014999959,0.0],[-43.392050266999945,-22.797156849999965,0.0],[-43.392393755999933,-22.798210567999945,0.0],[-43.392947938999953,-22.801055653999981,0.0],[-43.393378739999946,-22.80205535999994,0.0],[-43.393484512999976,-22.802781504999928,0.0],[-43.393359720999968,-22.803476943999954,0.0],[-43.39320454999995,-22.803853559999936,0.0]]]]}},
{"type":"Feature","properties":{"OBJECTID":64,"uf":"RJ","geometria":"Sim","municipio":"SÃO JOÃO DE MERITI","processo":"Inundação","classe":"Média","fonte":"Produto obtido através da modelagem (ver Nota Técnica Explicativa do projeto) validado por trabalho de campo pela CPRM entre os anos de 2012 e 2014.","execucao":"CPRM (2013)","projeto":"Cartas de Suscetibilidade a Movimentos Gravitacionais de Massa e Inundações. Tema: Inundação.","ano":2013,"executor":"CPRM","shape_Length":0.011670014973551253,"shape_Area":2.0452654045152201e-06},"geometry":{"type":"MultiPolygon","coordinates":[[[[-43.365605180999978,-22.790206966999961,0.0],[-43.365023979999933,-22.790333757999974,0.0],[-43.364435832999959,-22.790306100999942,0.0],[-43.364116710999951,-22.790073954999968,0.0],[-43.364024610999934,-22.789696996999965,0.0],[-43.364090730999976,-22.789165753999953,0.0],[-43.364551242999937,-22.788013191999937,0.0],[-43.364768599999934,-22.787873743999967,0.0],[-43.365628860999948,-22.788220367999941,0.0],[-43.365343687999939,-22.787835511999958,0.0],[-43.36470213299998,-22.787816791999944,0.0],[-43.364395016999936,-22.787999021999951,0.0],[-43.364177995999967,-22.788258209999981,0.0],[-43.364005384999984,-22.788733462999971,0.0],[-43.363602428999968,-22.789241025999956,0.0],[-43.363444927999979,-22.789725503999932,0.0],[-43.363433422999947,-22.790064312999959,0.0],[-43.363944728999968,-22.790934162999974,0.0],[-43.364571928999965,-22.790952468999933,0.0],[-43.36493259599996,-22.790794768999945,0.0],[-43.365605180999978,-22.790206966999961,0.0]]]]}},
{"type":"Feature","properties":{"OBJECTID":66,"uf":"RJ","geometria":"Sim","municipio":"SÃO JOÃO DE MERITI","processo":"Inundação","classe":"Baixa","fonte":"Produto obtido através da modelagem (ver Nota Técnica Explicativa do projeto) validado por trabalho de campo pela CPRM entre os anos de 2012 e 2014.","execucao":"CPRM (2013)","projeto":"Cartas de Suscetibilidade a Movimentos Gravitacionais de Massa e Inundações. Tema: Inundação.","ano":2013,"executor":"CPRM","shape_Length":0.0085473862460669729,"shape_Area":1.2344987356293761e-06},"geometry":{"type":"MultiPolygon","coordinates":[[[[-43.351694422999969,-22.80090105599993,0.0],[-43.351006134999977,-22.801130787999966,0.0],[-43.350503195999977,-22.801204980999955,0.0],[-43.349651924999932,-22.80095352799998,0.0],[-43.348697455999968,-22.800761954999928,0.0],[-43.34770283499995,-22.800724270999979,0.0],[-43.348833339999942,-22.800992058999952,0.0],[-43.349231496999948,-22.801258530999974,0.0],[-43.349445887999934,-22.801477916999943,0.0],[-43.349947569999983,-22.801585221999972,0.0],[-43.350905723999972,-22.801541888999964,0.0],[-43.351318590999938,-22.801322560999949,0.0],[-43.351516386999947,-22.801156409999976,0.0],[-43.351694422999969,-22.80090105599993,0.0]]]]}},
{"type":"Feature","properties":{"OBJECTID":70,"uf":"RJ","geometria":"Sim","municipio":"SÃO JOÃO DE MERITI","processo":"Inundação","classe":"Média","fonte":"Produto obtido através da modelagem (ver Nota Técnica Explicativa do projeto) validado por trabalho de campo pela CPRM entre os anos de 2012 e 2014.","execucao":"CPRM (2013)","projeto":"Cartas de Suscetibilidade a Movimentos Gravitacionais de Massa e Inundações. Tema: Inundação.","ano":2013,"executor":"CPRM","shape_Length":0.025766926134898692,"shape_Area":6.6062300930241415e-06},"geometry":{"type":"MultiPolygon","coordinates":[[[[-43.36364985199998,-22.770408807999956,0.0],[-43.363826721999942,-22.770270623999977,0.0],[-43.364292495999962,-22.769566777999955,0.0],[-43.36460378299995,-22.769483332999982,0.0],[-43.364768982999976,-22.769497348999948,0.0],[-43.364922188999969,-22.769665983999971,0.0],[-43.365306630999953,-22.769735091999962,0.0],[-43.365530502999945,-22.770134036999934,0.0],[-43.365502659999947,-22.770202016999974,0.0],[-43.366125069999953,-22.770051615999932,0.0],[-43.366578628999946,-22.770406459999947,0.0],[-43.366864776999932,-22.770967141999961,0.0],[-43.367289509999978,-22.771440635999966,0.0],[-43.367635014999962,-22.771509505999973,0.0],[-43.368055355999957,-22.77137447399997,0.0],[-43.36828470699993,-22.771048060999931,0.0],[-43.368247802999974,-22.770342997999933,0.0],[-43.368290326999954,-22.769784945999959,0.0],[-43.368214413999965,-22.769206750999956,0.0],[-43.367962510999973,-22.768333201999951,0.0],[-43.367649515999972,-22.76767396799994,0.0],[-43.367630044999942,-22.767378986999972,0.0],[-43.367570717999968,-22.767427063999946,0.0],[-43.36754603299994,-22.767750939999928,0.0],[-43.367685365999932,-22.768537425999966,0.0],[-43.367726710999932,-22.769327272999931,0.0],[-43.367612134999945,-22.769962945999964,0.0],[-43.367384283999968,-22.770287224999947,0.0],[-43.367294736999952,-22.77029125599995,0.0],[-43.366730684999936,-22.769350387999964,0.0],[-43.366263238999977,-22.769075744999952,0.0],[-43.365447943999982,-22.768833101999974,0.0],[-43.365437068999938,-22.768625248999967,0.0],[-43.36552065099994,-22.768461169999966,0.0],[-43.365834422999967,-22.768280593999975,0.0],[-43.366323491999935,-22.767884271999947,0.0],[-43.366613781999945,-22.76740164399996,0.0],[-43.366714658999967,-22.767067161999933,0.0],[-43.366783831999953,-22.766159590999962,0.0],[-43.366628046999949,-22.765652821999936,0.0],[-43.366693013999964,-22.766216263999979,0.0],[-43.366558808999969,-22.767407452999976,0.0],[-43.366094136999948,-22.76787915999995,0.0],[-43.365749178999977,-22.768015765999962,0.0],[-43.365017221999949,-22.768188491999979,0.0],[-43.36462863099996,-22.768503383999928,0.0],[-43.364347839999937,-22.769054579999931,0.0],[-43.364175053999929,-22.769125987999928,0.0],[-43.364076616999967,-22.76944360899995,0.0],[-43.363683401999936,-22.770194257999947,0.0],[-43.36364985199998,-22.770408807999956,0.0]]]]}},
{"type":"Feature","properties":{"OBJECTID":72,"uf":"RJ","geometria":"Sim","municipio":"SÃO JOÃO DE MERITI","processo":"Inundação","classe":"Baixa","fonte":"Produto obtido através da modelagem (ver Nota Técnica Explicativa do projeto) validado por trabalho de campo pela CPRM entre os anos de 2012 e 2014.","execucao":"CPRM (2013)","projeto":"Cartas de Suscetibilidade a Movimentos Gravitacionais de Massa e Inundações. Tema: Inundação.","ano":2013,"executor":"CPRM","shape_Length":0.0012826414111551964,"shape_Area":5.2570941485243747e-08},"geometry":{"type":"MultiPolygon","coordinates":[[[[-43.342820406999977,-22.797693358999936,0.0],[-43.342484991999982,-22.797238321999941,0.0],[-43.342388288999985,-22.797420598999963,0.0],[-43.342820406999977,-22.797693358999936,0.0]]]]}},
{"type":"Feature","properties":{"OBJECTID":74,"uf":"RJ","geometria":"Sim","municipio":"SÃO JOÃO DE MERITI","processo":"Inundação","classe":"Média","fonte":"Produto obtido através da modelagem (ver Nota Técnica Explicativa do projeto) validado por trabalho de campo pela CPRM entre os anos de 2012 e 2014.","execucao":"CPRM (2013)","projeto":"Cartas de Suscetibilidade a Movimentos Gravitacionais de Massa e Inundações. Tema: Inundação.","ano":2013,"executor":"CPRM","shape_Length":0.0021644178200184677,"shape_Area":2.4376786581937531e-07},"geometry":{"type":"MultiPolygon","coordinates":[[[[-43.359060831999955,-22.771400264999954,0.0],[-43.359370107999951,-22.771140079999952,0.0],[-43.359220013999959,-22.770494353999936,0.0],[-43.35916954299995,-22.770453116999931,0.0],[-43.359008702999972,-22.770731639999951,0.0],[-43.358945844999937,-22.771097956999938,0.0],[-43.35899982799998,-22.77135558699996,0.0],[-43.359060831999955,-22.771400264999954,0.0]]]]}},
{"type":"Feature","properties":{"OBJECTID":78,"uf":"RJ","geometria":"Sim","municipio":"SÃO JOÃO DE MERITI","processo":"Inundação","classe":"Baixa","fonte":"Produto obtido através da modelagem (ver Nota Técnica Explicativa do projeto) validado por trabalho de campo pela CPRM entre os anos de 2012 e 2014.","execucao":"CPRM (2013)","projeto":"Cartas de Suscetibilidade a Movimentos Gravitacionais de Massa e Inundações. Tema: Inundação.","ano":2013,"executor":"CPRM","shape_Length":0.026030457122243993,"shape_Area":6.9828236941580335e-06},"geometry":{"type":"MultiPolygon","coordinates":[[[[-43.360881402999951,-22.794267627999943,0.0],[-43.360560292999935,-22.793973368999957,0.0],[-43.360155761999977,-22.793177914999944,0.0],[-43.359015241999941,-22.79161923099997,0.0],[-43.35880431399994,-22.791121282999939,0.0],[-43.358863532999976,-22.790436219999947,0.0],[-43.358624159999977,-22.790100831999951,0.0],[-43.358617446999972,-22.789432014999932,0.0],[-43.358701910999969,-22.788619006999966,0.0],[-43.358608978999939,-22.78814998799993,0.0],[-43.358406644999945,-22.787856787999942,0.0],[-43.35811885499993,-22.787671546999945,0.0],[-43.357655023999939,-22.787657993999971,0.0],[-43.357311000999971,-22.787732011999935,0.0],[-43.35644562799996,-22.788462829999958,0.0],[-43.355957372999967,-22.788640722999958,0.0],[-43.355385962999947,-22.788641021999979,0.0],[-43.355019221999953,-22.788434010999936,0.0],[-43.354518286999962,-22.787977700999932,0.0],[-43.354228316999979,-22.787630713999931,0.0],[-43.354094452999959,-22.787605045999953,0.0],[-43.35476536699997,-22.788521399999979,0.0],[-43.354678122999985,-22.788744214999952,0.0],[-43.354690732999984,-22.789154333999932,0.0],[-43.354635566999946,-22.789259657999935,0.0],[-43.35444010599997,-22.789314826999941,0.0],[-43.354486209999948,-22.78939392999996,0.0],[-43.355665647999956,-22.789164451999966,0.0],[-43.355984706999948,-22.789271850999967,0.0],[-43.356414622999978,-22.789152438999963,0.0],[-43.35744326799994,-22.788552035999942,0.0],[-43.357746306999957,-22.78873793899993,0.0],[-43.357847207999953,-22.790298520999954,0.0],[-43.358002953999971,-22.790613522999934,0.0],[-43.358300992999943,-22.79070440199996,0.0],[-43.358574076999957,-22.791220369999962,0.0],[-43.358776593999949,-22.791692351999927,0.0],[-43.359002682999972,-22.792664995999928,0.0],[-43.359358669999949,-22.792883360999951,0.0],[-43.359411049999949,-22.793211673999963,0.0],[-43.359698748999961,-22.793464387999961,0.0],[-43.359948760999941,-22.794686153999976,0.0],[-43.360097465999957,-22.794195620999972,0.0],[-43.360575710999967,-22.794182965999937,0.0],[-43.360881402999951,-22.794267627999943,0.0]]]]}},
{"type":"Feature","properties":{"OBJECTID":81,"uf":"RJ","geometria":"Sim","municipio":"SÃO JOÃO DE MERITI","processo":"Inundação","classe":"Alta","fonte":"Produto obtido através da modelagem (ver Nota Técnica Explicativa do projeto) validado por trabalho de campo pela CPRM entre os anos de 2012 e 2014.","execucao":"CPRM (2013)","projeto":"Cartas de Suscetibilidade a Movimentos Gravitacionais de Massa e Inundações. Tema: Inundação.","ano":2013,"executor":"CPRM","shape_Length":0.083647811986079082,"shape_Area":3.9733070051774921e-05},"geometry":{"type":"MultiPolygon","coordinates":[[[[-43.348837529999969,-22.791434059999972,0.0],[-43.348946043999945,-22.791764641999976,0.0],[-43.349478770999951,-22.792211196999972,0.0],[-43.350431409999942,-22.792534279999927,0.0],[-43.350496878999934,-22.792470216999959,0.0],[-43.350603350999961,-22.792467404999968,0.0],[-43.35195248399998,-22.792785770999956,0.0],[-43.352727100999971,-22.792707933999964,0.0],[-43.353074554999978,-22.792504944999962,0.0],[-43.353628187999959,-22.791786286999979,0.0],[-43.353391249999959,-22.791493098999979,0.0],[-43.353458039999964,-22.79138125299994,0.0],[-43.353942157999938,-22.791103869999972,0.0],[-43.354849502999969,-22.791158767999946,0.0],[-43.355408370999953,-22.791410405999954,0.0],[-43.355818638999949,-22.791739190999976,0.0],[-43.356230752999977,-22.791855681999948,0.0],[-43.356533567999975,-22.791800186999978,0.0],[-43.35691475699997,-22.791971815999943,0.0],[-43.357072108999944,-22.792110043999969,0.0],[-43.357272802999944,-22.792471364999983,0.0],[-43.357282085999941,-22.792773232999934,0.0],[-43.357188106999956,-22.793091327999946,0.0],[-43.357324221999932,-22.793482409999967,0.0],[-43.357773375999955,-22.793544047999944,0.0],[-43.358043044999931,-22.793857918999947,0.0],[-43.358295383999973,-22.794288119999976,0.0],[-43.358222800999954,-22.794533786999978,0.0],[-43.358316298999966,-22.794880271999943,0.0],[-43.358253702999946,-22.795184607999943,0.0],[-43.357870772999945,-22.795925164999971,0.0],[-43.35801967499998,-22.796226309999952,0.0],[-43.35863130499996,-22.796560710999927,0.0],[-43.358729826999934,-22.796738068999957,0.0],[-43.358741863999967,-22.797129421999955,0.0],[-43.358636751999938,-22.797330121999948,0.0],[-43.358383983999943,-22.797516557999927,0.0],[-43.358046029999969,-22.797611948999929,0.0],[-43.357332089999943,-22.797950392999951,0.0],[-43.356574316999968,-22.79805648599995,0.0],[-43.356241539999985,-22.79825090199995,0.0],[-43.355943002999936,-22.798603653999976,0.0],[-43.355541782999978,-22.79922264399994,0.0],[-43.355530927999951,-22.799420736999934,0.0],[-43.35566658099998,-22.799736888999973,0.0],[-43.355799762999936,-22.800495869999963,0.0],[-43.355521510999949,-22.800861981999958,0.0],[-43.355511255999943,-22.801049210999963,0.0],[-43.355658648999963,-22.801252606999981,0.0],[-43.355588783999963,-22.80160848099996,0.0],[-43.355470575999959,-22.801724157999956,0.0],[-43.354191497999977,-22.801767858999938,0.0],[-43.353998881999985,-22.801929668999946,0.0],[-43.35398833499994,-22.802122168999972,0.0],[-43.354178194999974,-22.802288946999965,0.0],[-43.354195208999954,-22.802414798999962,0.0],[-43.35435223199994,-22.802427309999928,0.0],[-43.354419251999957,-22.802432649999957,0.0],[-43.354619207999974,-22.802471970999932,0.0],[-43.356344296999964,-22.802704577999975,0.0],[-43.357131280999965,-22.802648658999942,0.0],[-43.35715311499996,-22.802645621999943,0.0],[-43.357224450999979,-22.802640819999965,0.0],[-43.357224486999939,-22.80264081699994,0.0],[-43.357549889999973,-22.802618914999982,0.0],[-43.357655824999938,-22.80263518199996,0.0],[-43.357656190999933,-22.802635238999983,0.0],[-43.357935699999985,-22.802678159999971,0.0],[-43.358142793999946,-22.802715387999967,0.0],[-43.358014035999929,-22.802204595999967,0.0],[-43.357856952999953,-22.801921820999951,0.0],[-43.357589141999938,-22.801840161999962,0.0],[-43.35735232899998,-22.801846419999947,0.0],[-43.356855898999981,-22.802041211999949,0.0],[-43.356436346999942,-22.802100612999936,0.0],[-43.356091452999976,-22.801868468999942,0.0],[-43.356428195999968,-22.801773427999933,0.0],[-43.356778198999962,-22.801390730999969,0.0],[-43.356830866999985,-22.800975796999978,0.0],[-43.356895658999974,-22.800865257999931,0.0],[-43.357191905999969,-22.800781643999983,0.0],[-43.357026935999954,-22.800418607999973,0.0],[-43.356925912999941,-22.799785431999965,0.0],[-43.356950109999957,-22.799343542999964,0.0],[-43.357585356999948,-22.799133924999978,0.0],[-43.358467105999978,-22.798554266999929,0.0],[-43.358761663999985,-22.798513863999972,0.0],[-43.359298142999933,-22.798216851999939,0.0],[-43.359529445999954,-22.797990489999961,0.0],[-43.359600383999975,-22.797459425999932,0.0],[-43.359283208999955,-22.796764627999949,0.0],[-43.359534649999944,-22.796317276999957,0.0],[-43.359922899999958,-22.795991088999983,0.0],[-43.360399998999981,-22.795911708999938,0.0],[-43.360643359999983,-22.795795496999972,0.0],[-43.36113260299993,-22.795738618999962,0.0],[-43.361470400999963,-22.795614010999941,0.0],[-43.36226000399995,-22.795482627999945,0.0],[-43.363297305999936,-22.795435631999965,0.0],[-43.364037183999983,-22.795586104999927,0.0],[-43.364299864999964,-22.795422448999943,0.0],[-43.364352266999958,-22.795137782999973,0.0],[-43.364419472999941,-22.795081311999979,0.0],[-43.364976630999934,-22.794943455999942,0.0],[-43.365448964999985,-22.795390862999966,0.0],[-43.365412434999939,-22.796058647999928,0.0],[-43.36521750299994,-22.796222432999969,0.0],[-43.36516613799995,-22.796472625999968,0.0],[-43.365615354999932,-22.796833419999928,0.0],[-43.365903859999946,-22.796914753999943,0.0],[-43.366188662999946,-22.796825465999973,0.0],[-43.366538035999952,-22.795975451999936,0.0],[-43.367033531999937,-22.795478899999978,0.0],[-43.367151776999947,-22.795253092999928,0.0],[-43.367131370999971,-22.794591012999945,0.0],[-43.367036636999956,-22.794146767999962,0.0],[-43.366799473999947,-22.793757837999976,0.0],[-43.366570535999983,-22.793763904999935,0.0],[-43.366175834999979,-22.794038169999965,0.0],[-43.364993335999941,-22.79392718899993,0.0],[-43.364717772999938,-22.794453401999931,0.0],[-43.364635848999967,-22.794522240999981,0.0],[-43.364139314999932,-22.794645095999954,0.0],[-43.363533839999945,-22.794636126999933,0.0],[-43.363265338999952,-22.794472735999932,0.0],[-43.363021319999973,-22.794515386999933,0.0],[-43.362435351999977,-22.794644836999964,0.0],[-43.362191332999942,-22.79468748599993,0.0],[-43.362125866999975,-22.794751553999959,0.0],[-43.361411431999954,-22.794770461999974,0.0],[-43.360505944999943,-22.794514541999945,0.0],[-43.360283523999954,-22.794504074999963,0.0],[-43.360148161999973,-22.79488570999996,0.0],[-43.35982680799998,-22.795073465999963,0.0],[-43.359740690999956,-22.795541232999938,0.0],[-43.359580948999962,-22.795545459999971,0.0],[-43.359291571999961,-22.795208199999934,0.0],[-43.359345950999966,-22.794536179999966,0.0],[-43.359299786999941,-22.79385268599998,0.0],[-43.359014566999974,-22.793602151999949,0.0],[-43.358717865999949,-22.79307653799998,0.0],[-43.358489214999963,-22.792875686999935,0.0],[-43.358445991999986,-22.791789043999927,0.0],[-43.358262758999956,-22.791372463999949,0.0],[-43.357974916999979,-22.791008257999977,0.0],[-43.357616862999976,-22.79095158299998,0.0],[-43.357440647999965,-22.790733543999977,0.0],[-43.357218428999943,-22.789930124999955,0.0],[-43.357073182999954,-22.789781495999932,0.0],[-43.356661953999946,-22.78983612899998,0.0],[-43.356045944999948,-22.790446,0.0],[-43.355899678999947,-22.79044986699995,0.0],[-43.355752342999949,-22.790001093999933,0.0],[-43.355639415999974,-22.789885530999982,0.0],[-43.355264993999981,-22.790023639999959,0.0],[-43.354439357999979,-22.790081505999979,0.0],[-43.35411959399994,-22.789584956999931,0.0],[-43.354247157999964,-22.789199726999982,0.0],[-43.354442951999943,-22.788865684999962,0.0],[-43.354450313999962,-22.788731198999983,0.0],[-43.354209265999941,-22.78826012299993,0.0],[-43.353838186999951,-22.787722981999934,0.0],[-43.353549904999966,-22.787577707999958,0.0],[-43.353112738999982,-22.787646202999952,0.0],[-43.352778068999953,-22.787996042999964,0.0],[-43.352698138999983,-22.788200182999958,0.0],[-43.353127778999976,-22.789582561999964,0.0],[-43.353656877999981,-22.789807966999945,0.0],[-43.353794210999979,-22.790184654999962,0.0],[-43.353321044999973,-22.791302601999973,0.0],[-43.352999217999979,-22.791194272999974,0.0],[-43.35241304699997,-22.791626613999938,0.0],[-43.35145128399995,-22.791809796999928,0.0],[-43.350924289999966,-22.792004167999949,0.0],[-43.35059492399995,-22.791667107999956,0.0],[-43.349368354999967,-22.791586154999948,0.0],[-43.348837529999969,-22.791434059999972,0.0]]]]}},
{"type":"Feature","properties":{"OBJECTID":82,"uf":"RJ","geometria":"Sim","municipio":"SÃO JOÃO DE MERITI","processo":"Inundação","classe":"Média","fonte":"Produto obtido através da modelagem (ver Nota Técnica Explicativa do projeto) validado por trabalho de campo pela CPRM entre os anos de 2012 e 2014.","execucao":"CPRM (2013)","projeto":"Cartas de Suscetibilidade a Movimentos Gravitacionais de Massa e Inundações. Tema: Inundação.","ano":2013,"executor":"CPRM","shape_Length":0.0059634357131150605,"shape_Area":1.2579717706619757e-06},"geometry":{"type":"MultiPolygon","coordinates":[[[[-43.39678205499996,-22.805862178999973,0.0],[-43.396460245999947,-22.80621653299994,0.0],[-43.395550600999968,-22.80721816199997,0.0],[-43.395711114999983,-22.807720425999946,0.0],[-43.395620082999983,-22.807958526999982,0.0],[-43.395666239999969,-22.808023158999958,0.0],[-43.396076932999961,-22.80758768499993,0.0],[-43.396082630999956,-22.807418903999974,0.0],[-43.396279448999962,-22.80724314899993,0.0],[-43.396641681999938,-22.806761755999958,0.0],[-43.396885922999957,-22.806703270999947,0.0],[-43.397062689999984,-22.806508769999937,0.0],[-43.397329960999969,-22.80621707499995,0.0],[-43.397330138999962,-22.806216879999965,0.0],[-43.396837050999977,-22.805801621999933,0.0],[-43.39678205499996,-22.805862178999973,0.0]]]]}},
{"type":"Feature","properties":{"OBJECTID":86,"uf":"RJ","geometria":"Sim","municipio":"SÃO JOÃO DE MERITI","processo":"Inundação","classe":"Alta","fonte":"Produto obtido através da modelagem (ver Nota Técnica Explicativa do projeto) validado por trabalho de campo pela CPRM entre os anos de 2012 e 2014.","execucao":"CPRM (2013)","projeto":"Cartas de Suscetibilidade a Movimentos Gravitacionais de Massa e Inundações. Tema: Inundação.","ano":2013,"executor":"CPRM","shape_Length":0.010670643648963033,"shape_Area":1.9209548788572811e-06},"geometry":{"type":"MultiPolygon","coordinates":[[[[-43.370571798999947,-22.805652097999939,0.0],[-43.370707466999932,-22.805769001999977,0.0],[-43.370722910999973,-22.805783591999955,0.0],[-43.370897894999985,-22.805948891999947,0.0],[-43.37123423099996,-22.806266616999949,0.0],[-43.371423433999951,-22.806427206999956,0.0],[-43.371435306999956,-22.806437284999959,0.0],[-43.371496786999955,-22.806488406999961,0.0],[-43.371665224999958,-22.806647271999964,0.0],[-43.372164779999935,-22.80707091499994,0.0],[-43.372314156999948,-22.807186006999927,0.0],[-43.372393717999955,-22.807215521999979,0.0],[-43.372420424999973,-22.806848748999982,0.0],[-43.372279687999935,-22.806395756999962,0.0],[-43.372230987999956,-22.806395258999942,0.0],[-43.371217515999945,-22.805568050999966,0.0],[-43.37115267799993,-22.804994593999936,0.0],[-43.371688517999985,-22.804483259999927,0.0],[-43.37175857099993,-22.804349473999935,0.0],[-43.371970264999959,-22.804259483999942,0.0],[-43.372039599999937,-22.804063953999957,0.0],[-43.372278267999945,-22.803962492999972,0.0],[-43.372334498999976,-22.803753858999983,0.0],[-43.372584614999937,-22.803660611999931,0.0],[-43.372579152999947,-22.803483709999966,0.0],[-43.372467075999964,-22.80348668299996,0.0],[-43.372065619999944,-22.803855529999964,0.0],[-43.37152514099995,-22.804240715999981,0.0],[-43.370806480999931,-22.804647681999938,0.0],[-43.370799749999946,-22.805398184999945,0.0],[-43.370571798999947,-22.805652097999939,0.0]]]]}},
{"type":"Feature","properties":{"OBJECTID":90,"uf":"RJ","geometria":"Sim","municipio":"SÃO JOÃO DE MERITI","processo":"Inundação","classe":"Média","fonte":"Produto obtido através da modelagem (ver Nota Técnica Explicativa do projeto) validado por trabalho de campo pela CPRM entre os anos de 2012 e 2014.","execucao":"CPRM (2013)","projeto":"Cartas de Suscetibilidade a Movimentos Gravitacionais de Massa e Inundações. Tema: Inundação.","ano":2013,"executor":"CPRM","shape_Length":0.0033701431420259205,"shape_Area":1.6685458050521053e-07},"geometry":{"type":"MultiPolygon","coordinates":[[[[-43.362369771999965,-22.767505722999942,0.0],[-43.36245489099997,-22.766230470999972,0.0],[-43.362389701999973,-22.765835171999981,0.0],[-43.36224806499996,-22.766822754999964,0.0],[-43.362369771999965,-22.767505722999942,0.0]]]]}},
{"type":"Feature","properties":{"OBJECTID":93,"uf":"RJ","geometria":"Sim","municipio":"SÃO JOÃO DE MERITI","processo":"Inundação","classe":"Média","fonte":"Produto obtido através da modelagem (ver Nota Técnica Explicativa do projeto) validado por trabalho de campo pela CPRM entre os anos de 2012 e 2014.","execucao":"CPRM (2013)","projeto":"Cartas de Suscetibilidade a Movimentos Gravitacionais de Massa e Inundações. Tema: Inundação.","ano":2013,"executor":"CPRM","shape_Length":0.063070218649902157,"shape_Area":2.7523776449441313e-05},"geometry":{"type":"MultiPolygon","coordinates":[[[[-43.355174470999941,-22.774701754999967,0.0],[-43.35538614799998,-22.775245878999954,0.0],[-43.355326518999959,-22.77549208399995,0.0],[-43.354402179999965,-22.775942804999943,0.0],[-43.354220271999964,-22.776095651999981,0.0],[-43.353956578999941,-22.776697749999983,0.0],[-43.353929088999962,-22.777036991999978,0.0],[-43.354785718999949,-22.776607612999953,0.0],[-43.355671657999949,-22.776044028999934,0.0],[-43.356208908999974,-22.775896230999933,0.0],[-43.357117521999953,-22.77582659199993,0.0],[-43.357278274999942,-22.775511078999955,0.0],[-43.35796907799994,-22.775665858999957,0.0],[-43.358562374999963,-22.775870185999963,0.0],[-43.359285335999971,-22.776479127999949,0.0],[-43.35994683399997,-22.776845419999972,0.0],[-43.360811284999954,-22.777102715999945,0.0],[-43.360883417999958,-22.777328159999968,0.0],[-43.360793873999967,-22.777696787999957,0.0],[-43.361350994999952,-22.778513820999933,0.0],[-43.362105948999954,-22.779177685999969,0.0],[-43.362491959999943,-22.779594424999971,0.0],[-43.362388615999976,-22.779678160999936,0.0],[-43.362295703999962,-22.779946576999976,0.0],[-43.362166191999961,-22.780114516999959,0.0],[-43.362095185999976,-22.78042659099998,0.0],[-43.362457227999982,-22.781611587999976,0.0],[-43.362406236999959,-22.782280166999954,0.0],[-43.362264459999949,-22.782634166999969,0.0],[-43.361810921999961,-22.783208069999944,0.0],[-43.361826316999952,-22.783502341999963,0.0],[-43.361965589999954,-22.783746405999977,0.0],[-43.36232294399997,-22.783962336999934,0.0],[-43.36279202299994,-22.783850985999948,0.0],[-43.363410349999981,-22.78354759299998,0.0],[-43.36367716999996,-22.783294637999973,0.0],[-43.364444041999946,-22.783170034999955,0.0],[-43.364741122999931,-22.782949066999947,0.0],[-43.365091081999935,-22.782451072999947,0.0],[-43.365473874999964,-22.781807952999941,0.0],[-43.365512649999971,-22.78162647399995,0.0],[-43.364916455999946,-22.78236325599994,0.0],[-43.364419219999945,-22.782649380999942,0.0],[-43.363388474999965,-22.782890356999928,0.0],[-43.363102418999972,-22.78268006299993,0.0],[-43.36303199699995,-22.781514717999983,0.0],[-43.362825758999975,-22.780767692999973,0.0],[-43.362682680999967,-22.779904122999937,0.0],[-43.362791315999971,-22.779543990999969,0.0],[-43.363541081999983,-22.779529108999952,0.0],[-43.363751813999954,-22.778561980999939,0.0],[-43.364039114999969,-22.777995880999981,0.0],[-43.364789333999965,-22.77788149099996,0.0],[-43.36541277799995,-22.777499616999933,0.0],[-43.365902969999979,-22.77747616299996,0.0],[-43.365802358999986,-22.776849656999957,0.0],[-43.365849939999976,-22.775979461999952,0.0],[-43.36613690799993,-22.775857447999954,0.0],[-43.366214378999985,-22.775502494999955,0.0],[-43.366708881999955,-22.775226635999957,0.0],[-43.366705650999961,-22.774530299999981,0.0],[-43.366548923999972,-22.774461642999938,0.0],[-43.366748036999979,-22.773867758999927,0.0],[-43.366471998999941,-22.773540944999979,0.0],[-43.366183775999957,-22.77332905399993,0.0],[-43.365499344999932,-22.773076981999964,0.0],[-43.365231256999948,-22.772547326999927,0.0],[-43.365196695999941,-22.773102803999961,0.0],[-43.364627549999966,-22.773732945999939,0.0],[-43.364507817999936,-22.774045993999948,0.0],[-43.364553832999945,-22.774189014999934,0.0],[-43.36511362799996,-22.774478180999949,0.0],[-43.365460634999977,-22.775120141999935,0.0],[-43.36556060099997,-22.775499219999972,0.0],[-43.365566126999965,-22.776046737999934,0.0],[-43.365368090999937,-22.776971582999977,0.0],[-43.36517688899994,-22.777205315999936,0.0],[-43.364693434999936,-22.777470450999942,0.0],[-43.364135420999958,-22.777570486999934,0.0],[-43.362496071999942,-22.777415290999954,0.0],[-43.362330644999986,-22.777109236999934,0.0],[-43.362259493999943,-22.776767938999967,0.0],[-43.362133271999937,-22.775539093999953,0.0],[-43.362596556999961,-22.774984379999978,0.0],[-43.362544265999929,-22.774826007999934,0.0],[-43.361848499999951,-22.774460414999965,0.0],[-43.361600431999932,-22.774150181999971,0.0],[-43.361189325999931,-22.773025476999976,0.0],[-43.360800102999974,-22.772547026999973,0.0],[-43.360900818999937,-22.772890916999927,0.0],[-43.36095727999998,-22.773467873999948,0.0],[-43.360873371999958,-22.774033770999949,0.0],[-43.36072349899996,-22.774528607999969,0.0],[-43.360484618999976,-22.774789347999956,0.0],[-43.359968304999938,-22.774997363999944,0.0],[-43.359544931999949,-22.77494250999996,0.0],[-43.35918610899995,-22.774659820999943,0.0],[-43.358951485999967,-22.774268732999928,0.0],[-43.358716285999947,-22.774140579999937,0.0],[-43.358442769999954,-22.774111880999953,0.0],[-43.358341262999943,-22.774188323999965,0.0],[-43.358242152999935,-22.774489120999931,0.0],[-43.358038202999978,-22.774812009999948,0.0],[-43.357783784999981,-22.775089700999956,0.0],[-43.35741248599993,-22.775296836999928,0.0],[-43.357288064999977,-22.775432642999931,0.0],[-43.357234079999955,-22.775371000999939,0.0],[-43.356706766999935,-22.775415362999979,0.0],[-43.356252968999968,-22.775348877999932,0.0],[-43.355682489999936,-22.775112432999947,0.0],[-43.355174470999941,-22.774701754999967,0.0]]]]}},
{"type":"Feature","properties":{"OBJECTID":94,"uf":"RJ","geometria":"Sim","municipio":"SÃO JOÃO DE MERITI","processo":"Inundação","classe":"Média","fonte":"Produto obtido através da modelagem (ver Nota Técnica Explicativa do projeto) validado por trabalho de campo pela CPRM entre os anos de 2012 e 2014.","execucao":"CPRM (2013)","projeto":"Cartas de Suscetibilidade a Movimentos Gravitacionais de Massa e Inundações. Tema: Inundação.","ano":2013,"executor":"CPRM","shape_Length":0.0067136993181024689,"shape_Area":1.369614426480497e-06},"geometry":{"type":"MultiPolygon","coordinates":[[[[-43.386493100999985,-22.811281617999953,0.0],[-43.384206219999953,-22.811077825999973,0.0],[-43.384462903999975,-22.811237849999941,0.0],[-43.384941580999964,-22.811327610999967,0.0],[-43.385186465999936,-22.811437800999954,0.0],[-43.38528992199997,-22.811721335999948,0.0],[-43.385391668999944,-22.812621759999956,0.0],[-43.385604513999965,-22.812760738999941,0.0],[-43.38571922899996,-22.812648449999983,0.0],[-43.385999924999965,-22.812529093999956,0.0],[-43.386122393999983,-22.811660827999958,0.0],[-43.386388416999978,-22.811505360999945,0.0],[-43.386493100999985,-22.811281617999953,0.0]]]]}},
{"type":"Feature","properties":{"OBJECTID":98,"uf":"RJ","geometria":"Sim","municipio":"SÃO JOÃO DE MERITI","processo":"Inundação","classe":"Média","fonte":"Produto obtido através da modelagem (ver Nota Técnica Explicativa do projeto) validado por trabalho de campo pela CPRM entre os anos de 2012 e 2014.","execucao":"CPRM (2013)","projeto":"Cartas de Suscetibilidade a Movimentos Gravitacionais de Massa e Inundações. Tema: Inundação.","ano":2013,"executor":"CPRM","shape_Length":0.0085170456455590376,"shape_Area":1.3360484477556661e-06},"geometry":{"type":"MultiPolygon","coordinates":[[[[-43.351658709999981,-22.771459445999938,0.0],[-43.352169256999957,-22.77069733899998,0.0],[-43.352263843999935,-22.770455729999981,0.0],[-43.352164340999934,-22.76971956899996,0.0],[-43.35191018699993,-22.76940502399998,0.0],[-43.351833194999983,-22.769007027999976,0.0],[-43.351141996999957,-22.768862886999955,0.0],[-43.350810532999958,-22.768677539999942,0.0],[-43.350189020999949,-22.768147918999944,0.0],[-43.350221956999974,-22.768253620999928,0.0],[-43.350634314999979,-22.768707614999983,0.0],[-43.351083445999961,-22.768975,0.0],[-43.351388936999967,-22.769440344999964,0.0],[-43.351591522999968,-22.769900707999966,0.0],[-43.351740614999983,-22.770570330999931,0.0],[-43.351658709999981,-22.771459445999938,0.0]]]]}},
{"type":"Feature","properties":{"OBJECTID":100,"uf":"RJ","geometria":"Sim","municipio":"SÃO JOÃO DE MERITI","processo":"Inundação","classe":"Média","fonte":"Produto obtido através da modelagem (ver Nota Técnica Explicativa do projeto) validado por trabalho de campo pela CPRM entre os anos de 2012 e 2014.","execucao":"CPRM (2013)","projeto":"Cartas de Suscetibilidade a Movimentos Gravitacionais de Massa e Inundações. Tema: Inundação.","ano":2013,"executor":"CPRM","shape_Length":0.004289523218411217,"shape_Area":5.0157220046188902e-07},"geometry":{"type":"MultiPolygon","coordinates":[[[[-43.381446197999935,-22.809695150999971,0.0],[-43.380972501999963,-22.809801138999944,0.0],[-43.380458877999956,-22.809683279999945,0.0],[-43.379877144999966,-22.809276478999948,0.0],[-43.379698277999978,-22.80922583399996,0.0],[-43.380181025999946,-22.809797506999928,0.0],[-43.380669815999966,-22.810156695999979,0.0],[-43.380962698999951,-22.810217824999938,0.0],[-43.381255385999964,-22.81001092799994,0.0],[-43.381446197999935,-22.809695150999971,0.0]]]]}},
{"type":"Feature","properties":{"OBJECTID":102,"uf":"RJ","geometria":"Sim","municipio":"SÃO JOÃO DE MERITI","processo":"Inundação","classe":"Média","fonte":"Produto obtido através da modelagem (ver Nota Técnica Explicativa do projeto) validado por trabalho de campo pela CPRM entre os anos de 2012 e 2014.","execucao":"CPRM (2013)","projeto":"Cartas de Suscetibilidade a Movimentos Gravitacionais de Massa e Inundações. Tema: Inundação.","ano":2013,"executor":"CPRM","shape_Length":0.0025057328862946216,"shape_Area":2.7609911946760308e-07},"geometry":{"type":"MultiPolygon","coordinates":[[[[-43.390432626999939,-22.812853270999938,0.0],[-43.390340345999959,-22.812954869999942,0.0],[-43.390511833999938,-22.813612811999974,0.0],[-43.39102423199995,-22.813020988999938,0.0],[-43.390823028999932,-22.813075541999979,0.0],[-43.390592135999952,-22.812677654999959,0.0],[-43.390432626999939,-22.812853270999938,0.0]]]]}},
{"type":"Feature","properties":{"OBJECTID":104,"uf":"RJ","geometria":"Sim","municipio":"SÃO JOÃO DE MERITI","processo":"Inundação","classe":"Baixa","fonte":"Produto obtido através da modelagem (ver Nota Técnica Explicativa do projeto) validado por trabalho de campo pela CPRM entre os anos de 2012 e 2014.","execucao":"CPRM (2013)","projeto":"Cartas de Suscetibilidade a Movimentos Gravitacionais de Massa e Inundações. Tema: Inundação.","ano":2013,"executor":"CPRM","shape_Length":0.0011144782259105354,"shape_Area":5.5042314278180931e-08},"geometry":{"type":"MultiPolygon","coordinates":[[[[-43.357407234999982,-22.799695670999938,0.0],[-43.35766319499993,-22.799562339999966,0.0],[-43.35780060299993,-22.799383635999959,0.0],[-43.35750423099995,-22.799408584999981,0.0],[-43.357407234999982,-22.799695670999938,0.0]]]]}},
{"type":"Feature","properties":{"OBJECTID":105,"uf":"RJ","geometria":"Sim","municipio":"SÃO JOÃO DE MERITI","processo":"Inundação","classe":"Alta","fonte":"Produto obtido através da modelagem (ver Nota Técnica Explicativa do projeto) validado por trabalho de campo pela CPRM entre os anos de 2012 e 2014.","execucao":"CPRM (2013)","projeto":"Cartas de Suscetibilidade a Movimentos Gravitacionais de Massa e Inundações. Tema: Inundação.","ano":2013,"executor":"CPRM","shape_Length":0.090132221710291047,"shape_Area":5.0262526100349484e-05},"geometry":{"type":"MultiPolygon","coordinates":[[[[-43.37433095199998,-22.807583542999964,0.0],[-43.374564601999964,-22.807702701999972,0.0],[-43.375127824999936,-22.808109201999969,0.0],[-43.375688598999943,-22.808483869999975,0.0],[-43.375906541999939,-22.808662631999937,0.0],[-43.376161216999947,-22.808983424999951,0.0],[-43.376322836999975,-22.809265036999932,0.0],[-43.376379159999942,-22.80962255999998,0.0],[-43.376385709999965,-22.809674056999938,0.0],[-43.376467316999936,-22.810315569999943,0.0],[-43.376521700999945,-22.810470355999939,0.0],[-43.377332313999943,-22.810495981999964,0.0],[-43.377708540999947,-22.810408278999944,0.0],[-43.378953736999961,-22.81031110999993,0.0],[-43.379328663999956,-22.81033322899998,0.0],[-43.379729990999977,-22.810532172999956,0.0],[-43.380445921999979,-22.810652104999974,0.0],[-43.381567018999931,-22.811177936999968,0.0],[-43.382614574999934,-22.811585622999928,0.0],[-43.383042852999949,-22.811853796999969,0.0],[-43.383574059999944,-22.812358643999971,0.0],[-43.383590866999953,-22.812370109999961,0.0],[-43.383613828999955,-22.812388100999954,0.0],[-43.38382839999997,-22.812556219999976,0.0],[-43.383977776999984,-22.812742326999967,0.0],[-43.384183474999929,-22.813060671999949,0.0],[-43.384369584999945,-22.813550429999964,0.0],[-43.384386720999942,-22.813584702999947,0.0],[-43.384620579999932,-22.813700466999933,0.0],[-43.385882313999957,-22.813878011999975,0.0],[-43.386759913999981,-22.814279812999928,0.0],[-43.386840544999984,-22.814142208999954,0.0],[-43.387335057999962,-22.81400255799997,0.0],[-43.387668725999958,-22.814087227999948,0.0],[-43.387749757999984,-22.814251008999975,0.0],[-43.388630310999986,-22.813612915999954,0.0],[-43.389067283999964,-22.813397652999981,0.0],[-43.389641607999977,-22.813257003999979,0.0],[-43.389995509999949,-22.81338872699996,0.0],[-43.389996155999938,-22.813333813999975,0.0],[-43.390119779999964,-22.813197707999961,0.0],[-43.39003280299994,-22.813130612999942,0.0],[-43.38964601899994,-22.812397245999932,0.0],[-43.388093904999948,-22.811839685999928,0.0],[-43.38809443599996,-22.811794535999979,0.0],[-43.38736602299997,-22.811606543999972,0.0],[-43.387366554999971,-22.811561392999977,0.0],[-43.386493100999985,-22.811281617999953,0.0],[-43.386388416999978,-22.811505360999945,0.0],[-43.386122393999983,-22.811660827999958,0.0],[-43.385999924999965,-22.812529093999956,0.0],[-43.38571922899996,-22.812648449999983,0.0],[-43.385604513999965,-22.812760738999941,0.0],[-43.385391668999944,-22.812621759999956,0.0],[-43.38528992199997,-22.811721335999948,0.0],[-43.385186465999936,-22.811437800999954,0.0],[-43.384941580999964,-22.811327610999967,0.0],[-43.384462903999975,-22.811237849999941,0.0],[-43.384206219999953,-22.811077825999973,0.0],[-43.383623923999949,-22.810891298999934,0.0],[-43.382744947999981,-22.810726017999968,0.0],[-43.382481479999967,-22.810858810999946,0.0],[-43.382255158999953,-22.810898306999945,0.0],[-43.382179883999981,-22.810574766999935,0.0],[-43.382579368999984,-22.810314932999972,0.0],[-43.382758947999946,-22.809481639999944,0.0],[-43.38276486999996,-22.808946490999972,0.0],[-43.383114314999943,-22.808673501999976,0.0],[-43.383157984999968,-22.808469030999959,0.0],[-43.383554629999935,-22.807633511999938,0.0],[-43.383781436999982,-22.807449726999948,0.0],[-43.384493658999929,-22.807349046999946,0.0],[-43.38538389699994,-22.806953186999976,0.0],[-43.386053749999974,-22.806826973999932,0.0],[-43.387677232999977,-22.806749112999967,0.0],[-43.38789444799994,-22.806823860999941,0.0],[-43.388261390999958,-22.807109249999939,0.0],[-43.388484841999968,-22.807168752999928,0.0],[-43.388791675999983,-22.807070171999953,0.0],[-43.389789160999953,-22.806552289999956,0.0],[-43.390043232999972,-22.806363285999964,0.0],[-43.390349949999973,-22.806236505999948,0.0],[-43.390911160999963,-22.805803572999935,0.0],[-43.390733619999935,-22.805562375999955,0.0],[-43.390373753999938,-22.805257682999979,0.0],[-43.390467809999961,-22.804638754999928,0.0],[-43.390468870999939,-22.804548453999928,0.0],[-43.39042016999997,-22.804547962999948,0.0],[-43.390293260999954,-22.804305732999978,0.0],[-43.390279374999977,-22.80409498299997,0.0],[-43.390046484999971,-22.803189514999929,0.0],[-43.389626964999934,-22.803098019999936,0.0],[-43.389089843999955,-22.802797707999957,0.0],[-43.389035561999947,-22.802854584999977,0.0],[-43.38906815699994,-22.803290111999956,0.0],[-43.389021138999965,-22.803404935999936,0.0],[-43.389419662999956,-22.803851049999935,0.0],[-43.389520138999956,-22.804381686999932,0.0],[-43.389900304999969,-22.805188381999983,0.0],[-43.389776281999957,-22.80544606899997,0.0],[-43.388641900999971,-22.805972274999931,0.0],[-43.387992376999932,-22.805901539999979,0.0],[-43.387667380999972,-22.805650816999957,0.0],[-43.387255471999936,-22.805489061999936,0.0],[-43.386836328999948,-22.805469414999948,0.0],[-43.384928497999965,-22.80582934399996,0.0],[-43.384479818999978,-22.805956052999932,0.0],[-43.383714266999959,-22.806389788999979,0.0],[-43.383602767999946,-22.806803636999973,0.0],[-43.38351875799998,-22.806733661999942,0.0],[-43.383349264999936,-22.806217789999948,0.0],[-43.383041642999956,-22.805903149999949,0.0],[-43.382723068999951,-22.805778037999971,0.0],[-43.382426779999946,-22.805861710999977,0.0],[-43.382323376999977,-22.805948601999944,0.0],[-43.382628653999973,-22.806380110999953,0.0],[-43.382638817999975,-22.806708700999934,0.0],[-43.382550687999981,-22.806906712999933,0.0],[-43.382753454999943,-22.807167626999956,0.0],[-43.382857688999934,-22.807528441999978,0.0],[-43.382783245999974,-22.80807290599995,0.0],[-43.382558699999947,-22.808632983999928,0.0],[-43.382354333999956,-22.808956551999927,0.0],[-43.382061041999975,-22.809286646999965,0.0],[-43.381703404999939,-22.809543195999936,0.0],[-43.381446731999972,-22.80965,0.0],[-43.381446197999935,-22.809695150999971,0.0],[-43.381255385999964,-22.81001092799994,0.0],[-43.380962698999951,-22.810217824999938,0.0],[-43.380669815999966,-22.810156695999979,0.0],[-43.380181025999946,-22.809797506999928,0.0],[-43.379698277999978,-22.80922583399996,0.0],[-43.379698811999958,-22.809180683999955,0.0],[-43.379095073999963,-22.808875460999957,0.0],[-43.378199756999948,-22.80826232499993,0.0],[-43.378047624999965,-22.808231198999977,0.0],[-43.377849080999965,-22.808293449999951,0.0],[-43.377736294999977,-22.808810256999948,0.0],[-43.377498449999962,-22.808863927999937,0.0],[-43.377334452999946,-22.808622705999937,0.0],[-43.37713922699993,-22.808055054999954,0.0],[-43.376683258999947,-22.807654660999958,0.0],[-43.376578035999955,-22.807499888999928,0.0],[-43.376266628999986,-22.807359739999981,0.0],[-43.376170530999957,-22.807067194999945,0.0],[-43.37610400899996,-22.806399778999946,0.0],[-43.376300793999974,-22.806234428999971,0.0],[-43.376499162999949,-22.805929333999927,0.0],[-43.377230379999958,-22.805882650999934,0.0],[-43.377580630999944,-22.805624261999981,0.0],[-43.377574436999964,-22.805423842999971,0.0],[-43.37691405399994,-22.804298003999975,0.0],[-43.376866206999978,-22.803653850999979,0.0],[-43.376657397999963,-22.803470490999928,0.0],[-43.375921184999982,-22.803564613999981,0.0],[-43.375483317999965,-22.803417304999982,0.0],[-43.374960613999974,-22.803113206999967,0.0],[-43.374826692999932,-22.802916204999974,0.0],[-43.374845837999942,-22.802565743999935,0.0],[-43.374639612999943,-22.801248094999949,0.0],[-43.374484164999956,-22.801033641999936,0.0],[-43.374060790999977,-22.800883240999951,0.0],[-43.373781204999943,-22.800970903999939,0.0],[-43.37302386999994,-22.80161228299994,0.0],[-43.372689702999935,-22.801729019999982,0.0],[-43.372750430999986,-22.802013741999929,0.0],[-43.372583612999961,-22.803439580999964,0.0],[-43.373594606999973,-22.80350285399993,0.0],[-43.373654980999959,-22.804315971999927,0.0],[-43.37430717899997,-22.804888711999979,0.0],[-43.375115681999944,-22.805252598999971,0.0],[-43.375373492999984,-22.805440087999955,0.0],[-43.375598458999946,-22.80602589199998,0.0],[-43.375661656999966,-22.806640545999983,0.0],[-43.375842655999975,-22.806966272999944,0.0],[-43.375720739999963,-22.807478360999937,0.0],[-43.375187453999956,-22.807664648999946,0.0],[-43.374817114999985,-22.807570639999938,0.0],[-43.37433095199998,-22.807583542999964,0.0]]]]}},
{"type":"Feature","properties":{"OBJECTID":111,"uf":"RJ","geometria":"Sim","municipio":"SÃO JOÃO DE MERITI","processo":"Inundação","classe":"Média","fonte":"Produto obtido através da modelagem (ver Nota Técnica Explicativa do projeto) validado por trabalho de campo pela CPRM entre os anos de 2012 e 2014.","execucao":"CPRM (2013)","projeto":"Cartas de Suscetibilidade a Movimentos Gravitacionais de Massa e Inundações. Tema: Inundação.","ano":2013,"executor":"CPRM","shape_Length":0.0028758527438727394,"shape_Area":1.576996358613758e-07},"geometry":{"type":"MultiPolygon","coordinates":[[[[-43.381298895999976,-22.793302147999952,0.0],[-43.380804805999958,-22.792980142999966,0.0],[-43.379990509999971,-22.79274699299998,0.0],[-43.380450230999941,-22.793036426999947,0.0],[-43.381011486999967,-22.793265081999948,0.0],[-43.381298895999976,-22.793302147999952,0.0]]]]}},
{"type":"Feature","properties":{"OBJECTID":112,"uf":"RJ","geometria":"Sim","municipio":"SÃO JOÃO DE MERITI","processo":"Inundação","classe":"Baixa","fonte":"Produto obtido através da modelagem (ver Nota Técnica Explicativa do projeto) validado por trabalho de campo pela CPRM entre os anos de 2012 e 2014.","execucao":"CPRM (2013)","projeto":"Cartas de Suscetibilidade a Movimentos Gravitacionais de Massa e Inundações. Tema: Inundação.","ano":2013,"executor":"CPRM","shape_Length":0.012398595886969311,"shape_Area":3.4614813330553157e-06},"geometry":{"type":"MultiPolygon","coordinates":[[[[-43.33707970699993,-22.797182038999949,0.0],[-43.337208775999954,-22.796619398999951,0.0],[-43.337275772999931,-22.795717449999927,0.0],[-43.337457811999968,-22.795143820999954,0.0],[-43.338414328999932,-22.794321514999979,0.0],[-43.338186243999985,-22.793990909999934,0.0],[-43.337782632999961,-22.793739502999983,0.0],[-43.337436792999938,-22.793398149999973,0.0],[-43.337119520999977,-22.793193881999969,0.0],[-43.335874779999983,-22.792705336999973,0.0],[-43.335529749999978,-22.792469748999963,0.0],[-43.33556300999993,-22.792963454999949,0.0],[-43.336506551999946,-22.793538679999983,0.0],[-43.336784887999954,-22.79378324399994,0.0],[-43.336940584999979,-22.794063646999973,0.0],[-43.337033926999936,-22.794501827999966,0.0],[-43.336933530999943,-22.794873987999949,0.0],[-43.33676828199998,-22.795155827999963,0.0],[-43.336821774999976,-22.796419430999947,0.0],[-43.336921116999974,-22.79704269299998,0.0],[-43.33707970699993,-22.797182038999949,0.0]]]]}},
{"type":"Feature","properties":{"OBJECTID":114,"uf":"RJ","geometria":"Sim","municipio":"SÃO JOÃO DE MERITI","processo":"Inundação","classe":"Média","fonte":"Produto obtido através da modelagem (ver Nota Técnica Explicativa do projeto) validado por trabalho de campo pela CPRM entre os anos de 2012 e 2014.","execucao":"CPRM (2013)","projeto":"Cartas de Suscetibilidade a Movimentos Gravitacionais de Massa e Inundações. Tema: Inundação.","ano":2013,"executor":"CPRM","shape_Length":0.0093443039180831147,"shape_Area":1.5706863707189924e-06},"geometry":{"type":"MultiPolygon","coordinates":[[[[-43.40251885999993,-22.783833148999975,0.0],[-43.402498110999943,-22.783800983999981,0.0],[-43.402009575999955,-22.783554980999952,0.0],[-43.40163387299998,-22.783626507999941,0.0],[-43.401323855999976,-22.783758397999975,0.0],[-43.401158098999986,-22.783897747999958,0.0],[-43.40121123199998,-22.784125228999983,0.0],[-43.401577561999943,-22.784210028999951,0.0],[-43.401690230999975,-22.78436542299994,0.0],[-43.401724221999984,-22.785480134999943,0.0],[-43.401939761999984,-22.785545792999983,0.0],[-43.40206274999997,-22.785726651999937,0.0],[-43.40225585099995,-22.785813531999963,0.0],[-43.402298930999962,-22.786337267999954,0.0],[-43.402538612999933,-22.786445103999938,0.0],[-43.40254714799994,-22.786719600999959,0.0],[-43.40233981199998,-22.786807806999946,0.0],[-43.402315066999961,-22.786921308999979,0.0],[-43.402665002999981,-22.786851274999947,0.0],[-43.402781059999938,-22.786554553999963,0.0],[-43.402718523999965,-22.786074968999969,0.0],[-43.402116613999965,-22.785535638999932,0.0],[-43.402093143999934,-22.784780499999954,0.0],[-43.402234187999966,-22.78399959199993,0.0],[-43.40251885999993,-22.783833148999975,0.0]]]]}},
{"type":"Feature","properties":{"OBJECTID":116,"uf":"RJ","geometria":"Sim","municipio":"SÃO JOÃO DE MERITI","processo":"Inundação","classe":"Média","fonte":"Produto obtido através da modelagem (ver Nota Técnica Explicativa do projeto) validado por trabalho de campo pela CPRM entre os anos de 2012 e 2014.","execucao":"CPRM (2013)","projeto":"Cartas de Suscetibilidade a Movimentos Gravitacionais de Massa e Inundações. Tema: Inundação.","ano":2013,"executor":"CPRM","shape_Length":0.0064984369466116213,"shape_Area":9.2009281869212415e-07},"geometry":{"type":"MultiPolygon","coordinates":[[[[-43.37295873599993,-22.777909515999966,0.0],[-43.373070610999946,-22.777418549999936,0.0],[-43.37360554299994,-22.776862288999951,0.0],[-43.373957665999967,-22.776659623999933,0.0],[-43.374412914999937,-22.776548360999982,0.0],[-43.374921319999942,-22.776665157999958,0.0],[-43.374654550999935,-22.776460510999982,0.0],[-43.374523112999952,-22.776264142999935,0.0],[-43.374284331999945,-22.776140649999945,0.0],[-43.373816327999975,-22.776191762999929,0.0],[-43.373634799999934,-22.776450119999936,0.0],[-43.373328772999969,-22.776698120999981,0.0],[-43.372552882999969,-22.777685727999938,0.0],[-43.372543673999985,-22.777806595999948,0.0],[-43.37295873599993,-22.777909515999966,0.0]]]]}},
{"type":"Feature","properties":{"OBJECTID":117,"uf":"RJ","geometria":"Sim","municipio":"SÃO JOÃO DE MERITI","processo":"Inundação","classe":"Baixa","fonte":"Produto obtido através da modelagem (ver Nota Técnica Explicativa do projeto) validado por trabalho de campo pela CPRM entre os anos de 2012 e 2014.","execucao":"CPRM (2013)","projeto":"Cartas de Suscetibilidade a Movimentos Gravitacionais de Massa e Inundações. Tema: Inundação.","ano":2013,"executor":"CPRM","shape_Length":0.041983529824281038,"shape_Area":2.1979476556432328e-05},"geometry":{"type":"MultiPolygon","coordinates":[[[[-43.363081670999975,-22.801695714999937,0.0],[-43.363562807999983,-22.801725855999962,0.0],[-43.363976488999981,-22.801865071999941,0.0],[-43.364448437999954,-22.802243206999947,0.0],[-43.365000343999952,-22.802531535999947,0.0],[-43.365751246999935,-22.802760448999948,0.0],[-43.367146543999979,-22.802754687999936,0.0],[-43.367339964999985,-22.80285212299998,0.0],[-43.36779865699998,-22.803405382999983,0.0],[-43.367926319999981,-22.80328043399993,0.0],[-43.369550047999951,-22.802772910999977,0.0],[-43.369891411999959,-22.802842778999945,0.0],[-43.370701028999974,-22.803478911999946,0.0],[-43.371188247999953,-22.80365183999993,0.0],[-43.371762266999951,-22.803546601999983,0.0],[-43.372217407999983,-22.803388100999939,0.0],[-43.372511247999967,-22.802052729999957,0.0],[-43.372154666999961,-22.801499202999935,0.0],[-43.372186404999979,-22.800918473999957,0.0],[-43.372288394999941,-22.800639376999982,0.0],[-43.372775549999972,-22.800796628999933,0.0],[-43.372941688999958,-22.800717279999958,0.0],[-43.373011549999944,-22.800058016999969,0.0],[-43.373083190999978,-22.799935760999972,0.0],[-43.373431359999984,-22.800215841999943,0.0],[-43.37466802299997,-22.800676905999978,0.0],[-43.375182994999932,-22.800960904999954,0.0],[-43.37526249299998,-22.801121628999965,0.0],[-43.375206550999962,-22.80191006299998,0.0],[-43.37562221099995,-22.801847424999949,0.0],[-43.376383113999964,-22.801559382999983,0.0],[-43.377474628999948,-22.801455825999938,0.0],[-43.377843071999962,-22.801146220999954,0.0],[-43.378066682999929,-22.800672106999968,0.0],[-43.378077278999967,-22.800478087999977,0.0],[-43.377865924999981,-22.800261883999951,0.0],[-43.377399718999982,-22.80002706199997,0.0],[-43.37682151599995,-22.799880284999972,0.0],[-43.376519043999963,-22.799866081999937,0.0],[-43.376083199999982,-22.800074257999938,0.0],[-43.375253354999984,-22.800304705999963,0.0],[-43.374707610999963,-22.800319190999971,0.0],[-43.374484643999949,-22.800218839999957,0.0],[-43.374190943999963,-22.79996091299995,0.0],[-43.373854541999947,-22.799496809999937,0.0],[-43.373706037999966,-22.799089693999974,0.0],[-43.37358900199996,-22.798485299999982,0.0],[-43.373476813999957,-22.798258465999936,0.0],[-43.373381273999939,-22.79825397999997,0.0],[-43.373154243999977,-22.798386644999937,0.0],[-43.372790331999965,-22.799225673999956,0.0],[-43.372059003999937,-22.79994994599997,0.0],[-43.371959075999939,-22.800407778999954,0.0],[-43.370629329999986,-22.801444582999977,0.0],[-43.370381385999963,-22.801562995999973,0.0],[-43.370074464999959,-22.801619262999964,0.0],[-43.368729303999942,-22.801556048999942,0.0],[-43.368393432999937,-22.801661344999957,0.0],[-43.36774005999996,-22.801311491999968,0.0],[-43.367446454999936,-22.800783013999933,0.0],[-43.367276421999975,-22.800192338999977,0.0],[-43.366933324999934,-22.799917439999945,0.0],[-43.366660281999941,-22.800240112999973,0.0],[-43.366432574999976,-22.800821779999978,0.0],[-43.366295750999939,-22.801492400999962,0.0],[-43.366101135999941,-22.801765147999959,0.0],[-43.365771046999953,-22.801886922999927,0.0],[-43.365396523999948,-22.80181663999997,0.0],[-43.364725016999955,-22.801388796999959,0.0],[-43.364296845999945,-22.801280070999951,0.0],[-43.363742764999984,-22.801317820999941,0.0],[-43.363081670999975,-22.801695714999937,0.0]]]]}},
{"type":"Feature","properties":{"OBJECTID":123,"uf":"RJ","geometria":"Sim","municipio":"SÃO JOÃO DE MERITI","processo":"Inundação","classe":"Média","fonte":"Produto obtido através da modelagem (ver Nota Técnica Explicativa do projeto) validado por trabalho de campo pela CPRM entre os anos de 2012 e 2014.","execucao":"CPRM (2013)","projeto":"Cartas de Suscetibilidade a Movimentos Gravitacionais de Massa e Inundações. Tema: Inundação.","ano":2013,"executor":"CPRM","shape_Length":0.085666743156161046,"shape_Area":2.6617686580179845e-05},"geometry":{"type":"MultiPolygon","coordinates":[[[[-43.350431409999942,-22.792534279999927,0.0],[-43.350873953999951,-22.792639799999961,0.0],[-43.351350639999964,-22.793040492999978,0.0],[-43.35217688399996,-22.793250550999971,0.0],[-43.352881709999963,-22.79320536299997,0.0],[-43.353300612999931,-22.792880019999927,0.0],[-43.353349307999963,-22.792880522999951,0.0],[-43.353441677999967,-22.792404093999949,0.0],[-43.353797863999944,-22.792027203999965,0.0],[-43.353754131999949,-22.791761938999969,0.0],[-43.353792496999972,-22.791538482999954,0.0],[-43.354091048999976,-22.791464708999968,0.0],[-43.354699791999963,-22.791429819999962,0.0],[-43.355267416999936,-22.79164583599993,0.0],[-43.355407499999956,-22.791818034999949,0.0],[-43.355600653999943,-22.791955492999932,0.0],[-43.356029710999962,-22.79219300799997,0.0],[-43.356572962999962,-22.792267563999928,0.0],[-43.356688790999954,-22.792476101999966,0.0],[-43.356693376999942,-22.792625212999951,0.0],[-43.356537516999936,-22.792891126999962,0.0],[-43.356638227999952,-22.792979603999981,0.0],[-43.356774320999932,-22.793254848999936,0.0],[-43.357035134999933,-22.793303809999941,0.0],[-43.357299558999955,-22.793574384999943,0.0],[-43.357687222999971,-22.793678891999946,0.0],[-43.357747281999934,-22.793861806999928,0.0],[-43.357910072999971,-22.794004808999944,0.0],[-43.357739269999968,-22.79425712099993,0.0],[-43.357756589999951,-22.794820202999972,0.0],[-43.357640988999947,-22.79493333399995,0.0],[-43.35733296899997,-22.794842556999981,0.0],[-43.357019948999948,-22.794522257999972,0.0],[-43.356739722999976,-22.79456648799993,0.0],[-43.356613047999986,-22.794995232999952,0.0],[-43.356593638999982,-22.795349682999927,0.0],[-43.356695352999964,-22.795875291999948,0.0],[-43.356892785999946,-22.796446948999971,0.0],[-43.357329630999971,-22.796593987999927,0.0],[-43.358099559999971,-22.796711218999974,0.0],[-43.357967930999962,-22.796998819999942,0.0],[-43.357478034999986,-22.797137093999936,0.0],[-43.356981574999963,-22.797440001999973,0.0],[-43.356081615999983,-22.797776875999944,0.0],[-43.355547110999964,-22.798525895999944,0.0],[-43.354906193999966,-22.799173764999978,0.0],[-43.35495509499998,-22.799677801999962,0.0],[-43.355233203999944,-22.800178480999932,0.0],[-43.355081900999949,-22.800765591999948,0.0],[-43.35527123199995,-22.801067988999932,0.0],[-43.355031302999976,-22.801137859999983,0.0],[-43.354611611999985,-22.801012003999972,0.0],[-43.353990739999972,-22.800376694999954,0.0],[-43.353720703999954,-22.800240623999969,0.0],[-43.353365135999979,-22.800340970999969,0.0],[-43.353140487999951,-22.800436446999981,0.0],[-43.352934031999951,-22.800990970999976,0.0],[-43.352641036999955,-22.801237096999955,0.0],[-43.352782797999964,-22.801418062999971,0.0],[-43.353171327999974,-22.801536535999958,0.0],[-43.353057065999963,-22.801727860999961,0.0],[-43.352816637999979,-22.801877615999956,0.0],[-43.352508594999961,-22.80188574899995,0.0],[-43.352217098999972,-22.801796857999932,0.0],[-43.35212206999995,-22.801536221999982,0.0],[-43.352509830999963,-22.801011033999941,0.0],[-43.352366780999944,-22.800721696999972,0.0],[-43.352232813999933,-22.800680844999931,0.0],[-43.351694422999969,-22.80090105599993,0.0],[-43.351516386999947,-22.801156409999976,0.0],[-43.351318590999938,-22.801322560999949,0.0],[-43.350905723999972,-22.801541888999964,0.0],[-43.349947569999983,-22.801585221999972,0.0],[-43.349445887999934,-22.801477916999943,0.0],[-43.349231496999948,-22.801258530999974,0.0],[-43.348833339999942,-22.800992058999952,0.0],[-43.34770283499995,-22.800724270999979,0.0],[-43.346883473999981,-22.800691765999943,0.0],[-43.346146688999966,-22.800527514999942,0.0],[-43.345903745999976,-22.800479838999934,0.0],[-43.345140762999961,-22.800195505999966,0.0],[-43.344111756999951,-22.799648444999946,0.0],[-43.34374964999995,-22.79962089299994,0.0],[-43.343725452999934,-22.79937350199998,0.0],[-43.342916139999943,-22.798377004999963,0.0],[-43.342929812999955,-22.797903056999928,0.0],[-43.342869102999941,-22.797693864999928,0.0],[-43.342820406999977,-22.797693358999936,0.0],[-43.342388288999985,-22.797420598999963,0.0],[-43.342484991999982,-22.797238321999941,0.0],[-43.342389782999931,-22.797056711999971,0.0],[-43.342169387999945,-22.797308670999939,0.0],[-43.342210906999981,-22.797887811999942,0.0],[-43.34231508299996,-22.798336190999976,0.0],[-43.342810620999956,-22.798466796999946,0.0],[-43.343122727999969,-22.79872181099995,0.0],[-43.343073124999933,-22.798991917999956,0.0],[-43.342787219999934,-22.799565719999975,0.0],[-43.342761038999981,-22.799830568999937,0.0],[-43.342915867999977,-22.800018155999965,0.0],[-43.343035595999936,-22.800402408999958,0.0],[-43.343181870999956,-22.800563437999983,0.0],[-43.343499898999937,-22.800620644999981,0.0],[-43.343654231999949,-22.801218811999945,0.0],[-43.343969179999931,-22.801353050999978,0.0],[-43.343989264999948,-22.801724305999983,0.0],[-43.344276914999966,-22.801698939999937,0.0],[-43.344409098999961,-22.801163367999948,0.0],[-43.344637775999956,-22.800941686999977,0.0],[-43.344930252999973,-22.80113279099993,0.0],[-43.344992261999948,-22.80126968299993,0.0],[-43.344881465999947,-22.80145866099997,0.0],[-43.344446820999963,-22.801689530999965,0.0],[-43.344453491999957,-22.801907024999934,0.0],[-43.344606241999941,-22.802326063999942,0.0],[-43.344919523999977,-22.802387855999939,0.0],[-43.34524709599998,-22.80216031599997,0.0],[-43.345344907999959,-22.801884651999956,0.0],[-43.345565570999952,-22.801790887999971,0.0],[-43.345695675999934,-22.801424216999976,0.0],[-43.345997703999956,-22.801338997999949,0.0],[-43.346113235999951,-22.801225952999971,0.0],[-43.346405553999944,-22.801276272999928,0.0],[-43.346958862999941,-22.801186817999962,0.0],[-43.348211288999948,-22.801204665999933,0.0],[-43.348204604999978,-22.801326595999967,0.0],[-43.347816676999969,-22.80145790399996,0.0],[-43.347866719999956,-22.801786254999968,0.0],[-43.34804330399993,-22.801613472999975,0.0],[-43.348432191999962,-22.801712265999981,0.0],[-43.348660755999958,-22.802199610999935,0.0],[-43.349894755999969,-22.80226473099998,0.0],[-43.350179311999966,-22.802471756999978,0.0],[-43.350231403999942,-22.803004676999933,0.0],[-43.350197695999952,-22.803090746999942,0.0],[-43.350361653999983,-22.803059746999963,0.0],[-43.350551036999946,-22.803023939999946,0.0],[-43.350939326999935,-22.802982261999944,0.0],[-43.351226015999941,-22.802944970999931,0.0],[-43.352323381999952,-22.802789405999931,0.0],[-43.353580682999961,-22.802486553999927,0.0],[-43.353617265999958,-22.802482282999961,0.0],[-43.353646684999944,-22.802474521999955,0.0],[-43.354028531999973,-22.802401249999946,0.0],[-43.354029891999971,-22.802401626999938,0.0],[-43.354195208999954,-22.802414798999962,0.0],[-43.354178194999974,-22.802288946999965,0.0],[-43.35398833499994,-22.802122168999972,0.0],[-43.353998881999985,-22.801929668999946,0.0],[-43.354191497999977,-22.801767858999938,0.0],[-43.355470575999959,-22.801724157999956,0.0],[-43.355588783999963,-22.80160848099996,0.0],[-43.355658648999963,-22.801252606999981,0.0],[-43.355511255999943,-22.801049210999963,0.0],[-43.355521510999949,-22.800861981999958,0.0],[-43.355799762999936,-22.800495869999963,0.0],[-43.35566658099998,-22.799736888999973,0.0],[-43.355530927999951,-22.799420736999934,0.0],[-43.355541782999978,-22.79922264399994,0.0],[-43.355943002999936,-22.798603653999976,0.0],[-43.356241539999985,-22.79825090199995,0.0],[-43.356574316999968,-22.79805648599995,0.0],[-43.357332089999943,-22.797950392999951,0.0],[-43.358046029999969,-22.797611948999929,0.0],[-43.358383983999943,-22.797516557999927,0.0],[-43.358636751999938,-22.797330121999948,0.0],[-43.358741863999967,-22.797129421999955,0.0],[-43.358729826999934,-22.796738068999957,0.0],[-43.35863130499996,-22.796560710999927,0.0],[-43.35801967499998,-22.796226309999952,0.0],[-43.357870772999945,-22.795925164999971,0.0],[-43.358253702999946,-22.795184607999943,0.0],[-43.358316298999966,-22.794880271999943,0.0],[-43.358222800999954,-22.794533786999978,0.0],[-43.358295383999973,-22.794288119999976,0.0],[-43.358043044999931,-22.793857918999947,0.0],[-43.357773375999955,-22.793544047999944,0.0],[-43.357324221999932,-22.793482409999967,0.0],[-43.357188106999956,-22.793091327999946,0.0],[-43.357282085999941,-22.792773232999934,0.0],[-43.357272802999944,-22.792471364999983,0.0],[-43.357072108999944,-22.792110043999969,0.0],[-43.35691475699997,-22.791971815999943,0.0],[-43.356533567999975,-22.791800186999978,0.0],[-43.356230752999977,-22.791855681999948,0.0],[-43.355818638999949,-22.791739190999976,0.0],[-43.355408370999953,-22.791410405999954,0.0],[-43.354849502999969,-22.791158767999946,0.0],[-43.353942157999938,-22.791103869999972,0.0],[-43.353458039999964,-22.79138125299994,0.0],[-43.353391249999959,-22.791493098999979,0.0],[-43.353628187999959,-22.791786286999979,0.0],[-43.353074554999978,-22.792504944999962,0.0],[-43.352727100999971,-22.792707933999964,0.0],[-43.35195248399998,-22.792785770999956,0.0],[-43.350603350999961,-22.792467404999968,0.0],[-43.350496878999934,-22.792470216999959,0.0],[-43.350431409999942,-22.792534279999927,0.0]]]]}},
{"type":"Feature","properties":{"OBJECTID":125,"uf":"RJ","geometria":"Sim","municipio":"SÃO JOÃO DE MERITI","processo":"Inundação","classe":"Média","fonte":"Produto obtido através da modelagem (ver Nota Técnica Explicativa do projeto) validado por trabalho de campo pela CPRM entre os anos de 2012 e 2014.","execucao":"CPRM (2013)","projeto":"Cartas de Suscetibilidade a Movimentos Gravitacionais de Massa e Inundações. Tema: Inundação.","ano":2013,"executor":"CPRM","shape_Length":0.00504410195370861,"shape_Area":4.9945272715896403e-07},"geometry":{"type":"MultiPolygon","coordinates":[[[[-43.362533275999965,-22.770126421999976,0.0],[-43.362367078999966,-22.767731472999969,0.0],[-43.362332832999982,-22.768332546999943,0.0],[-43.362132741999972,-22.769172931999947,0.0],[-43.36209774699995,-22.769812668999975,0.0],[-43.362533275999965,-22.770126421999976,0.0]]]]}},
{"type":"Feature","properties":{"OBJECTID":127,"uf":"RJ","geometria":"Sim","municipio":"SÃO JOÃO DE MERITI","processo":"Inundação","classe":"Média","fonte":"Produto obtido através da modelagem (ver Nota Técnica Explicativa do projeto) validado por trabalho de campo pela CPRM entre os anos de 2012 e 2014.","execucao":"CPRM (2013)","projeto":"Cartas de Suscetibilidade a Movimentos Gravitacionais de Massa e Inundações. Tema: Inundação.","ano":2013,"executor":"CPRM","shape_Length":0.0019114592860764374,"shape_Area":2.3483697221008795e-07},"geometry":{"type":"MultiPolygon","coordinates":[[[[-43.329748595999945,-22.76748923599996,0.0],[-43.329722223999966,-22.767494030999956,0.0],[-43.329725488999941,-22.767794855999966,0.0],[-43.330227792999949,-22.767940329999931,0.0],[-43.330397234999964,-22.767799554999954,0.0],[-43.330335082999966,-22.767568719999929,0.0],[-43.329965146999939,-22.767466554999942,0.0],[-43.329748595999945,-22.76748923599996,0.0]]]]}},
{"type":"Feature","properties":{"OBJECTID":129,"uf":"RJ","geometria":"Sim","municipio":"SÃO JOÃO DE MERITI","processo":"Inundação","classe":"Baixa","fonte":"Produto obtido através da modelagem (ver Nota Técnica Explicativa do projeto) validado por trabalho de campo pela CPRM entre os anos de 2012 e 2014.","execucao":"CPRM (2013)","projeto":"Cartas de Suscetibilidade a Movimentos Gravitacionais de Massa e Inundações. Tema: Inundação.","ano":2013,"executor":"CPRM","shape_Length":0.0044981456788983458,"shape_Area":1.168194315784871e-06},"geometry":{"type":"MultiPolygon","coordinates":[[[[-43.37747940099996,-22.807397037999976,0.0],[-43.377499858999954,-22.807051170999955,0.0],[-43.377880233999974,-22.806452849999971,0.0],[-43.377751149999938,-22.806429151999964,0.0],[-43.377624382999954,-22.806294670999932,0.0],[-43.37716990399997,-22.80601790999998,0.0],[-43.376576738999972,-22.806070529999943,0.0],[-43.376442132999955,-22.806334739999954,0.0],[-43.376300666999953,-22.806449356999963,0.0],[-43.377129191999984,-22.807203203999961,0.0],[-43.37747940099996,-22.807397037999976,0.0]]]]}},
{"type":"Feature","properties":{"OBJECTID":131,"uf":"RJ","geometria":"Sim","municipio":"SÃO JOÃO DE MERITI","processo":"Inundação","classe":"Média","fonte":"Produto obtido através da modelagem (ver Nota Técnica Explicativa do projeto) validado por trabalho de campo pela CPRM entre os anos de 2012 e 2014.","execucao":"CPRM (2013)","projeto":"Cartas de Suscetibilidade a Movimentos Gravitacionais de Massa e Inundações. Tema: Inundação.","ano":2013,"executor":"CPRM","shape_Length":0.0043679525404974519,"shape_Area":5.345837894633663e-07},"geometry":{"type":"MultiPolygon","coordinates":[[[[-43.333652849999964,-22.760334098999977,0.0],[-43.333677530999978,-22.760525792999942,0.0],[-43.333758329999966,-22.760060258999943,0.0],[-43.334038084999975,-22.760004379999941,0.0],[-43.33413668299994,-22.759170899999958,0.0],[-43.333773795999946,-22.759052184999973,0.0],[-43.333717080999975,-22.758744257999979,0.0],[-43.333638975999975,-22.758969304999937,0.0],[-43.333689577999962,-22.759649120999939,0.0],[-43.333614243999932,-22.759872062999932,0.0],[-43.333367516999942,-22.760142432999942,0.0],[-43.333411502999979,-22.760231187999977,0.0],[-43.333652849999964,-22.760334098999977,0.0]]]]}},
{"type":"Feature","properties":{"OBJECTID":132,"uf":"RJ","geometria":"Sim","municipio":"SÃO JOÃO DE MERITI","processo":"Inundação","classe":"Alta","fonte":"Produto obtido através da modelagem (ver Nota Técnica Explicativa do projeto) validado por trabalho de campo pela CPRM entre os anos de 2012 e 2014.","execucao":"CPRM (2013)","projeto":"Cartas de Suscetibilidade a Movimentos Gravitacionais de Massa e Inundações. Tema: Inundação.","ano":2013,"executor":"CPRM","shape_Length":0.013380910672571586,"shape_Area":7.4332527420197998e-06},"geometry":{"type":"MultiPolygon","coordinates":[[[[-43.35849030299994,-22.802787948999935,0.0],[-43.358507416999942,-22.802792039999929,0.0],[-43.358700979999981,-22.802838304999966,0.0],[-43.358783442999936,-22.802853226999957,0.0],[-43.358937509999976,-22.802881105999973,0.0],[-43.359090454999944,-22.802908781999975,0.0],[-43.359387007999942,-22.802984934999927,0.0],[-43.359465981999961,-22.803005214999928,0.0],[-43.359831421999957,-22.803147059999958,0.0],[-43.360084668999946,-22.803305927999929,0.0],[-43.360154441999953,-22.803349696999931,0.0],[-43.360249332999956,-22.803433345999963,0.0],[-43.360419585999978,-22.803583426999978,0.0],[-43.36044323699997,-22.803604274999941,0.0],[-43.360552088999953,-22.803685728999938,0.0],[-43.36075478999993,-22.803837409999971,0.0],[-43.360867704999976,-22.803915891999964,0.0],[-43.360892192999984,-22.803932912999983,0.0],[-43.361068279999984,-22.804055301999938,0.0],[-43.361369703999969,-22.804288331999942,0.0],[-43.361503741999968,-22.804394534999972,0.0],[-43.36150964899997,-22.804423005999979,0.0],[-43.361521386999982,-22.804479586999946,0.0],[-43.362517812999954,-22.804364677999956,0.0],[-43.36262766699997,-22.804352009999945,0.0],[-43.362932141999977,-22.804316591999964,0.0],[-43.363570816999982,-22.804242297999963,0.0],[-43.363571191999938,-22.804242254999963,0.0],[-43.363572849999969,-22.804242061999958,0.0],[-43.363562218999959,-22.803896917999964,0.0],[-43.363353917999973,-22.803639220999969,0.0],[-43.362969011999951,-22.803424076999931,0.0],[-43.362508438999953,-22.803283659999977,0.0],[-43.362034617999939,-22.803044945999943,0.0],[-43.361842776999936,-22.802734581999971,0.0],[-43.361954486999934,-22.802176463999956,0.0],[-43.36178382099996,-22.802026565999938,0.0],[-43.361056239999982,-22.80196927399993,0.0],[-43.360770282999965,-22.801873035999961,0.0],[-43.360194887999967,-22.801374455999962,0.0],[-43.359972765999942,-22.801274456999977,0.0],[-43.359672644999932,-22.801282393999941,0.0],[-43.359160804999931,-22.80163196899997,0.0],[-43.358965482999963,-22.80187319199996,0.0],[-43.358906204999982,-22.802476578999972,0.0],[-43.358652025999959,-22.802811024999983,0.0],[-43.35849030299994,-22.802787948999935,0.0]]]]}},
{"type":"Feature","properties":{"OBJECTID":134,"uf":"RJ","geometria":"Sim","municipio":"SÃO JOÃO DE MERITI","processo":"Inundação","classe":"Alta","fonte":"Produto obtido através da modelagem (ver Nota Técnica Explicativa do projeto) validado por trabalho de campo pela CPRM entre os anos de 2012 e 2014.","execucao":"CPRM (2013)","projeto":"Cartas de Suscetibilidade a Movimentos Gravitacionais de Massa e Inundações. Tema: Inundação.","ano":2013,"executor":"CPRM","shape_Length":0.047209033920393509,"shape_Area":2.4778829364982218e-06},"geometry":{"type":"MultiPolygon","coordinates":[[[[-43.361193005999951,-22.762302644999977,0.0],[-43.360040744999935,-22.762031154999931,0.0],[-43.356381625999973,-22.761288659999934,0.0],[-43.354551259999937,-22.760986326999955,0.0],[-43.354176688999985,-22.760906281999951,0.0],[-43.354023896999934,-22.760873629999935,0.0],[-43.350716069999976,-22.760306094999976,0.0],[-43.350404971999978,-22.760252191999939,0.0],[-43.349366759999953,-22.760005761999935,0.0],[-43.346843969999952,-22.759581259999948,0.0],[-43.34430578499996,-22.759064621999983,0.0],[-43.343535001999953,-22.758929270999943,0.0],[-43.342450979999967,-22.758738914999981,0.0],[-43.340605186999937,-22.758351989999937,0.0],[-43.338743724999972,-22.758061906999956,0.0],[-43.33870873199993,-22.758056451999948,0.0],[-43.338624859999982,-22.758041219999939,0.0],[-43.338004737999938,-22.757928585999935,0.0],[-43.342000771999949,-22.75872080399995,0.0],[-43.346626667999942,-22.75975350799996,0.0],[-43.354379922999954,-22.760973830999944,0.0],[-43.356218923999961,-22.761407402999964,0.0],[-43.361193005999951,-22.762302644999977,0.0]]]]}},
{"type":"Feature","properties":{"OBJECTID":137,"uf":"RJ","geometria":"Sim","municipio":"SÃO JOÃO DE MERITI","processo":"Inundação","classe":"Média","fonte":"Produto obtido através da modelagem (ver Nota Técnica Explicativa do projeto) validado por trabalho de campo pela CPRM entre os anos de 2012 e 2014.","execucao":"CPRM (2013)","projeto":"Cartas de Suscetibilidade a Movimentos Gravitacionais de Massa e Inundações. Tema: Inundação.","ano":2013,"executor":"CPRM","shape_Length":0.0085363480055152784,"shape_Area":1.1104109872390758e-06},"geometry":{"type":"MultiPolygon","coordinates":[[[[-43.341308012999946,-22.793884606999939,0.0],[-43.34120603599996,-22.793988071999934,0.0],[-43.339992779999932,-22.794045912999934,0.0],[-43.339749309999945,-22.794330547999948,0.0],[-43.339910345999954,-22.794571233999932,0.0],[-43.340517873999943,-22.795189768999933,0.0],[-43.34056009699998,-22.795321787999967,0.0],[-43.340848991999962,-22.795595723999952,0.0],[-43.340814741999964,-22.795245548999958,0.0],[-43.340396301999931,-22.794621860999939,0.0],[-43.340354702999946,-22.794334738999964,0.0],[-43.341232665999939,-22.794224167999971,0.0],[-43.341643325999939,-22.793945734999966,0.0],[-43.342306347999966,-22.793357553999954,0.0],[-43.342338254999959,-22.793263148999927,0.0],[-43.342144566999934,-22.793170825999937,0.0],[-43.34155312799993,-22.793751691999944,0.0],[-43.341308559999959,-22.793839457999979,0.0],[-43.341308012999946,-22.793884606999939,0.0]]]]}},
{"type":"Feature","properties":{"OBJECTID":138,"uf":"RJ","geometria":"Sim","municipio":"SÃO JOÃO DE MERITI","processo":"Inundação","classe":"Média","fonte":"Produto obtido através da modelagem (ver Nota Técnica Explicativa do projeto) validado por trabalho de campo pela CPRM entre os anos de 2012 e 2014.","execucao":"CPRM (2013)","projeto":"Cartas de Suscetibilidade a Movimentos Gravitacionais de Massa e Inundações. Tema: Inundação.","ano":2013,"executor":"CPRM","shape_Length":0.0024174659288081477,"shape_Area":8.9669832765410372e-08},"geometry":{"type":"MultiPolygon","coordinates":[[[[-43.338830845999951,-22.761166516999936,0.0],[-43.338748927999973,-22.761072944999967,0.0],[-43.33813185799994,-22.760773333999964,0.0],[-43.337716045999969,-22.760748515999978,0.0],[-43.338830845999951,-22.761166516999936,0.0]]]]}},
{"type":"Feature","properties":{"OBJECTID":139,"uf":"RJ","geometria":"Sim","municipio":"SÃO JOÃO DE MERITI","processo":"Inundação","classe":"Baixa","fonte":"Produto obtido através da modelagem (ver Nota Técnica Explicativa do projeto) validado por trabalho de campo pela CPRM entre os anos de 2012 e 2014.","execucao":"CPRM (2013)","projeto":"Cartas de Suscetibilidade a Movimentos Gravitacionais de Massa e Inundações. Tema: Inundação.","ano":2013,"executor":"CPRM","shape_Length":0.015447010277352768,"shape_Area":2.4176028341067459e-06},"geometry":{"type":"MultiPolygon","coordinates":[[[[-43.385713047999957,-22.807209705999981,0.0],[-43.38625946999997,-22.807240848999982,0.0],[-43.38740258699994,-22.807449885999972,0.0],[-43.388011481999968,-22.807628802999943,0.0],[-43.389086757999962,-22.808258983999963,0.0],[-43.389412125999968,-22.808519574999934,0.0],[-43.389694632999976,-22.807868078999945,0.0],[-43.390040806999934,-22.807356528999946,0.0],[-43.390493227999968,-22.806892330999972,0.0],[-43.390927958999953,-22.806661255999927,0.0],[-43.391909089999956,-22.806618438999976,0.0],[-43.392391975999942,-22.806690183999933,0.0],[-43.391849638999929,-22.806063114999972,0.0],[-43.39146728399993,-22.806143488999965,0.0],[-43.39039212199998,-22.806631994999975,0.0],[-43.389571158999956,-22.807124086999977,0.0],[-43.389156215999947,-22.807530308999958,0.0],[-43.388864394999985,-22.80766971099996,0.0],[-43.388344472999961,-22.807591087999981,0.0],[-43.387578997999981,-22.807260695999958,0.0],[-43.386057808999965,-22.807133044999944,0.0],[-43.385713047999957,-22.807209705999981,0.0]]]]}},
{"type":"Feature","properties":{"OBJECTID":140,"uf":"RJ","geometria":"Sim","municipio":"SÃO JOÃO DE MERITI","processo":"Inundação","classe":"Média","fonte":"Produto obtido através da modelagem (ver Nota Técnica Explicativa do projeto) validado por trabalho de campo pela CPRM entre os anos de 2012 e 2014.","execucao":"CPRM (2013)","projeto":"Cartas de Suscetibilidade a Movimentos Gravitacionais de Massa e Inundações. Tema: Inundação.","ano":2013,"executor":"CPRM","shape_Length":0.0035067498548872946,"shape_Area":2.8624601428642319e-07},"geometry":{"type":"MultiPolygon","coordinates":[[[[-43.351964155999951,-22.778461677999928,0.0],[-43.352434928999969,-22.777968740999938,0.0],[-43.353243100999975,-22.777391155999965,0.0],[-43.352934461999951,-22.777437686999974,0.0],[-43.352506810999955,-22.777593706999937,0.0],[-43.352208283999971,-22.777810367999962,0.0],[-43.351964155999951,-22.778461677999928,0.0]]]]}},
{"type":"Feature","properties":{"OBJECTID":142,"uf":"RJ","geometria":"Sim","municipio":"SÃO JOÃO DE MERITI","processo":"Inundação","classe":"Média","fonte":"Produto obtido através da modelagem (ver Nota Técnica Explicativa do projeto) validado por trabalho de campo pela CPRM entre os anos de 2012 e 2014.","execucao":"CPRM (2013)","projeto":"Cartas de Suscetibilidade a Movimentos Gravitacionais de Massa e Inundações. Tema: Inundação.","ano":2013,"executor":"CPRM","shape_Length":0.052751241252198322,"shape_Area":1.3626159001640298e-05},"geometry":{"type":"MultiPolygon","coordinates":[[[[-43.332666661999951,-22.791627049999931,0.0],[-43.333052537999947,-22.791702784999927,0.0],[-43.333608356999946,-22.79238132699993,0.0],[-43.333444332999932,-22.793221824999932,0.0],[-43.333198209999978,-22.793641571999956,0.0],[-43.332490375999953,-22.794108727999969,0.0],[-43.332292760999962,-22.794327496999983,0.0],[-43.33192580399998,-22.794527528999936,0.0],[-43.331461735999937,-22.79459467199996,0.0],[-43.331219789999977,-22.794745314999943,0.0],[-43.330684022999947,-22.794215018999978,0.0],[-43.330327319999981,-22.793599881999967,0.0],[-43.330425954999953,-22.79561881799998,0.0],[-43.330642873999977,-22.795537820999982,0.0],[-43.331209574999946,-22.795116545999974,0.0],[-43.331460998999944,-22.795246648999978,0.0],[-43.333251573999974,-22.795767299999966,0.0],[-43.334044954999968,-22.79626045599997,0.0],[-43.334365587999969,-22.796333157999982,0.0],[-43.334821928999929,-22.796728234999932,0.0],[-43.33498272099996,-22.797129462999976,0.0],[-43.335248348999983,-22.797490637999942,0.0],[-43.33567329899995,-22.797819128999947,0.0],[-43.33581610799996,-22.798265686999969,0.0],[-43.335645038999985,-22.79901842299995,0.0],[-43.335693698999933,-22.799252046999982,0.0],[-43.335569548999956,-22.799702134999961,0.0],[-43.335089627999935,-22.80063820099997,0.0],[-43.33504093099998,-22.800637692999942,0.0],[-43.33488990099994,-22.801042509999945,0.0],[-43.33474216299993,-22.801176430999931,0.0],[-43.334741064999946,-22.801266729999952,0.0],[-43.334544079999944,-22.801445291999983,0.0],[-43.334001430999933,-22.801683839999953,0.0],[-43.333373689999974,-22.801568524999936,0.0],[-43.333090967999965,-22.801537633999942,0.0],[-43.332670206999978,-22.80126852199993,0.0],[-43.332320018999951,-22.800836041999958,0.0],[-43.331717003999984,-22.800266663999935,0.0],[-43.331958522999969,-22.799981383999977,0.0],[-43.331926520999957,-22.798934499999973,0.0],[-43.33180129699997,-22.798346533999961,0.0],[-43.332090539999967,-22.798085145999949,0.0],[-43.332079743999941,-22.797731901999953,0.0],[-43.331789441999945,-22.797372580999934,0.0],[-43.331533667999963,-22.797379302999957,0.0],[-43.331450724999968,-22.797575838999933,0.0],[-43.331746246999955,-22.798273479999978,0.0],[-43.331727002999969,-22.798623785999951,0.0],[-43.331257238999967,-22.799018290999982,0.0],[-43.330825963999985,-22.799125223999965,0.0],[-43.330619050999985,-22.799082821999946,0.0],[-43.330548133999969,-22.799087696999948,0.0],[-43.330548145999956,-22.799087810999936,0.0],[-43.330633169999942,-22.799886079999965,0.0],[-43.330658652999944,-22.800095049999982,0.0],[-43.330734952999933,-22.800185033999981,0.0],[-43.330740052999943,-22.80019707699995,0.0],[-43.330925341999944,-22.800573243999963,0.0],[-43.330843935999951,-22.800966899999935,0.0],[-43.33088171199995,-22.801244051999959,0.0],[-43.330958008999971,-22.801356354999939,0.0],[-43.331287861999954,-22.801522628999976,0.0],[-43.332003575999977,-22.801522925999961,0.0],[-43.332625911999969,-22.801628343999937,0.0],[-43.333388628999955,-22.801901505999979,0.0],[-43.334963444999971,-22.802030291999927,0.0],[-43.335286828999983,-22.801758710999934,0.0],[-43.33539387999997,-22.801576143999966,0.0],[-43.335262711999974,-22.801100735999967,0.0],[-43.335557690999963,-22.800250628999947,0.0],[-43.335749302999943,-22.799923855999964,0.0],[-43.336164461999942,-22.79827955899998,0.0],[-43.336120027999982,-22.797559735999982,0.0],[-43.335667935999936,-22.797244967999973,0.0],[-43.335498052999981,-22.796761950999951,0.0],[-43.33506715599998,-22.796466022999937,0.0],[-43.335015068999951,-22.796196610999971,0.0],[-43.334395665999978,-22.795917624999959,0.0],[-43.333615814999973,-22.795242068999983,0.0],[-43.333291480999947,-22.795132846999934,0.0],[-43.332603577999976,-22.795078559999979,0.0],[-43.332287789999953,-22.794801069999949,0.0],[-43.332474766999951,-22.794513657999971,0.0],[-43.332950138999934,-22.79427071799995,0.0],[-43.333604086999969,-22.794072624999956,0.0],[-43.334513469999933,-22.79356139999993,0.0],[-43.334535247999952,-22.793164866999973,0.0],[-43.333888913999942,-22.792380884999943,0.0],[-43.333907838999949,-22.792036290999931,0.0],[-43.333719223999935,-22.791250408999929,0.0],[-43.333835461999968,-22.791039655999953,0.0],[-43.334193357999936,-22.790887590999944,0.0],[-43.334284538999952,-22.790740857999936,0.0],[-43.334237960999985,-22.790676772999973,0.0],[-43.33345619499994,-22.790777358999947,0.0],[-43.333180530999982,-22.79092090599994,0.0],[-43.333063350999964,-22.79104418299994,0.0],[-43.332909920999953,-22.791140053999982,0.0],[-43.332755025999973,-22.791355257999953,0.0],[-43.332666661999951,-22.791627049999931,0.0]]]]}},
{"type":"Feature","properties":{"OBJECTID":143,"uf":"RJ","geometria":"Sim","municipio":"SÃO JOÃO DE MERITI","processo":"Inundação","classe":"Baixa","fonte":"Produto obtido através da modelagem (ver Nota Técnica Explicativa do projeto) validado por trabalho de campo pela CPRM entre os anos de 2012 e 2014.","execucao":"CPRM (2013)","projeto":"Cartas de Suscetibilidade a Movimentos Gravitacionais de Massa e Inundações. Tema: Inundação.","ano":2013,"executor":"CPRM","shape_Length":0.0043458163013263898,"shape_Area":9.2109836065899146e-07},"geometry":{"type":"MultiPolygon","coordinates":[[[[-43.401303507999955,-22.800883174999967,0.0],[-43.40076922399993,-22.801471552999942,0.0],[-43.400433702999976,-22.801841041999978,0.0],[-43.401120334999973,-22.801973363999934,0.0],[-43.401363946999936,-22.801696639999932,0.0],[-43.40201617799994,-22.800980395999943,0.0],[-43.401851987999976,-22.800742639999953,0.0],[-43.401577890999931,-22.800581008999927,0.0],[-43.401303507999955,-22.800883174999967,0.0]]]]}},
{"type":"Feature","properties":{"OBJECTID":144,"uf":"RJ","geometria":"Sim","municipio":"SÃO JOÃO DE MERITI","processo":"Inundação","classe":"Média","fonte":"Produto obtido através da modelagem (ver Nota Técnica Explicativa do projeto) validado por trabalho de campo pela CPRM entre os anos de 2012 e 2014.","execucao":"CPRM (2013)","projeto":"Cartas de Suscetibilidade a Movimentos Gravitacionais de Massa e Inundações. Tema: Inundação.","ano":2013,"executor":"CPRM","shape_Length":0.0063705185610104511,"shape_Area":1.0018347272193974e-06},"geometry":{"type":"MultiPolygon","coordinates":[[[[-43.409481292999942,-22.79187651899997,0.0],[-43.408152031999975,-22.793340623999939,0.0],[-43.40836457499995,-22.793292376999943,0.0],[-43.408865281999965,-22.793416694999962,0.0],[-43.409405145999983,-22.792818274999945,0.0],[-43.409441552999965,-22.792251632999978,0.0],[-43.409594869999978,-22.792131799999936,0.0],[-43.41009917599996,-22.79204896899995,0.0],[-43.410464106999939,-22.791644456999961,0.0],[-43.410428398999954,-22.791623262999963,0.0],[-43.40991665699994,-22.791842477999978,0.0],[-43.409481292999942,-22.79187651899997,0.0]]]]}},
{"type":"Feature","properties":{"OBJECTID":151,"uf":"RJ","geometria":"Sim","municipio":"SÃO JOÃO DE MERITI","processo":"Inundação","classe":"Baixa","fonte":"Produto obtido através da modelagem (ver Nota Técnica Explicativa do projeto) validado por trabalho de campo pela CPRM entre os anos de 2012 e 2014.","execucao":"CPRM (2013)","projeto":"Cartas de Suscetibilidade a Movimentos Gravitacionais de Massa e Inundações. Tema: Inundação.","ano":2013,"executor":"CPRM","shape_Length":0.0023095684809902469,"shape_Area":2.0649576209364112e-07},"geometry":{"type":"MultiPolygon","coordinates":[[[[-43.409405145999983,-22.792818274999945,0.0],[-43.41009917599996,-22.79204896899995,0.0],[-43.409594869999978,-22.792131799999936,0.0],[-43.409441552999965,-22.792251632999978,0.0],[-43.409405145999983,-22.792818274999945,0.0]]]]}},
{"type":"Feature","properties":{"OBJECTID":152,"uf":"RJ","geometria":"Sim","municipio":"SÃO JOÃO DE MERITI","processo":"Inundação","classe":"Alta","fonte":"Produto obtido através da modelagem (ver Nota Técnica Explicativa do projeto) validado por trabalho de campo pela CPRM entre os anos de 2012 e 2014.","execucao":"CPRM (2013)","projeto":"Cartas de Suscetibilidade a Movimentos Gravitacionais de Massa e Inundações. Tema: Inundação.","ano":2013,"executor":"CPRM","shape_Length":0.0024849813434785059,"shape_Area":1.1602340551018385e-07},"geometry":{"type":"MultiPolygon","coordinates":[[[[-43.396076932999961,-22.80758768499993,0.0],[-43.396220554999957,-22.80743539499997,0.0],[-43.396885922999957,-22.806703270999947,0.0],[-43.396641681999938,-22.806761755999958,0.0],[-43.396279448999962,-22.80724314899993,0.0],[-43.396082630999956,-22.807418903999974,0.0],[-43.396076932999961,-22.80758768499993,0.0]]]]}},
{"type":"Feature","properties":{"OBJECTID":155,"uf":"RJ","geometria":"Sim","municipio":"SÃO JOÃO DE MERITI","processo":"Inundação","classe":"Alta","fonte":"Produto obtido através da modelagem (ver Nota Técnica Explicativa do projeto) validado por trabalho de campo pela CPRM entre os anos de 2012 e 2014.","execucao":"CPRM (2013)","projeto":"Cartas de Suscetibilidade a Movimentos Gravitacionais de Massa e Inundações. Tema: Inundação.","ano":2013,"executor":"CPRM","shape_Length":0.0015981108280683596,"shape_Area":5.1781188689669068e-08},"geometry":{"type":"MultiPolygon","coordinates":[[[[-43.330843935999951,-22.800966899999935,0.0],[-43.330925341999944,-22.800573243999963,0.0],[-43.330740052999943,-22.80019707699995,0.0],[-43.330843935999951,-22.800966899999935,0.0]]]]}},
{"type":"Feature","properties":{"OBJECTID":156,"uf":"RJ","geometria":"Sim","municipio":"SÃO JOÃO DE MERITI","processo":"Inundação","classe":"Baixa","fonte":"Produto obtido através da modelagem (ver Nota Técnica Explicativa do projeto) validado por trabalho de campo pela CPRM entre os anos de 2012 e 2014.","execucao":"CPRM (2013)","projeto":"Cartas de Suscetibilidade a Movimentos Gravitacionais de Massa e Inundações. Tema: Inundação.","ano":2013,"executor":"CPRM","shape_Length":0.0083500972268628557,"shape_Area":1.088711252621694e-06},"geometry":{"type":"MultiPolygon","coordinates":[[[[-43.34056009699998,-22.795321787999967,0.0],[-43.340517873999943,-22.795189768999933,0.0],[-43.339910345999954,-22.794571233999932,0.0],[-43.339749309999945,-22.794330547999948,0.0],[-43.339992779999932,-22.794045912999934,0.0],[-43.34120603599996,-22.793988071999934,0.0],[-43.341308012999946,-22.793884606999939,0.0],[-43.340835628999969,-22.793957997999939,0.0],[-43.340374466999947,-22.793808616999968,0.0],[-43.339693294999961,-22.793776478999973,0.0],[-43.339000621999958,-22.794057227999929,0.0],[-43.338652776999936,-22.794057517999931,0.0],[-43.338633672999947,-22.794405593999954,0.0],[-43.338738830999944,-22.794513227999971,0.0],[-43.339616061999948,-22.794578146999982,0.0],[-43.34056009699998,-22.795321787999967,0.0]]]]}},
{"type":"Feature","properties":{"OBJECTID":157,"uf":"RJ","geometria":"Sim","municipio":"SÃO JOÃO DE MERITI","processo":"Inundação","classe":"Baixa","fonte":"Produto obtido através da modelagem (ver Nota Técnica Explicativa do projeto) validado por trabalho de campo pela CPRM entre os anos de 2012 e 2014.","execucao":"CPRM (2013)","projeto":"Cartas de Suscetibilidade a Movimentos Gravitacionais de Massa e Inundações. Tema: Inundação.","ano":2013,"executor":"CPRM","shape_Length":0.0027214311093560453,"shape_Area":1.587473998543394e-07},"geometry":{"type":"MultiPolygon","coordinates":[[[[-43.339722447999975,-22.800144655999929,0.0],[-43.340527622999957,-22.800058846999946,0.0],[-43.340813173999948,-22.799964983999928,0.0],[-43.34084904499997,-22.799614522999946,0.0],[-43.340504800999952,-22.799873608999974,0.0],[-43.339722447999975,-22.800144655999929,0.0]]]]}},
{"type":"Feature","properties":{"OBJECTID":160,"uf":"RJ","geometria":"Sim","municipio":"SÃO JOÃO DE MERITI","processo":"Inundação","classe":"Baixa","fonte":"Produto obtido através da modelagem (ver Nota Técnica Explicativa do projeto) validado por trabalho de campo pela CPRM entre os anos de 2012 e 2014.","execucao":"CPRM (2013)","projeto":"Cartas de Suscetibilidade a Movimentos Gravitacionais de Massa e Inundações. Tema: Inundação.","ano":2013,"executor":"CPRM","shape_Length":0.0012048314191061874,"shape_Area":5.513381890212101e-08},"geometry":{"type":"MultiPolygon","coordinates":[[[[-43.330215532999944,-22.795756731999973,0.0],[-43.330440685999974,-22.796133193999935,0.0],[-43.330425954999953,-22.79561881799998,0.0],[-43.330215532999944,-22.795756731999973,0.0]]]]}},
{"type":"Feature","properties":{"OBJECTID":161,"uf":"RJ","geometria":"Sim","municipio":"SÃO JOÃO DE MERITI","processo":"Inundação","classe":"Baixa","fonte":"Produto obtido através da modelagem (ver Nota Técnica Explicativa do projeto) validado por trabalho de campo pela CPRM entre os anos de 2012 e 2014.","execucao":"CPRM (2013)","projeto":"Cartas de Suscetibilidade a Movimentos Gravitacionais de Massa e Inundações. Tema: Inundação.","ano":2013,"executor":"CPRM","shape_Length":0.011074670288566192,"shape_Area":2.8052015938156118e-06},"geometry":{"type":"MultiPolygon","coordinates":[[[[-43.39066048899997,-22.804821323999931,0.0],[-43.390687943999978,-22.805033830999946,0.0],[-43.391087112999969,-22.805346795999981,0.0],[-43.391701048999948,-22.805662009999935,0.0],[-43.391933316999939,-22.805681672999981,0.0],[-43.392413044999955,-22.805565789999946,0.0],[-43.393295801999955,-22.805249112999945,0.0],[-43.394758218999982,-22.80519247999996,0.0],[-43.395039281999971,-22.805226718999961,0.0],[-43.394265687999962,-22.804632893999951,0.0],[-43.394197908999956,-22.804443815999946,0.0],[-43.394419402999972,-22.804091579999977,0.0],[-43.39320454999995,-22.803853559999936,0.0],[-43.392793446999974,-22.804601486999957,0.0],[-43.392284397999958,-22.80517072899994,0.0],[-43.391880843999957,-22.805303525999932,0.0],[-43.391502874999958,-22.805327846999944,0.0],[-43.391163497999969,-22.80522936899996,0.0],[-43.39066048899997,-22.804821323999931,0.0]]]]}},
{"type":"Feature","properties":{"OBJECTID":163,"uf":"RJ","geometria":"Sim","municipio":"SÃO JOÃO DE MERITI","processo":"Inundação","classe":"Média","fonte":"Produto obtido através da modelagem (ver Nota Técnica Explicativa do projeto) validado por trabalho de campo pela CPRM entre os anos de 2012 e 2014.","execucao":"CPRM (2013)","projeto":"Cartas de Suscetibilidade a Movimentos Gravitacionais de Massa e Inundações. Tema: Inundação.","ano":2013,"executor":"CPRM","shape_Length":0.0060575445480987016,"shape_Area":6.4747490034780745e-07},"geometry":{"type":"MultiPolygon","coordinates":[[[[-43.329915150999966,-22.793577294999977,0.0],[-43.33035057099994,-22.794765554999969,0.0],[-43.330278431999943,-22.794937524999966,0.0],[-43.330110730999934,-22.795107633999976,0.0],[-43.330191837999962,-22.795738731999961,0.0],[-43.330215532999944,-22.795756731999973,0.0],[-43.330425954999953,-22.79561881799998,0.0],[-43.330327319999981,-22.793599881999967,0.0],[-43.330307725999944,-22.793359125999928,0.0],[-43.330197086999931,-22.793273019999958,0.0],[-43.330198186999951,-22.793182722999973,0.0],[-43.329843749999952,-22.793017329999941,0.0],[-43.329848306999963,-22.79305407499993,0.0],[-43.329915150999966,-22.793577294999977,0.0]]]]}},
{"type":"Feature","properties":{"OBJECTID":168,"uf":"RJ","geometria":"Sim","municipio":"SÃO JOÃO DE MERITI","processo":"Inundação","classe":"Média","fonte":"Produto obtido através da modelagem (ver Nota Técnica Explicativa do projeto) validado por trabalho de campo pela CPRM entre os anos de 2012 e 2014.","execucao":"CPRM (2013)","projeto":"Cartas de Suscetibilidade a Movimentos Gravitacionais de Massa e Inundações. Tema: Inundação.","ano":2013,"executor":"CPRM","shape_Length":0.013804340940196121,"shape_Area":5.6403635165038343e-06},"geometry":{"type":"MultiPolygon","coordinates":[[[[-43.34226829399995,-22.762782682999955,0.0],[-43.34260280899997,-22.762253297999962,0.0],[-43.343829967999966,-22.761325461999945,0.0],[-43.344774423999979,-22.761437476999959,0.0],[-43.345203491999939,-22.761639099999968,0.0],[-43.344921199999931,-22.761339418999967,0.0],[-43.344500611999933,-22.761121773999946,0.0],[-43.344203662999973,-22.761102266999956,0.0],[-43.343162,-22.761368299999958,0.0],[-43.342977466999969,-22.761260252999932,0.0],[-43.34286463199993,-22.760535489999938,0.0],[-43.342683842999975,-22.760084330999973,0.0],[-43.342334563999941,-22.759562183999947,0.0],[-43.34187723499997,-22.759325514999944,0.0],[-43.341328370999975,-22.759375359999979,0.0],[-43.340801591999934,-22.759652510999956,0.0],[-43.340330936999976,-22.760033801999953,0.0],[-43.34037602099994,-22.760370376999958,0.0],[-43.340657176999969,-22.760608660999935,0.0],[-43.340794826999968,-22.760814438999944,0.0],[-43.341031191999946,-22.760957327999961,0.0],[-43.341181155999948,-22.761181515999965,0.0],[-43.341618547999985,-22.761389200999929,0.0],[-43.34179847799993,-22.761985617999983,0.0],[-43.342066448999958,-22.762212721999958,0.0],[-43.342039770999975,-22.762561880999954,0.0],[-43.34226829399995,-22.762782682999955,0.0]]]]}},
{"type":"Feature","properties":{"OBJECTID":171,"uf":"RJ","geometria":"Sim","municipio":"SÃO JOÃO DE MERITI","processo":"Inundação","classe":"Média","fonte":"Produto obtido através da modelagem (ver Nota Técnica Explicativa do projeto) validado por trabalho de campo pela CPRM entre os anos de 2012 e 2014.","execucao":"CPRM (2013)","projeto":"Cartas de Suscetibilidade a Movimentos Gravitacionais de Massa e Inundações. Tema: Inundação.","ano":2013,"executor":"CPRM","shape_Length":0.001373736595577785,"shape_Area":1.2628236466127408e-07},"geometry":{"type":"MultiPolygon","coordinates":[[[[-43.341298445999939,-22.802254055999981,0.0],[-43.341398983999966,-22.80246501299996,0.0],[-43.341709502999947,-22.802419422999947,0.0],[-43.341756608999958,-22.802145173999975,0.0],[-43.341405670999961,-22.802093352999975,0.0],[-43.341298445999939,-22.802254055999981,0.0]]]]}},
{"type":"Feature","properties":{"OBJECTID":172,"uf":"RJ","geometria":"Sim","municipio":"SÃO JOÃO DE MERITI","processo":"Inundação","classe":"Alta","fonte":"Produto obtido através da modelagem (ver Nota Técnica Explicativa do projeto) validado por trabalho de campo pela CPRM entre os anos de 2012 e 2014.","execucao":"CPRM (2013)","projeto":"Cartas de Suscetibilidade a Movimentos Gravitacionais de Massa e Inundações. Tema: Inundação.","ano":2013,"executor":"CPRM","shape_Length":0.0042357402769878953,"shape_Area":2.1940050603868005e-07},"geometry":{"type":"MultiPolygon","coordinates":[[[[-43.406347876999973,-22.786858730999938,0.0],[-43.406530940999971,-22.787321199999951,0.0],[-43.406937640999956,-22.788002616999961,0.0],[-43.407381734999944,-22.788599505999969,0.0],[-43.40725987999997,-22.788396839999962,0.0],[-43.407255591999956,-22.788388795999936,0.0],[-43.407086104999962,-22.788070881999943,0.0],[-43.406876844999942,-22.78775613199997,0.0],[-43.406747859999939,-22.787406236999971,0.0],[-43.406647824999936,-22.787046336999936,0.0],[-43.406582434999962,-22.786822511999958,0.0],[-43.406582426999933,-22.786822487999927,0.0],[-43.406347876999973,-22.786858730999938,0.0]]]]}},
{"type":"Feature","properties":{"OBJECTID":178,"uf":"RJ","geometria":"Sim","municipio":"SÃO JOÃO DE MERITI","processo":"Inundação","classe":"Média","fonte":"Produto obtido através da modelagem (ver Nota Técnica Explicativa do projeto) validado por trabalho de campo pela CPRM entre os anos de 2012 e 2014.","execucao":"CPRM (2013)","projeto":"Cartas de Suscetibilidade a Movimentos Gravitacionais de Massa e Inundações. Tema: Inundação.","ano":2013,"executor":"CPRM","shape_Length":0.062661232402507372,"shape_Area":2.2677050286934278e-05},"geometry":{"type":"MultiPolygon","coordinates":[[[[-43.377966469999933,-22.78270185599996,0.0],[-43.378019248999976,-22.78206013099998,0.0],[-43.378590562999932,-22.780976211999928,0.0],[-43.378980126999977,-22.779993518999959,0.0],[-43.379349570999977,-22.779723123999929,0.0],[-43.379771194999933,-22.779627478999942,0.0],[-43.380276693999974,-22.77974237899997,0.0],[-43.380691247999948,-22.780033914999933,0.0],[-43.381290710999963,-22.780670199999975,0.0],[-43.381642195999973,-22.781250703999945,0.0],[-43.381748570999946,-22.781981482999981,0.0],[-43.381673116999934,-22.783210059999931,0.0],[-43.381489215999977,-22.783877727999936,0.0],[-43.381186083999978,-22.78437392099994,0.0],[-43.380740462999938,-22.784874483999943,0.0],[-43.380459066999947,-22.785323183999935,0.0],[-43.38010412999995,-22.785213743999975,0.0],[-43.379638633999946,-22.785282509999945,0.0],[-43.379090132999977,-22.785177424999972,0.0],[-43.378607347999946,-22.784954150999965,0.0],[-43.378237267999964,-22.78451083799996,0.0],[-43.37839158099996,-22.785064210999963,0.0],[-43.378554959999974,-22.785237544999973,0.0],[-43.379454825999971,-22.785581978999971,0.0],[-43.379745210999943,-22.785827913999981,0.0],[-43.379809590999969,-22.78606098299997,0.0],[-43.379672778999975,-22.786380478999945,0.0],[-43.379282974999967,-22.786681184999964,0.0],[-43.378350336999972,-22.787030874999971,0.0],[-43.378012681999962,-22.787252892999959,0.0],[-43.377849436999952,-22.787464599999964,0.0],[-43.377650460999973,-22.788280482999937,0.0],[-43.37740678199998,-22.788758863999931,0.0],[-43.376912512999979,-22.789375991999975,0.0],[-43.376446728999952,-22.789735293999968,0.0],[-43.375618132999932,-22.789960605999966,0.0],[-43.37560797499998,-22.790094006999936,0.0],[-43.375707343999977,-22.790359941999952,0.0],[-43.375517962999936,-22.790920919999962,0.0],[-43.375478404999967,-22.791301266999938,0.0],[-43.375791414999981,-22.790988858999981,0.0],[-43.376100364999957,-22.790785731999961,0.0],[-43.376158835999945,-22.790488309999944,0.0],[-43.377261081999961,-22.789898,0.0],[-43.377443654999979,-22.789289139999937,0.0],[-43.377985699999954,-22.788427282999976,0.0],[-43.37798020799994,-22.788057875999982,0.0],[-43.378128054999934,-22.787738218999948,0.0],[-43.379017118999968,-22.78712944199998,0.0],[-43.379478591999941,-22.786956412999928,0.0],[-43.37986501599994,-22.786899324999979,0.0],[-43.380153384999971,-22.787205259999951,0.0],[-43.380291536999948,-22.786805991999927,0.0],[-43.380561751999949,-22.786823681999977,0.0],[-43.380511794999961,-22.787479825999981,0.0],[-43.380222986999968,-22.788245951999954,0.0],[-43.380262802999937,-22.789005318999955,0.0],[-43.380575845999942,-22.789477833999968,0.0],[-43.380861774999971,-22.789542586999971,0.0],[-43.38113668099993,-22.789407666999978,0.0],[-43.381292243999951,-22.78918626199993,0.0],[-43.381485340999973,-22.788735315999929,0.0],[-43.381746119999946,-22.788523984999983,0.0],[-43.38253111399996,-22.788544937999973,0.0],[-43.382879396999954,-22.788300277999952,0.0],[-43.383066535999944,-22.78786323199995,0.0],[-43.383283675999962,-22.787162338999963,0.0],[-43.383358562999945,-22.786441900999932,0.0],[-43.383466101999943,-22.786085238999931,0.0],[-43.383718471999941,-22.785790000999953,0.0],[-43.384106418999977,-22.785632831999976,0.0],[-43.384620514999938,-22.785886823999931,0.0],[-43.38486747099995,-22.786187111999936,0.0],[-43.38588662199993,-22.788336356999935,0.0],[-43.385869323999941,-22.787816029999931,0.0],[-43.385794360999967,-22.787464715999931,0.0],[-43.385883910999951,-22.787161365999964,0.0],[-43.38540336799997,-22.785871333999978,0.0],[-43.385347614999944,-22.785459618999937,0.0],[-43.385170564999953,-22.785278509999955,0.0],[-43.384739716999945,-22.785014305999937,0.0],[-43.384476100999962,-22.784552426999937,0.0],[-43.384153779999963,-22.784600042999955,0.0],[-43.382842084999936,-22.785047190999933,0.0],[-43.382314776999976,-22.785293876999958,0.0],[-43.382056838999972,-22.785300736999943,0.0],[-43.381819475999976,-22.78497327599996,0.0],[-43.382097813999962,-22.784469697999953,0.0],[-43.38230307699996,-22.783844989999977,0.0],[-43.382315036999955,-22.78362578399998,0.0],[-43.382122230999983,-22.783359789999963,0.0],[-43.382076953999956,-22.783025377999934,0.0],[-43.381940587999964,-22.782651555999962,0.0],[-43.381852499999979,-22.781107395999982,0.0],[-43.381369375999952,-22.780080921999968,0.0],[-43.380724240999939,-22.779540330999964,0.0],[-43.380123081999955,-22.779226780999977,0.0],[-43.379816749999975,-22.778830480999943,0.0],[-43.379175511999961,-22.77915158199994,0.0],[-43.378757376999943,-22.779503016999968,0.0],[-43.378415339999947,-22.779907359999982,0.0],[-43.378406939999934,-22.78006131199993,0.0],[-43.378627308999967,-22.780318100999978,0.0],[-43.378394491999984,-22.781061,0.0],[-43.377814176999948,-22.782187611999973,0.0],[-43.37772496599996,-22.782489755999961,0.0],[-43.377966469999933,-22.78270185599996,0.0]]]]}},
{"type":"Feature","properties":{"OBJECTID":182,"uf":"RJ","geometria":"Sim","municipio":"SÃO JOÃO DE MERITI","processo":"Inundação","classe":"Média","fonte":"Produto obtido através da modelagem (ver Nota Técnica Explicativa do projeto) validado por trabalho de campo pela CPRM entre os anos de 2012 e 2014.","execucao":"CPRM (2013)","projeto":"Cartas de Suscetibilidade a Movimentos Gravitacionais de Massa e Inundações. Tema: Inundação.","ano":2013,"executor":"CPRM","shape_Length":0.0032236377399144263,"shape_Area":2.4012753149917018e-07},"geometry":{"type":"MultiPolygon","coordinates":[[[[-43.346077415999957,-22.803578818999938,0.0],[-43.346373865999965,-22.803581894999979,0.0],[-43.346529026999974,-22.803605675999961,0.0],[-43.347594257999958,-22.803669025999966,0.0],[-43.347292990999961,-22.803575433999981,0.0],[-43.347187692999967,-22.803362428999947,0.0],[-43.346768078999958,-22.803342649999934,0.0],[-43.346077415999957,-22.803578818999938,0.0]]]]}},
{"type":"Feature","properties":{"OBJECTID":183,"uf":"RJ","geometria":"Sim","municipio":"SÃO JOÃO DE MERITI","processo":"Inundação","classe":"Alta","fonte":"Produto obtido através da modelagem (ver Nota Técnica Explicativa do projeto) validado por trabalho de campo pela CPRM entre os anos de 2012 e 2014.","execucao":"CPRM (2013)","projeto":"Cartas de Suscetibilidade a Movimentos Gravitacionais de Massa e Inundações. Tema: Inundação.","ano":2013,"executor":"CPRM","shape_Length":0.0017981875296951202,"shape_Area":1.5284650238745633e-07},"geometry":{"type":"MultiPolygon","coordinates":[[[[-43.390119779999964,-22.813197707999961,0.0],[-43.389996155999938,-22.813333813999975,0.0],[-43.390495538999971,-22.813631632999943,0.0],[-43.390511833999938,-22.813612811999974,0.0],[-43.390340345999959,-22.812954869999942,0.0],[-43.390119779999964,-22.813197707999961,0.0]]]]}},
{"type":"Feature","properties":{"OBJECTID":187,"uf":"RJ","geometria":"Sim","municipio":"SÃO JOÃO DE MERITI","processo":"Inundação","classe":"Média","fonte":"Produto obtido através da modelagem (ver Nota Técnica Explicativa do projeto) validado por trabalho de campo pela CPRM entre os anos de 2012 e 2014.","execucao":"CPRM (2013)","projeto":"Cartas de Suscetibilidade a Movimentos Gravitacionais de Massa e Inundações. Tema: Inundação.","ano":2013,"executor":"CPRM","shape_Length":0.039223025826296755,"shape_Area":7.5709734809310615e-06},"geometry":{"type":"MultiPolygon","coordinates":[[[[-43.383114314999943,-22.808673501999976,0.0],[-43.383602077999967,-22.808173738999983,0.0],[-43.383751414999949,-22.807742195999936,0.0],[-43.384447134999959,-22.807481357999961,0.0],[-43.385306587999935,-22.807244818999948,0.0],[-43.385713047999957,-22.807209705999981,0.0],[-43.386057808999965,-22.807133044999944,0.0],[-43.387578997999981,-22.807260695999958,0.0],[-43.388344472999961,-22.807591087999981,0.0],[-43.388864394999985,-22.80766971099996,0.0],[-43.389156215999947,-22.807530308999958,0.0],[-43.389571158999956,-22.807124086999977,0.0],[-43.39039212199998,-22.806631994999975,0.0],[-43.39146728399993,-22.806143488999965,0.0],[-43.391849638999929,-22.806063114999972,0.0],[-43.392391975999942,-22.806690183999933,0.0],[-43.393796614999985,-22.807060971999931,0.0],[-43.394081857999936,-22.807159118999948,0.0],[-43.39442947799995,-22.807388057999958,0.0],[-43.394591382999977,-22.80741712899993,0.0],[-43.395048534999944,-22.807770987999959,0.0],[-43.395549427999981,-22.807219453999949,0.0],[-43.395419777999962,-22.807260120999956,0.0],[-43.393745336999984,-22.806934418999958,0.0],[-43.393034352999962,-22.806575304999967,0.0],[-43.392919563999953,-22.806260757999951,0.0],[-43.39324850099996,-22.80593872299994,0.0],[-43.393621874999951,-22.805760340999939,0.0],[-43.395082096999943,-22.805600958999946,0.0],[-43.395643134999943,-22.805689619999953,0.0],[-43.395957593999981,-22.805831096999952,0.0],[-43.396460245999947,-22.80621653299994,0.0],[-43.39678205499996,-22.805862178999973,0.0],[-43.395913246999953,-22.80546129499993,0.0],[-43.395423369999946,-22.805434310999942,0.0],[-43.395039281999971,-22.805226718999961,0.0],[-43.394758218999982,-22.80519247999996,0.0],[-43.393295801999955,-22.805249112999945,0.0],[-43.392413044999955,-22.805565789999946,0.0],[-43.391933316999939,-22.805681672999981,0.0],[-43.391701048999948,-22.805662009999935,0.0],[-43.391087112999969,-22.805346795999981,0.0],[-43.390687943999978,-22.805033830999946,0.0],[-43.39066048899997,-22.804821323999931,0.0],[-43.390467809999961,-22.804638754999928,0.0],[-43.390373753999938,-22.805257682999979,0.0],[-43.390733619999935,-22.805562375999955,0.0],[-43.390911160999963,-22.805803572999935,0.0],[-43.390349949999973,-22.806236505999948,0.0],[-43.390043232999972,-22.806363285999964,0.0],[-43.389789160999953,-22.806552289999956,0.0],[-43.388791675999983,-22.807070171999953,0.0],[-43.388484841999968,-22.807168752999928,0.0],[-43.388261390999958,-22.807109249999939,0.0],[-43.38789444799994,-22.806823860999941,0.0],[-43.387677232999977,-22.806749112999967,0.0],[-43.386053749999974,-22.806826973999932,0.0],[-43.38538389699994,-22.806953186999976,0.0],[-43.384493658999929,-22.807349046999946,0.0],[-43.383781436999982,-22.807449726999948,0.0],[-43.383554629999935,-22.807633511999938,0.0],[-43.383157984999968,-22.808469030999959,0.0],[-43.383114314999943,-22.808673501999976,0.0]]]]}},
{"type":"Feature","properties":{"OBJECTID":189,"uf":"RJ","geometria":"Sim","municipio":"SÃO JOÃO DE MERITI","processo":"Inundação","classe":"Alta","fonte":"Produto obtido através da modelagem (ver Nota Técnica Explicativa do projeto) validado por trabalho de campo pela CPRM entre os anos de 2012 e 2014.","execucao":"CPRM (2013)","projeto":"Cartas de Suscetibilidade a Movimentos Gravitacionais de Massa e Inundações. Tema: Inundação.","ano":2013,"executor":"CPRM","shape_Length":0.015448112629213334,"shape_Area":6.7518173271859061e-06},"geometry":{"type":"MultiPolygon","coordinates":[[[[-43.364208092999945,-22.804168167999933,0.0],[-43.365237024999942,-22.80404847799997,0.0],[-43.365537071999938,-22.804077461999952,0.0],[-43.365733163999948,-22.804167484999937,0.0],[-43.366287436999983,-22.804421941999976,0.0],[-43.366525210999953,-22.80451889099993,0.0],[-43.367330256999935,-22.804847136999967,0.0],[-43.368074880999984,-22.805087924999953,0.0],[-43.368565006999972,-22.805129660999967,0.0],[-43.368953749999946,-22.805162762999942,0.0],[-43.369414824999978,-22.805202024999971,0.0],[-43.369450374999985,-22.805208131999962,0.0],[-43.36945333999995,-22.805208641999968,0.0],[-43.369470356999955,-22.805211565999969,0.0],[-43.369656156999952,-22.805230212999959,0.0],[-43.36970579299998,-22.80514551899995,0.0],[-43.370129823999946,-22.804997405999927,0.0],[-43.370223579999958,-22.804818376999947,0.0],[-43.370376544999942,-22.804728995999938,0.0],[-43.370447746999957,-22.804528215999937,0.0],[-43.370364622999944,-22.804220295999983,0.0],[-43.370105295999963,-22.803918125999928,0.0],[-43.369578812999976,-22.803528313999948,0.0],[-43.368989039999974,-22.803543942999966,0.0],[-43.368046490999973,-22.80407298199998,0.0],[-43.367650115999936,-22.804211428999963,0.0],[-43.367382112999962,-22.804198833999976,0.0],[-43.366705694999951,-22.803536521999945,0.0],[-43.365477694999981,-22.803347398999961,0.0],[-43.364437791999933,-22.802952266999966,0.0],[-43.364058750999959,-22.803040203999956,0.0],[-43.363935607999963,-22.803275338999981,0.0],[-43.36410833399998,-22.80348903099997,0.0],[-43.364150844999983,-22.803852429999949,0.0],[-43.364208092999945,-22.804168167999933,0.0]]]]}},
{"type":"Feature","properties":{"OBJECTID":192,"uf":"RJ","geometria":"Sim","municipio":"SÃO JOÃO DE MERITI","processo":"Inundação","classe":"Média","fonte":"Produto obtido através da modelagem (ver Nota Técnica Explicativa do projeto) validado por trabalho de campo pela CPRM entre os anos de 2012 e 2014.","execucao":"CPRM (2013)","projeto":"Cartas de Suscetibilidade a Movimentos Gravitacionais de Massa e Inundações. Tema: Inundação.","ano":2013,"executor":"CPRM","shape_Length":0.015704819822612834,"shape_Area":3.7983111285478256e-06},"geometry":{"type":"MultiPolygon","coordinates":[[[[-43.337266274999934,-22.797861308999927,0.0],[-43.337092414999972,-22.797483086999932,0.0],[-43.33707970699993,-22.797182038999949,0.0],[-43.336921116999974,-22.79704269299998,0.0],[-43.336821774999976,-22.796419430999947,0.0],[-43.33676828199998,-22.795155827999963,0.0],[-43.336933530999943,-22.794873987999949,0.0],[-43.337033926999936,-22.794501827999966,0.0],[-43.336940584999979,-22.794063646999973,0.0],[-43.336784887999954,-22.79378324399994,0.0],[-43.336506551999946,-22.793538679999983,0.0],[-43.33556300999993,-22.792963454999949,0.0],[-43.335529749999978,-22.792469748999963,0.0],[-43.335201126999948,-22.792051682999954,0.0],[-43.334925331999955,-22.791291084999955,0.0],[-43.334862832999931,-22.791243601999952,0.0],[-43.334679325999957,-22.791593681999927,0.0],[-43.334767589999956,-22.791869694999946,0.0],[-43.335359573999938,-22.792671703999929,0.0],[-43.334967134999943,-22.792878102999964,0.0],[-43.335026698999968,-22.793500101999939,0.0],[-43.335486485999979,-22.79366951999998,0.0],[-43.335921621999944,-22.794038249999971,0.0],[-43.336049294999953,-22.794380228999955,0.0],[-43.335992717999943,-22.795120081999983,0.0],[-43.336194708999983,-22.795751691999953,0.0],[-43.336475191999966,-22.796243368999967,0.0],[-43.336597615999949,-22.797029853999959,0.0],[-43.337266274999934,-22.797861308999927,0.0]]]]}},
{"type":"Feature","properties":{"OBJECTID":196,"uf":"RJ","geometria":"Sim","municipio":"SÃO JOÃO DE MERITI","processo":"Inundação","classe":"Alta","fonte":"Produto obtido através da modelagem (ver Nota Técnica Explicativa do projeto) validado por trabalho de campo pela CPRM entre os anos de 2012 e 2014.","execucao":"CPRM (2013)","projeto":"Cartas de Suscetibilidade a Movimentos Gravitacionais de Massa e Inundações. Tema: Inundação.","ano":2013,"executor":"CPRM","shape_Length":0.0052161983434104581,"shape_Area":1.5398272794204045e-06},"geometry":{"type":"MultiPolygon","coordinates":[[[[-43.394833862999974,-22.80197342799994,0.0],[-43.394785691999971,-22.801927786999954,0.0],[-43.394147166999971,-22.801371206999931,0.0],[-43.393862655999953,-22.801220254999976,0.0],[-43.393709630999979,-22.801388345999953,0.0],[-43.39398842099996,-22.802487038999971,0.0],[-43.394075790999977,-22.803163161999976,0.0],[-43.394212105999941,-22.80331311599997,0.0],[-43.394549821999931,-22.803198170999963,0.0],[-43.39489148399997,-22.80284686899995,0.0],[-43.394937475999939,-22.802379798999937,0.0],[-43.394833862999974,-22.80197342799994,0.0]]]]}},
{"type":"Feature","properties":{"OBJECTID":198,"uf":"RJ","geometria":"Sim","municipio":"SÃO JOÃO DE MERITI","processo":"Inundação","classe":"Alta","fonte":"Produto obtido através da modelagem (ver Nota Técnica Explicativa do projeto) validado por trabalho de campo pela CPRM entre os anos de 2012 e 2014.","execucao":"CPRM (2013)","projeto":"Cartas de Suscetibilidade a Movimentos Gravitacionais de Massa e Inundações. Tema: Inundação.","ano":2013,"executor":"CPRM","shape_Length":0.011303921714387816,"shape_Area":4.1897588646895483e-07},"geometry":{"type":"MultiPolygon","coordinates":[[[[-43.329722223999966,-22.767494030999956,0.0],[-43.329748595999945,-22.76748923599996,0.0],[-43.329759966999973,-22.764657038999928,0.0],[-43.329563435999944,-22.761858522999944,0.0],[-43.329595666999978,-22.76344230199993,0.0],[-43.329595051999945,-22.764517381999951,0.0],[-43.329709836999939,-22.766352779999977,0.0],[-43.329722223999966,-22.767494030999956,0.0]]]]}},
{"type":"Feature","properties":{"OBJECTID":199,"uf":"RJ","geometria":"Sim","municipio":"SÃO JOÃO DE MERITI","processo":"Inundação","classe":"Baixa","fonte":"Produto obtido através da modelagem (ver Nota Técnica Explicativa do projeto) validado por trabalho de campo pela CPRM entre os anos de 2012 e 2014.","execucao":"CPRM (2013)","projeto":"Cartas de Suscetibilidade a Movimentos Gravitacionais de Massa e Inundações. Tema: Inundação.","ano":2013,"executor":"CPRM","shape_Length":0.023478277967584466,"shape_Area":7.4049065688793711e-06},"geometry":{"type":"MultiPolygon","coordinates":[[[[-43.378076638999971,-22.80631938199997,0.0],[-43.378576629999941,-22.806124834999935,0.0],[-43.380754864999972,-22.806067905999953,0.0],[-43.381082539999966,-22.806149313999981,0.0],[-43.381630707999932,-22.806445817999929,0.0],[-43.381419172999983,-22.806170200999929,0.0],[-43.38136944799993,-22.806001028999958,0.0],[-43.381534267999939,-22.805727022999974,0.0],[-43.38202946399997,-22.805401457999949,0.0],[-43.382719231999943,-22.805142853999939,0.0],[-43.383256318999941,-22.805086334999942,0.0],[-43.383988430999977,-22.805377392999958,0.0],[-43.384498754999981,-22.805715632999977,0.0],[-43.384714282999937,-22.805167580999978,0.0],[-43.384161991999974,-22.804462522999927,0.0],[-43.383748386999969,-22.803737067999975,0.0],[-43.38340035899995,-22.803726951999977,0.0],[-43.382948128999942,-22.80422004199994,0.0],[-43.382876666999948,-22.804479446999949,0.0],[-43.382188847999942,-22.804789075999963,0.0],[-43.381720506999955,-22.805069934999949,0.0],[-43.381094390999976,-22.805198139999959,0.0],[-43.380445492999968,-22.805119514999944,0.0],[-43.380128860999946,-22.804973102999952,0.0],[-43.378765081999973,-22.803719944999955,0.0],[-43.37842070399995,-22.803472109999973,0.0],[-43.377925224999956,-22.803279886999974,0.0],[-43.37738302799994,-22.803196586999945,0.0],[-43.377568263999933,-22.803481323999961,0.0],[-43.377658209999936,-22.804058010999938,0.0],[-43.377768703999948,-22.804287823999971,0.0],[-43.378665593999983,-22.804587863999927,0.0],[-43.379529373999958,-22.805091110999967,0.0],[-43.379596665999941,-22.805231069999934,0.0],[-43.379864008999959,-22.805392548999976,0.0],[-43.379806115999941,-22.805473396999957,0.0],[-43.379214562999948,-22.805434673999969,0.0],[-43.378829002999964,-22.80551371699994,0.0],[-43.378549527999951,-22.805740163999928,0.0],[-43.378076638999971,-22.80631938199997,0.0]]]]}},
{"type":"Feature","properties":{"OBJECTID":203,"uf":"RJ","geometria":"Sim","municipio":"SÃO JOÃO DE MERITI","processo":"Inundação","classe":"Média","fonte":"Produto obtido através da modelagem (ver Nota Técnica Explicativa do projeto) validado por trabalho de campo pela CPRM entre os anos de 2012 e 2014.","execucao":"CPRM (2013)","projeto":"Cartas de Suscetibilidade a Movimentos Gravitacionais de Massa e Inundações. Tema: Inundação.","ano":2013,"executor":"CPRM","shape_Length":0.010384285704432599,"shape_Area":1.5199072837622935e-06},"geometry":{"type":"MultiPolygon","coordinates":[[[[-43.345875750999937,-22.778579291999961,0.0],[-43.34658498899995,-22.778976088999968,0.0],[-43.347445538999978,-22.779567257999929,0.0],[-43.34807658099993,-22.779888159999928,0.0],[-43.348789499999953,-22.780411854999954,0.0],[-43.349065158999963,-22.780693978999977,0.0],[-43.34926057499996,-22.781373241999972,0.0],[-43.34938565899995,-22.781598479999957,0.0],[-43.349538697999947,-22.781732940999973,0.0],[-43.349419625999985,-22.781390902999931,0.0],[-43.349432874999934,-22.781001782999965,0.0],[-43.348487262999981,-22.779542808999963,0.0],[-43.346072962999983,-22.778453835999983,0.0],[-43.345875750999937,-22.778579291999961,0.0]]]]}},
{"type":"Feature","properties":{"OBJECTID":207,"uf":"RJ","geometria":"Sim","municipio":"SÃO JOÃO DE MERITI","processo":"Inundação","classe":"Média","fonte":"Produto obtido através da modelagem (ver Nota Técnica Explicativa do projeto) validado por trabalho de campo pela CPRM entre os anos de 2012 e 2014.","execucao":"CPRM (2013)","projeto":"Cartas de Suscetibilidade a Movimentos Gravitacionais de Massa e Inundações. Tema: Inundação.","ano":2013,"executor":"CPRM","shape_Length":0.0024781576392433591,"shape_Area":3.7568902407600199e-07},"geometry":{"type":"MultiPolygon","coordinates":[[[[-43.385482961999969,-22.782596178999938,0.0],[-43.385610074999931,-22.78286970399995,0.0],[-43.385685168999942,-22.782849564999935,0.0],[-43.385997889999942,-22.782689397999945,0.0],[-43.386121016999937,-22.782440855999937,0.0],[-43.386321272999965,-22.782284372999982,0.0],[-43.386204404999944,-22.782087168999965,0.0],[-43.385822534999932,-22.782155151999973,0.0],[-43.385575653999979,-22.782295082999951,0.0],[-43.385482961999969,-22.782596178999938,0.0]]]]}},
{"type":"Feature","properties":{"OBJECTID":208,"uf":"RJ","geometria":"Sim","municipio":"SÃO JOÃO DE MERITI","processo":"Inundação","classe":"Alta","fonte":"Produto obtido através da modelagem (ver Nota Técnica Explicativa do projeto) validado por trabalho de campo pela CPRM entre os anos de 2012 e 2014.","execucao":"CPRM (2013)","projeto":"Cartas de Suscetibilidade a Movimentos Gravitacionais de Massa e Inundações. Tema: Inundação.","ano":2013,"executor":"CPRM","shape_Length":0.0011883297876075696,"shape_Area":5.1561515119993966e-08},"geometry":{"type":"MultiPolygon","coordinates":[[[[-43.330046,-22.78992076399993,0.0],[-43.330107387999931,-22.789889563999964,0.0],[-43.330198890999952,-22.789631734999944,0.0],[-43.330018628999937,-22.789382868999951,0.0],[-43.330046,-22.78992076399993,0.0]]]]}},
{"type":"Feature","properties":{"OBJECTID":211,"uf":"RJ","geometria":"Sim","municipio":"SÃO JOÃO DE MERITI","processo":"Inundação","classe":"Média","fonte":"Produto obtido através da modelagem (ver Nota Técnica Explicativa do projeto) validado por trabalho de campo pela CPRM entre os anos de 2012 e 2014.","execucao":"CPRM (2013)","projeto":"Cartas de Suscetibilidade a Movimentos Gravitacionais de Massa e Inundações. Tema: Inundação.","ano":2013,"executor":"CPRM","shape_Length":0.029292097872468635,"shape_Area":6.7845952546855895e-06},"geometry":{"type":"MultiPolygon","coordinates":[[[[-43.394523075999984,-22.795242070999961,0.0],[-43.394710968999959,-22.794978390999972,0.0],[-43.395921105999946,-22.794130587999973,0.0],[-43.396238167999968,-22.794018401999949,0.0],[-43.396681133999948,-22.794167374999972,0.0],[-43.397198979999985,-22.794505495999942,0.0],[-43.397485553999957,-22.794876105999947,0.0],[-43.397837104999951,-22.795586616999969,0.0],[-43.398097133999954,-22.796793904999959,0.0],[-43.398328358999947,-22.797300053999948,0.0],[-43.398653861999946,-22.797608864999972,0.0],[-43.398707977999948,-22.798008176999929,0.0],[-43.399004658999957,-22.798636730999931,0.0],[-43.399128902999962,-22.799039415999971,0.0],[-43.39892808999997,-22.799552739999967,0.0],[-43.398810685999933,-22.800204497999971,0.0],[-43.398532230999933,-22.800916280999957,0.0],[-43.398186636999981,-22.801506246999963,0.0],[-43.39776527999993,-22.801958493999962,0.0],[-43.397778309999978,-22.802378179999948,0.0],[-43.397997495999959,-22.802649212999938,0.0],[-43.398628130999953,-22.802358363999929,0.0],[-43.399416598999949,-22.801716856999974,0.0],[-43.399869635999949,-22.801486369999964,0.0],[-43.400370081999938,-22.801402981999956,0.0],[-43.40076922399993,-22.801471552999942,0.0],[-43.401303507999955,-22.800883174999967,0.0],[-43.401065436999943,-22.800740968999946,0.0],[-43.400577265999971,-22.80061974299997,0.0],[-43.399178709999944,-22.800792844999933,0.0],[-43.39905196199993,-22.800677463999932,0.0],[-43.399250925999979,-22.799896977999936,0.0],[-43.399433679999959,-22.797918459999948,0.0],[-43.399290467999947,-22.796927289999928,0.0],[-43.398617722999973,-22.796454356999959,0.0],[-43.39838148299998,-22.796159109999962,0.0],[-43.398245519999932,-22.795755810999935,0.0],[-43.397790130999965,-22.795203465999975,0.0],[-43.397121808999941,-22.794038210999929,0.0],[-43.396645603999957,-22.793841466999936,0.0],[-43.396113151999941,-22.793898422999973,0.0],[-43.395506572999977,-22.79426528099998,0.0],[-43.394894335999936,-22.794772122999973,0.0],[-43.394601868999985,-22.794945728999949,0.0],[-43.394484151999961,-22.795206637999968,0.0],[-43.394523075999984,-22.795242070999961,0.0]]]]}},
{"type":"Feature","properties":{"OBJECTID":213,"uf":"RJ","geometria":"Sim","municipio":"SÃO JOÃO DE MERITI","processo":"Inundação","classe":"Média","fonte":"Produto obtido através da modelagem (ver Nota Técnica Explicativa do projeto) validado por trabalho de campo pela CPRM entre os anos de 2012 e 2014.","execucao":"CPRM (2013)","projeto":"Cartas de Suscetibilidade a Movimentos Gravitacionais de Massa e Inundações. Tema: Inundação.","ano":2013,"executor":"CPRM","shape_Length":0.048929869847811704,"shape_Area":1.1800909632198091e-05},"geometry":{"type":"MultiPolygon","coordinates":[[[[-43.365712256999984,-22.781222118999949,0.0],[-43.366255530999979,-22.780808175999937,0.0],[-43.366747951999969,-22.780626484999971,0.0],[-43.367420427999946,-22.780608659999928,0.0],[-43.367768970999975,-22.780714923999938,0.0],[-43.368242838999947,-22.780979812999931,0.0],[-43.368747372999962,-22.781422973999952,0.0],[-43.368992606999939,-22.781864430999974,0.0],[-43.369242286999963,-22.782532542999945,0.0],[-43.36946530299997,-22.78290956099994,0.0],[-43.369851882999967,-22.783318191999967,0.0],[-43.370306880999976,-22.783941062999929,0.0],[-43.37080018499995,-22.784228108999969,0.0],[-43.371125491999976,-22.784294693999982,0.0],[-43.37223993899994,-22.784229886999981,0.0],[-43.372562020999965,-22.783959221999964,0.0],[-43.373141145999966,-22.783143204999931,0.0],[-43.373360833999982,-22.783006306999937,0.0],[-43.374379882999961,-22.783142680999958,0.0],[-43.37456277299998,-22.783303308999962,0.0],[-43.374716723999938,-22.783580405999942,0.0],[-43.374650374999931,-22.784012420999943,0.0],[-43.374085241999978,-22.784252718999937,0.0],[-43.373941990999981,-22.784497205999969,0.0],[-43.373822982999968,-22.785185291999937,0.0],[-43.373876132999953,-22.785550862999969,0.0],[-43.374443966999934,-22.78604957899995,0.0],[-43.374383884999929,-22.78654946499995,0.0],[-43.373617754999941,-22.787726149999969,0.0],[-43.373315760999958,-22.787870401999953,0.0],[-43.372592123999937,-22.788075016999983,0.0],[-43.371802190999972,-22.788614295999935,0.0],[-43.371461797999984,-22.788739895999981,0.0],[-43.370925971999952,-22.788838145999932,0.0],[-43.370418088999941,-22.788789521999945,0.0],[-43.36926101499995,-22.788462553999977,0.0],[-43.368792190999955,-22.788400992999982,0.0],[-43.368120746999978,-22.788475191999964,0.0],[-43.367769234999969,-22.788422908999962,0.0],[-43.367837217999977,-22.78848998199993,0.0],[-43.368083908999949,-22.788539469999932,0.0],[-43.369124959999965,-22.788602651999952,0.0],[-43.369794070999944,-22.789262803999975,0.0],[-43.370336454999972,-22.789332725999941,0.0],[-43.370790075999935,-22.789278727999942,0.0],[-43.371304084999963,-22.788925287999973,0.0],[-43.371774175999974,-22.788719721999939,0.0],[-43.372313819999931,-22.788337364999961,0.0],[-43.37325138999995,-22.788161616999957,0.0],[-43.373487705999935,-22.788277563999941,0.0],[-43.373867726999947,-22.788288631999933,0.0],[-43.374079618999986,-22.787530932999971,0.0],[-43.374274326999966,-22.787168987999962,0.0],[-43.37492367699997,-22.786591723999948,0.0],[-43.375011637999933,-22.785681888999932,0.0],[-43.374893492999945,-22.785449615999937,0.0],[-43.374465870999984,-22.785060189999967,0.0],[-43.374370548999934,-22.784792382999967,0.0],[-43.374554640999975,-22.784285405999981,0.0],[-43.375034385999982,-22.783527191999951,0.0],[-43.37508199499996,-22.782121228999927,0.0],[-43.374947284999962,-22.781856385999959,0.0],[-43.374600489999978,-22.781742355999938,0.0],[-43.374307783999939,-22.781823353999982,0.0],[-43.373924681999938,-22.782179059999976,0.0],[-43.373594784999966,-22.782299241999965,0.0],[-43.372746868999968,-22.782451003999938,0.0],[-43.372437179999963,-22.783082900999943,0.0],[-43.372006522999982,-22.783379042999968,0.0],[-43.371709586999941,-22.78351706899997,0.0],[-43.371511932999965,-22.783518790999949,0.0],[-43.370702731999984,-22.783115964999979,0.0],[-43.370302292999952,-22.782834323999964,0.0],[-43.37001969399995,-22.782502282999928,0.0],[-43.369736582999963,-22.781385548999936,0.0],[-43.369635035999977,-22.781285360999959,0.0],[-43.369237984999984,-22.781338885999958,0.0],[-43.368578102999948,-22.780604324999956,0.0],[-43.368375820999972,-22.780458708999959,0.0],[-43.367772740999953,-22.780190298999969,0.0],[-43.367213216999971,-22.780401332999929,0.0],[-43.366636995999954,-22.780525355999941,0.0],[-43.366273865999972,-22.780684146999931,0.0],[-43.365790199999935,-22.780971157999943,0.0],[-43.365712256999984,-22.781222118999949,0.0]]]]}},
{"type":"Feature","properties":{"OBJECTID":214,"uf":"RJ","geometria":"Sim","municipio":"SÃO JOÃO DE MERITI","processo":"Inundação","classe":"Média","fonte":"Produto obtido através da modelagem (ver Nota Técnica Explicativa do projeto) validado por trabalho de campo pela CPRM entre os anos de 2012 e 2014.","execucao":"CPRM (2013)","projeto":"Cartas de Suscetibilidade a Movimentos Gravitacionais de Massa e Inundações. Tema: Inundação.","ano":2013,"executor":"CPRM","shape_Length":0.0075694687409922469,"shape_Area":6.6211235185452453e-07},"geometry":{"type":"MultiPolygon","coordinates":[[[[-43.342390328999954,-22.797011561999966,0.0],[-43.342155038999977,-22.796331789999954,0.0],[-43.342010589999973,-22.796194822999951,0.0],[-43.34160752799994,-22.795515961999968,0.0],[-43.341781856999944,-22.794973256999981,0.0],[-43.341830551999976,-22.794973763999963,0.0],[-43.34183219099998,-22.794838315999982,0.0],[-43.342477788999929,-22.793806460999974,0.0],[-43.341890734999936,-22.794271823999964,0.0],[-43.341586457999938,-22.79465468799998,0.0],[-43.341518914999938,-22.795207564999941,0.0],[-43.341645549999953,-22.795989917999975,0.0],[-43.341816335999965,-22.796194670999967,0.0],[-43.34189130599998,-22.796525663999944,0.0],[-43.342390328999954,-22.797011561999966,0.0]]]]}},
{"type":"Feature","properties":{"OBJECTID":217,"uf":"RJ","geometria":"Sim","municipio":"SÃO JOÃO DE MERITI","processo":"Inundação","classe":"Média","fonte":"Produto obtido através da modelagem (ver Nota Técnica Explicativa do projeto) validado por trabalho de campo pela CPRM entre os anos de 2012 e 2014.","execucao":"CPRM (2013)","projeto":"Cartas de Suscetibilidade a Movimentos Gravitacionais de Massa e Inundações. Tema: Inundação.","ano":2013,"executor":"CPRM","shape_Length":0.0065861866948422514,"shape_Area":1.3470095795626487e-06},"geometry":{"type":"MultiPolygon","coordinates":[[[[-43.370708363999938,-22.774680501999967,0.0],[-43.370788608999931,-22.773261326999943,0.0],[-43.370677306999937,-22.772884687999976,0.0],[-43.370423415999937,-22.772541771999954,0.0],[-43.369743873999937,-22.77204833299993,0.0],[-43.369670463999967,-22.771870250999939,0.0],[-43.369400063999933,-22.772206756999935,0.0],[-43.369383697999979,-22.772421519999966,0.0],[-43.369980280999982,-22.773058326999944,0.0],[-43.370354299999974,-22.773616714999946,0.0],[-43.370708363999938,-22.774680501999967,0.0]]]]}},
{"type":"Feature","properties":{"OBJECTID":226,"uf":"RJ","geometria":"Sim","municipio":"SÃO JOÃO DE MERITI","processo":"Inundação","classe":"Média","fonte":"Produto obtido através da modelagem (ver Nota Técnica Explicativa do projeto) validado por trabalho de campo pela CPRM entre os anos de 2012 e 2014.","execucao":"CPRM (2013)","projeto":"Cartas de Suscetibilidade a Movimentos Gravitacionais de Massa e Inundações. Tema: Inundação.","ano":2013,"executor":"CPRM","shape_Length":0.0066698174341421274,"shape_Area":7.0221699780335787e-07},"geometry":{"type":"MultiPolygon","coordinates":[[[[-43.383623923999949,-22.810891298999934,0.0],[-43.383264175999955,-22.810636922999947,0.0],[-43.382956622999984,-22.810230527999977,0.0],[-43.382786781999982,-22.809753126999965,0.0],[-43.382847510999966,-22.809136986999931,0.0],[-43.383114314999943,-22.808673501999976,0.0],[-43.38276486999996,-22.808946490999972,0.0],[-43.382758947999946,-22.809481639999944,0.0],[-43.382579368999984,-22.810314932999972,0.0],[-43.382179883999981,-22.810574766999935,0.0],[-43.382255158999953,-22.810898306999945,0.0],[-43.382481479999967,-22.810858810999946,0.0],[-43.382744947999981,-22.810726017999968,0.0],[-43.383623923999949,-22.810891298999934,0.0]]]]}},
{"type":"Feature","properties":{"OBJECTID":228,"uf":"RJ","geometria":"Sim","municipio":"SÃO JOÃO DE MERITI","processo":"Inundação","classe":"Baixa","fonte":"Produto obtido através da modelagem (ver Nota Técnica Explicativa do projeto) validado por trabalho de campo pela CPRM entre os anos de 2012 e 2014.","execucao":"CPRM (2013)","projeto":"Cartas de Suscetibilidade a Movimentos Gravitacionais de Massa e Inundações. Tema: Inundação.","ano":2013,"executor":"CPRM","shape_Length":0.032822646431367772,"shape_Area":1.0401854074571129e-05},"geometry":{"type":"MultiPolygon","coordinates":[[[[-43.352232813999933,-22.800680844999931,0.0],[-43.352366780999944,-22.800721696999972,0.0],[-43.352509830999963,-22.801011033999941,0.0],[-43.35212206999995,-22.801536221999982,0.0],[-43.352217098999972,-22.801796857999932,0.0],[-43.352508594999961,-22.80188574899995,0.0],[-43.352816637999979,-22.801877615999956,0.0],[-43.353057065999963,-22.801727860999961,0.0],[-43.353171327999974,-22.801536535999958,0.0],[-43.352782797999964,-22.801418062999971,0.0],[-43.352641036999955,-22.801237096999955,0.0],[-43.352934031999951,-22.800990970999976,0.0],[-43.353140487999951,-22.800436446999981,0.0],[-43.353365135999979,-22.800340970999969,0.0],[-43.353720703999954,-22.800240623999969,0.0],[-43.353990739999972,-22.800376694999954,0.0],[-43.354611611999985,-22.801012003999972,0.0],[-43.355031302999976,-22.801137859999983,0.0],[-43.35527123199995,-22.801067988999932,0.0],[-43.355081900999949,-22.800765591999948,0.0],[-43.355233203999944,-22.800178480999932,0.0],[-43.35495509499998,-22.799677801999962,0.0],[-43.354906193999966,-22.799173764999978,0.0],[-43.355547110999964,-22.798525895999944,0.0],[-43.356081615999983,-22.797776875999944,0.0],[-43.356981574999963,-22.797440001999973,0.0],[-43.357478034999986,-22.797137093999936,0.0],[-43.357967930999962,-22.796998819999942,0.0],[-43.358099559999971,-22.796711218999974,0.0],[-43.357329630999971,-22.796593987999927,0.0],[-43.356892785999946,-22.796446948999971,0.0],[-43.356695352999964,-22.795875291999948,0.0],[-43.356593638999982,-22.795349682999927,0.0],[-43.356613047999986,-22.794995232999952,0.0],[-43.356739722999976,-22.79456648799993,0.0],[-43.357019948999948,-22.794522257999972,0.0],[-43.35733296899997,-22.794842556999981,0.0],[-43.357640988999947,-22.79493333399995,0.0],[-43.357756589999951,-22.794820202999972,0.0],[-43.357739269999968,-22.79425712099993,0.0],[-43.357910072999971,-22.794004808999944,0.0],[-43.357747281999934,-22.793861806999928,0.0],[-43.357687222999971,-22.793678891999946,0.0],[-43.357299558999955,-22.793574384999943,0.0],[-43.357035134999933,-22.793303809999941,0.0],[-43.356774320999932,-22.793254848999936,0.0],[-43.356638227999952,-22.792979603999981,0.0],[-43.356537516999936,-22.792891126999962,0.0],[-43.356693376999942,-22.792625212999951,0.0],[-43.356688790999954,-22.792476101999966,0.0],[-43.356572962999962,-22.792267563999928,0.0],[-43.356029710999962,-22.79219300799997,0.0],[-43.355600653999943,-22.791955492999932,0.0],[-43.35607108499994,-22.792457486999979,0.0],[-43.356386297999961,-22.793121424999981,0.0],[-43.356412617999979,-22.793625073999976,0.0],[-43.356225995999978,-22.794028385999979,0.0],[-43.35581525799995,-22.79570836299996,0.0],[-43.355752029999962,-22.796536711999977,0.0],[-43.356045779999931,-22.79670910599998,0.0],[-43.355662819999964,-22.796809060999976,0.0],[-43.355349210999975,-22.797589676999962,0.0],[-43.355005576999986,-22.798125950999975,0.0],[-43.354877259999967,-22.79849653499997,0.0],[-43.354718613999978,-22.798722227999974,0.0],[-43.354240928999957,-22.79907561899995,0.0],[-43.353779330999942,-22.799567499999966,0.0],[-43.35336471599993,-22.800193412999931,0.0],[-43.352764707999938,-22.800389679999967,0.0],[-43.352232813999933,-22.800680844999931,0.0]]]]}},
{"type":"Feature","properties":{"OBJECTID":230,"uf":"RJ","geometria":"Sim","municipio":"SÃO JOÃO DE MERITI","processo":"Inundação","classe":"Média","fonte":"Produto obtido através da modelagem (ver Nota Técnica Explicativa do projeto) validado por trabalho de campo pela CPRM entre os anos de 2012 e 2014.","execucao":"CPRM (2013)","projeto":"Cartas de Suscetibilidade a Movimentos Gravitacionais de Massa e Inundações. Tema: Inundação.","ano":2013,"executor":"CPRM","shape_Length":0.066082072247379747,"shape_Area":2.2011534504961152e-05},"geometry":{"type":"MultiPolygon","coordinates":[[[[-43.391901437999934,-22.786229631999959,0.0],[-43.391933408999932,-22.78592184699994,0.0],[-43.392187257999979,-22.785592563999955,0.0],[-43.392424023999979,-22.785400655999979,0.0],[-43.392645880999964,-22.784928588999946,0.0],[-43.393145239999967,-22.784961238999983,0.0],[-43.393701712999984,-22.784782396999958,0.0],[-43.394254689999968,-22.784741885999949,0.0],[-43.39495964799994,-22.784943196999961,0.0],[-43.395272058999979,-22.785126655999932,0.0],[-43.395421576999979,-22.785285251999937,0.0],[-43.39553929799996,-22.786077357999943,0.0],[-43.395933691999971,-22.786874102999946,0.0],[-43.396125911999945,-22.787474302999954,0.0],[-43.396409717999973,-22.787859874999981,0.0],[-43.396798510999986,-22.787925850999954,0.0],[-43.397611000999973,-22.787711611999953,0.0],[-43.398306190999961,-22.787663615999975,0.0],[-43.398663187999944,-22.787738095999941,0.0],[-43.399031440999977,-22.788008676999937,0.0],[-43.399237790999962,-22.788316832999953,0.0],[-43.399353929999961,-22.78948,0.0],[-43.399592715999972,-22.790118719999953,0.0],[-43.400046819999943,-22.791036014999975,0.0],[-43.40009454099993,-22.791379314999972,0.0],[-43.399948648999953,-22.792095446999951,0.0],[-43.399719213999958,-22.792359163999947,0.0],[-43.400029394999933,-22.792449158999943,0.0],[-43.400130897999929,-22.792810289999977,0.0],[-43.400602478999986,-22.793273635999981,0.0],[-43.400699085999975,-22.793480353999939,0.0],[-43.400802746999943,-22.793564985999978,0.0],[-43.400846477999949,-22.79368074599995,0.0],[-43.400648844999978,-22.794233142999929,0.0],[-43.400716546999945,-22.794536656999981,0.0],[-43.401257670999939,-22.792776064999941,0.0],[-43.401587033999931,-22.791994747999979,0.0],[-43.402066152999964,-22.791154818999928,0.0],[-43.402679998999986,-22.790421325999944,0.0],[-43.402794831999984,-22.790009200999975,0.0],[-43.403059728999949,-22.789778264999939,0.0],[-43.40345350399997,-22.789693421999971,0.0],[-43.405192259999978,-22.790185987999962,0.0],[-43.405738505999977,-22.790537340999947,0.0],[-43.406035462999967,-22.79091726799993,0.0],[-43.40607689999996,-22.792135951999967,0.0],[-43.405962127999942,-22.79243625099997,0.0],[-43.405420702999947,-22.793087723999975,0.0],[-43.405027848999964,-22.793714342999976,0.0],[-43.404808935999938,-22.794213119999938,0.0],[-43.404732914999954,-22.794715255999961,0.0],[-43.404890915999943,-22.794936475999975,0.0],[-43.405371682999942,-22.795324570999981,0.0],[-43.405753611999955,-22.795562234999977,0.0],[-43.406054536999932,-22.795650809999927,0.0],[-43.407669098999975,-22.79387253699997,0.0],[-43.407197088999965,-22.793953983999927,0.0],[-43.406419509999978,-22.794308229999956,0.0],[-43.40604407099994,-22.794386344999964,0.0],[-43.405756048999933,-22.794291709999982,0.0],[-43.40546403899998,-22.793918120999933,0.0],[-43.405478445999961,-22.793489976999979,0.0],[-43.406019092999941,-22.79276736099996,0.0],[-43.406195550999939,-22.792393207999964,0.0],[-43.406313741999952,-22.791476659999944,0.0],[-43.406868135999957,-22.791190720999964,0.0],[-43.406866127999933,-22.79099763499994,0.0],[-43.406575477999979,-22.790544806999947,0.0],[-43.405254915999933,-22.78953899499993,0.0],[-43.404949372999965,-22.789071573999934,0.0],[-43.404394214999968,-22.78914113299993,0.0],[-43.403427801999953,-22.788767701999973,0.0],[-43.402744599999949,-22.788853298999982,0.0],[-43.402236323999944,-22.78883858599994,0.0],[-43.401744559999941,-22.788250518999973,0.0],[-43.401645472999974,-22.788940387999958,0.0],[-43.401882441999931,-22.789156107999929,0.0],[-43.401868964999949,-22.789556326999957,0.0],[-43.401919877999944,-22.78969927299994,0.0],[-43.402059022999936,-22.789825937999979,0.0],[-43.401465425999959,-22.790481349999936,0.0],[-43.401241641999945,-22.790590318999932,0.0],[-43.400574695999978,-22.790331659999936,0.0],[-43.399946727999975,-22.789932292999936,0.0],[-43.399690410999938,-22.789521883999953,0.0],[-43.399502336999944,-22.787762189999967,0.0],[-43.399307930999953,-22.787402776999954,0.0],[-43.398832202999984,-22.787106695999967,0.0],[-43.398315727999943,-22.787039695999965,0.0],[-43.397574414999951,-22.787309875999938,0.0],[-43.397082719999958,-22.787295627999981,0.0],[-43.396240911999939,-22.786552710999956,0.0],[-43.39593285199993,-22.785947302999944,0.0],[-43.395774618999951,-22.785404652999944,0.0],[-43.395882602999961,-22.784989027999927,0.0],[-43.395344142999932,-22.784424409999929,0.0],[-43.394716147999929,-22.784200818999977,0.0],[-43.39350363099993,-22.784048709999979,0.0],[-43.392109293999965,-22.783563674999982,0.0],[-43.391394609999963,-22.784917686999961,0.0],[-43.391401390999931,-22.785577504999935,0.0],[-43.39174713899996,-22.785892300999933,0.0],[-43.391901437999934,-22.786229631999959,0.0]]]]}},
{"type":"Feature","properties":{"OBJECTID":232,"uf":"RJ","geometria":"Sim","municipio":"SÃO JOÃO DE MERITI","processo":"Inundação","classe":"Média","fonte":"Produto obtido através da modelagem (ver Nota Técnica Explicativa do projeto) validado por trabalho de campo pela CPRM entre os anos de 2012 e 2014.","execucao":"CPRM (2013)","projeto":"Cartas de Suscetibilidade a Movimentos Gravitacionais de Massa e Inundações. Tema: Inundação.","ano":2013,"executor":"CPRM","shape_Length":0.0021280264063350805,"shape_Area":1.7592584548492957e-07},"geometry":{"type":"MultiPolygon","coordinates":[[[[-43.390279374999977,-22.80409498299997,0.0],[-43.390430247999973,-22.803690103999941,0.0],[-43.390289982999946,-22.803191973999958,0.0],[-43.390046484999971,-22.803189514999929,0.0],[-43.390279374999977,-22.80409498299997,0.0]]]]}},
{"type":"Feature","properties":{"OBJECTID":235,"uf":"RJ","geometria":"Sim","municipio":"SÃO JOÃO DE MERITI","processo":"Inundação","classe":"Média","fonte":"Produto obtido através da modelagem (ver Nota Técnica Explicativa do projeto) validado por trabalho de campo pela CPRM entre os anos de 2012 e 2014.","execucao":"CPRM (2013)","projeto":"Cartas de Suscetibilidade a Movimentos Gravitacionais de Massa e Inundações. Tema: Inundação.","ano":2013,"executor":"CPRM","shape_Length":0.096817804474687186,"shape_Area":4.0944246099661984e-05},"geometry":{"type":"MultiPolygon","coordinates":[[[[-43.379844956999932,-22.792700357999934,0.0],[-43.379581526999971,-22.79247890399995,0.0],[-43.379643280999971,-22.792149610999957,0.0],[-43.379939003999937,-22.791720847999954,0.0],[-43.379659429999947,-22.791413216999956,0.0],[-43.379492625999944,-22.791453315999945,0.0],[-43.379338507999933,-22.791615548999971,0.0],[-43.378902941999968,-22.791898878999973,0.0],[-43.378801831999965,-22.792044970999939,0.0],[-43.377708800999983,-22.792126889999963,0.0],[-43.377087740999968,-22.792374990999974,0.0],[-43.37656438199997,-22.792281490999983,0.0],[-43.375856732999978,-22.792253388999939,0.0],[-43.376165078999975,-22.792831325999941,0.0],[-43.376034841999967,-22.792940634999979,0.0],[-43.375308645999951,-22.793240760999936,0.0],[-43.37480452899996,-22.793778135999958,0.0],[-43.374556638999934,-22.794270452999967,0.0],[-43.374400622999985,-22.794910085999959,0.0],[-43.374018100999933,-22.795145920999971,0.0],[-43.373319779999974,-22.794839647999936,0.0],[-43.372568359999946,-22.794701656999962,0.0],[-43.372337357999982,-22.794398285999932,0.0],[-43.372812862999979,-22.793596357999945,0.0],[-43.373095047999982,-22.792986328999973,0.0],[-43.373046343999931,-22.792293273999974,0.0],[-43.372774729999946,-22.791728251999928,0.0],[-43.372443189999956,-22.791294710999978,0.0],[-43.372337868999978,-22.791287814999976,0.0],[-43.372212022999975,-22.791466899999932,0.0],[-43.371212755999977,-22.791550000999962,0.0],[-43.370552851999946,-22.791723881999928,0.0],[-43.369969737999952,-22.791669233999983,0.0],[-43.369522125999936,-22.79139880699995,0.0],[-43.369359012999951,-22.791113026999938,0.0],[-43.369239359999938,-22.790739167999959,0.0],[-43.368987050999976,-22.790471458999946,0.0],[-43.368828246999954,-22.790389326999957,0.0],[-43.36853605999994,-22.790402474999951,0.0],[-43.368102353999973,-22.790286912999932,0.0],[-43.367709728999955,-22.789981435999948,0.0],[-43.367383594999978,-22.790020711999944,0.0],[-43.367066013999931,-22.790221930999962,0.0],[-43.36730087899997,-22.790500424999948,0.0],[-43.367400423999982,-22.790767220999953,0.0],[-43.367547118999937,-22.790740325999934,0.0],[-43.368261882999946,-22.791237634999959,0.0],[-43.368988548999937,-22.792363913999964,0.0],[-43.369717880999985,-22.792463660999942,0.0],[-43.370315711999979,-22.792387238999936,0.0],[-43.371069477999981,-22.791955703999975,0.0],[-43.371480253999948,-22.791825793999976,0.0],[-43.372144057999947,-22.791994330999955,0.0],[-43.372607364999965,-22.792365529999927,0.0],[-43.37265782399993,-22.792931652999982,0.0],[-43.37244828799993,-22.793390202999944,0.0],[-43.372218421999946,-22.793692739999983,0.0],[-43.37191295599996,-22.793949425999983,0.0],[-43.371270208999931,-22.794192529999975,0.0],[-43.37062111299997,-22.794322290999958,0.0],[-43.370609842999954,-22.795270441999946,0.0],[-43.371313301999976,-22.795520703999955,0.0],[-43.372610849999944,-22.795588990999931,0.0],[-43.372980793999943,-22.795682911999961,0.0],[-43.373268205999977,-22.795870638999929,0.0],[-43.373442351999984,-22.796222740999951,0.0],[-43.374063817999968,-22.796686207999983,0.0],[-43.37433901199995,-22.796635743999957,0.0],[-43.374615735999953,-22.796280180999929,0.0],[-43.375040971999965,-22.795277487999954,0.0],[-43.375297390999947,-22.794325885999967,0.0],[-43.375546824999958,-22.793900214999951,0.0],[-43.375875593999979,-22.793681731999982,0.0],[-43.376992704999964,-22.793637901999944,0.0],[-43.377958289999981,-22.79338643899996,0.0],[-43.378758683999934,-22.793344935999983,0.0],[-43.379067493999969,-22.794046741999978,0.0],[-43.379409737999936,-22.794200773999933,0.0],[-43.37956090199998,-22.794445275999976,0.0],[-43.379547471999956,-22.794691262999947,0.0],[-43.37969094999994,-22.795164859999943,0.0],[-43.379736021999975,-22.795657808999977,0.0],[-43.380098227999952,-22.795898886999964,0.0],[-43.380577363999976,-22.796044908999932,0.0],[-43.381235419999939,-22.796027414999969,0.0],[-43.381797149999954,-22.795759078999936,0.0],[-43.382051944999944,-22.795239683999966,0.0],[-43.382640023999954,-22.795190577999961,0.0],[-43.383253371999956,-22.795296021999945,0.0],[-43.383781809999959,-22.79568229299997,0.0],[-43.384217867999951,-22.795764069999962,0.0],[-43.384653649999962,-22.795698254999934,0.0],[-43.38504766799997,-22.79545270999995,0.0],[-43.385828886999946,-22.794723260999945,0.0],[-43.386200720999966,-22.794111219999934,0.0],[-43.386400976999937,-22.793649368999979,0.0],[-43.386656366999944,-22.792782329999966,0.0],[-43.387447269999939,-22.791428212999961,0.0],[-43.387916798999981,-22.79132951899993,0.0],[-43.388357811999981,-22.791419734999977,0.0],[-43.388409691999982,-22.791123231999961,0.0],[-43.388306698999941,-22.790741885999978,0.0],[-43.38847939599998,-22.790553493999937,0.0],[-43.388668757999937,-22.790747178999936,0.0],[-43.388781334999976,-22.790974751999954,0.0],[-43.388899076999962,-22.79171119199998,0.0],[-43.389230357999963,-22.79200207699995,0.0],[-43.389629537999951,-22.792143846999977,0.0],[-43.389955826999937,-22.792041494999978,0.0],[-43.390273382999965,-22.791434809999942,0.0],[-43.390436295999962,-22.790829955999982,0.0],[-43.390407300999982,-22.789894494999942,0.0],[-43.390500887999963,-22.788814239999965,0.0],[-43.390985622999949,-22.788970564999943,0.0],[-43.391248632999975,-22.78935738399997,0.0],[-43.391301245999955,-22.789686648999975,0.0],[-43.391634861999933,-22.78997957699994,0.0],[-43.391727654999954,-22.79035904899996,0.0],[-43.391989687999967,-22.790505456999938,0.0],[-43.392144215999963,-22.790663511999981,0.0],[-43.392530095999973,-22.791414753999959,0.0],[-43.393360138999981,-22.792331786999966,0.0],[-43.393674572999942,-22.79284026299996,0.0],[-43.393792966999968,-22.792807665999931,0.0],[-43.393847858999948,-22.792481725999949,0.0],[-43.393503824999982,-22.792291341999942,0.0],[-43.393246947999955,-22.792018870999982,0.0],[-43.393026377999945,-22.791560194999931,0.0],[-43.392620393999948,-22.790962208999929,0.0],[-43.39247047899994,-22.790650451999966,0.0],[-43.392410441999971,-22.789902434999931,0.0],[-43.392266603999985,-22.789381886999934,0.0],[-43.391987107999967,-22.789189477999969,0.0],[-43.391547129999935,-22.78850635799995,0.0],[-43.390862371999958,-22.787882283999977,0.0],[-43.390283862999979,-22.787112626999942,0.0],[-43.390023055999961,-22.786452359999942,0.0],[-43.389716470999986,-22.786466197999971,0.0],[-43.389524309999956,-22.78684352199997,0.0],[-43.389091109999981,-22.787194625999973,0.0],[-43.38882799299995,-22.787711270999978,0.0],[-43.38871533799994,-22.788336725999955,0.0],[-43.388138931999947,-22.788777052999933,0.0],[-43.387923857999965,-22.789045628999929,0.0],[-43.387595938999937,-22.789723554999966,0.0],[-43.387479996999957,-22.790163803999974,0.0],[-43.38767142699993,-22.790499107999949,0.0],[-43.387271296999984,-22.79129398699996,0.0],[-43.386951028999931,-22.791553546999978,0.0],[-43.386459423999952,-22.792741596999974,0.0],[-43.385841222999943,-22.79364211099994,0.0],[-43.385440082999935,-22.793771841999956,0.0],[-43.384913145999974,-22.793562339999937,0.0],[-43.384389726999984,-22.793170777999933,0.0],[-43.384255456999938,-22.793307083999935,0.0],[-43.384003968999934,-22.793411030999948,0.0],[-43.383949457999961,-22.793730823999965,0.0],[-43.384197119999953,-22.793952277999949,0.0],[-43.384141120999971,-22.794368567999982,0.0],[-43.384365943999967,-22.794558954999957,0.0],[-43.384178931999941,-22.794869892999941,0.0],[-43.383848418999946,-22.795137736999948,0.0],[-43.383506241999953,-22.795197233999943,0.0],[-43.382497419999936,-22.795020436999948,0.0],[-43.381132443999945,-22.795081979999964,0.0],[-43.380851783999958,-22.794936855999936,0.0],[-43.38076865499994,-22.794403943999953,0.0],[-43.380612991999953,-22.794045935999975,0.0],[-43.380274485999962,-22.793604841999979,0.0],[-43.379549855999983,-22.793123317999971,0.0],[-43.379333801999962,-22.792798208999955,0.0],[-43.379644133999932,-22.792669940999929,0.0],[-43.379844956999932,-22.792700357999934,0.0]]]]}},
{"type":"Feature","properties":{"OBJECTID":236,"uf":"RJ","geometria":"Sim","municipio":"SÃO JOÃO DE MERITI","processo":"Inundação","classe":"Média","fonte":"Produto obtido através da modelagem (ver Nota Técnica Explicativa do projeto) validado por trabalho de campo pela CPRM entre os anos de 2012 e 2014.","execucao":"CPRM (2013)","projeto":"Cartas de Suscetibilidade a Movimentos Gravitacionais de Massa e Inundações. Tema: Inundação.","ano":2013,"executor":"CPRM","shape_Length":0.0017570194969788197,"shape_Area":7.356641397138567e-08},"geometry":{"type":"MultiPolygon","coordinates":[[[[-43.330018628999937,-22.789382868999951,0.0],[-43.330198890999952,-22.789631734999944,0.0],[-43.330107387999931,-22.789889563999964,0.0],[-43.330046,-22.78992076399993,0.0],[-43.330049860999964,-22.789996654999982,0.0],[-43.33026581799993,-22.789883083999939,0.0],[-43.330290534999961,-22.789560047999942,0.0],[-43.330014380999955,-22.789299399999948,0.0],[-43.330018628999937,-22.789382868999951,0.0]]]]}},
{"type":"Feature","properties":{"OBJECTID":237,"uf":"RJ","geometria":"Sim","municipio":"SÃO JOÃO DE MERITI","processo":"Inundação","classe":"Alta","fonte":"Produto obtido através da modelagem (ver Nota Técnica Explicativa do projeto) validado por trabalho de campo pela CPRM entre os anos de 2012 e 2014.","execucao":"CPRM (2013)","projeto":"Cartas de Suscetibilidade a Movimentos Gravitacionais de Massa e Inundações. Tema: Inundação.","ano":2013,"executor":"CPRM","shape_Length":0.58965219224726906,"shape_Area":0.00085691673995244328},"geometry":{"type":"MultiPolygon","coordinates":[[[[-43.32945497999998,-22.756905539999934,0.0],[-43.329523644999938,-22.758775134999951,0.0],[-43.329560619999938,-22.760517239999956,0.0],[-43.329561861999935,-22.761781151999969,0.0],[-43.329563435999944,-22.761858522999944,0.0],[-43.329759966999973,-22.764657038999928,0.0],[-43.329748595999945,-22.76748923599996,0.0],[-43.329965146999939,-22.767466554999942,0.0],[-43.330335082999966,-22.767568719999929,0.0],[-43.330397234999964,-22.767799554999954,0.0],[-43.330227792999949,-22.767940329999931,0.0],[-43.330825382999933,-22.767985069999952,0.0],[-43.331324088999963,-22.767921426999976,0.0],[-43.332506851999938,-22.767613693999976,0.0],[-43.333566858999973,-22.76746843199993,0.0],[-43.334027467999931,-22.767298567999944,0.0],[-43.334431706999965,-22.76698893899993,0.0],[-43.33556355199994,-22.765602842999954,0.0],[-43.335545244999935,-22.765217562999965,0.0],[-43.335067122999931,-22.764656179999974,0.0],[-43.335020115999953,-22.764354138999977,0.0],[-43.334902286999977,-22.764082841999937,0.0],[-43.335052161999954,-22.763466305999941,0.0],[-43.335029120999934,-22.763024084999927,0.0],[-43.334839786999964,-22.761962599999947,0.0],[-43.334865238999953,-22.76162964699995,0.0],[-43.334521602999985,-22.761297228999979,0.0],[-43.334913626999935,-22.760979667999948,0.0],[-43.335599986999966,-22.760710945999961,0.0],[-43.336110045999931,-22.760686629999952,0.0],[-43.336938207999935,-22.760650103999978,0.0],[-43.337716045999969,-22.760748515999978,0.0],[-43.33813185799994,-22.760773333999964,0.0],[-43.338748927999973,-22.761072944999967,0.0],[-43.338830845999951,-22.761166516999936,0.0],[-43.338830298999937,-22.761211665999951,0.0],[-43.338927665999961,-22.761212679999971,0.0],[-43.338975256999959,-22.761303484999928,0.0],[-43.33945057699998,-22.761582542999975,0.0],[-43.340221522999968,-22.76223843899993,0.0],[-43.340630540999939,-22.762657149999939,0.0],[-43.340959453999972,-22.763213530999963,0.0],[-43.341016725999964,-22.763530903999936,0.0],[-43.340469092999967,-22.763886054999944,0.0],[-43.340356612999983,-22.764297211999974,0.0],[-43.340431937999938,-22.764545519999956,0.0],[-43.340634067999986,-22.764776408999978,0.0],[-43.341050026999937,-22.76500312099995,0.0],[-43.341504126999951,-22.764953440999932,0.0],[-43.341756912999983,-22.764809356999933,0.0],[-43.342057745999966,-22.764089997999974,0.0],[-43.342140720999964,-22.763315199999965,0.0],[-43.34226829399995,-22.762782682999955,0.0],[-43.342039770999975,-22.762561880999954,0.0],[-43.342066448999958,-22.762212721999958,0.0],[-43.34179847799993,-22.761985617999983,0.0],[-43.341618547999985,-22.761389200999929,0.0],[-43.341181155999948,-22.761181515999965,0.0],[-43.341031191999946,-22.760957327999961,0.0],[-43.340794826999968,-22.760814438999944,0.0],[-43.340657176999969,-22.760608660999935,0.0],[-43.34037602099994,-22.760370376999958,0.0],[-43.340330936999976,-22.760033801999953,0.0],[-43.340801591999934,-22.759652510999956,0.0],[-43.341328370999975,-22.759375359999979,0.0],[-43.34187723499997,-22.759325514999944,0.0],[-43.342334563999941,-22.759562183999947,0.0],[-43.342683842999975,-22.760084330999973,0.0],[-43.34286463199993,-22.760535489999938,0.0],[-43.342977466999969,-22.761260252999932,0.0],[-43.343162,-22.761368299999958,0.0],[-43.344203662999973,-22.761102266999956,0.0],[-43.344500611999933,-22.761121773999946,0.0],[-43.344921199999931,-22.761339418999967,0.0],[-43.345203491999939,-22.761639099999968,0.0],[-43.346117061999962,-22.762596828999961,0.0],[-43.346551270999953,-22.76270719799993,0.0],[-43.347421581999981,-22.763098518999982,0.0],[-43.347664087999931,-22.763515955999935,0.0],[-43.347663543999943,-22.763561105999941,0.0],[-43.348151636999944,-22.76378508099998,0.0],[-43.348360674999981,-22.763999051999974,0.0],[-43.348717898999951,-22.764603228999931,0.0],[-43.349259522999944,-22.765877867999961,0.0],[-43.34948001999993,-22.766903527999943,0.0],[-43.349689224999963,-22.767429489999927,0.0],[-43.350055721999979,-22.768030794999959,0.0],[-43.350189020999949,-22.768147918999944,0.0],[-43.350810532999958,-22.768677539999942,0.0],[-43.351141996999957,-22.768862886999955,0.0],[-43.351833194999983,-22.769007027999976,0.0],[-43.35191018699993,-22.76940502399998,0.0],[-43.352164340999934,-22.76971956899996,0.0],[-43.352263843999935,-22.770455729999981,0.0],[-43.352169256999957,-22.77069733899998,0.0],[-43.351658709999981,-22.771459445999938,0.0],[-43.351605683999935,-22.771820140999978,0.0],[-43.351661546999935,-22.772159052999939,0.0],[-43.35155048799993,-22.772361434999937,0.0],[-43.351548317999971,-22.772542033999969,0.0],[-43.351664812999957,-22.772842716999946,0.0],[-43.351928425999972,-22.774224129999936,0.0],[-43.351776825999934,-22.77509011799998,0.0],[-43.35159465199996,-22.775555423999947,0.0],[-43.351243261999969,-22.775850660999936,0.0],[-43.350528577999967,-22.775900977999981,0.0],[-43.35020506199993,-22.776080098999955,0.0],[-43.349794260999943,-22.77710532499998,0.0],[-43.349411821999979,-22.777515609999966,0.0],[-43.347894217999965,-22.777529356999935,0.0],[-43.347836937999944,-22.777470731999983,0.0],[-43.347788247999972,-22.77747022799997,0.0],[-43.347044103999963,-22.777419230999953,0.0],[-43.346744711999975,-22.777300103999949,0.0],[-43.346244533999936,-22.777222507999966,0.0],[-43.345472824999945,-22.776802595999982,0.0],[-43.345241876999978,-22.776742661999947,0.0],[-43.343560992999983,-22.776703913999938,0.0],[-43.343051924999941,-22.776627904999941,0.0],[-43.34250158499998,-22.776685938999947,0.0],[-43.342235534999929,-22.776786656999946,0.0],[-43.342088596999986,-22.777012616999968,0.0],[-43.342045084999938,-22.777230030999931,0.0],[-43.342228252999973,-22.777260844999944,0.0],[-43.342859829999952,-22.777597506999939,0.0],[-43.344110188999935,-22.777858164999941,0.0],[-43.344362355999976,-22.777929191999931,0.0],[-43.344567119999965,-22.778069011999946,0.0],[-43.344566574999931,-22.778114161999952,0.0],[-43.345019711999953,-22.778183411999976,0.0],[-43.345875750999937,-22.778579291999961,0.0],[-43.346072962999983,-22.778453835999983,0.0],[-43.348487262999981,-22.779542808999963,0.0],[-43.349432874999934,-22.781001782999965,0.0],[-43.349419625999985,-22.781390902999931,0.0],[-43.349538697999947,-22.781732940999973,0.0],[-43.34994026399994,-22.781981559999963,0.0],[-43.350343217999978,-22.782032274999949,0.0],[-43.350678468999945,-22.781855811999947,0.0],[-43.350877374999982,-22.781549905999952,0.0],[-43.350746021999953,-22.78077209199995,0.0],[-43.350556068999936,-22.780370087999927,0.0],[-43.350608662999946,-22.780105779999928,0.0],[-43.350779314999954,-22.779804093999928,0.0],[-43.350979622999944,-22.77949007199993,0.0],[-43.351348371999961,-22.779202056999964,0.0],[-43.351964155999951,-22.778461677999928,0.0],[-43.352208283999971,-22.777810367999962,0.0],[-43.352506810999955,-22.777593706999937,0.0],[-43.352934461999951,-22.777437686999974,0.0],[-43.353243100999975,-22.777391155999965,0.0],[-43.353929088999962,-22.777036991999978,0.0],[-43.353956578999941,-22.776697749999983,0.0],[-43.354220271999964,-22.776095651999981,0.0],[-43.354402179999965,-22.775942804999943,0.0],[-43.355326518999959,-22.77549208399995,0.0],[-43.35538614799998,-22.775245878999954,0.0],[-43.355174470999941,-22.774701754999967,0.0],[-43.355175552999981,-22.774611454999956,0.0],[-43.355079258999979,-22.77452015199998,0.0],[-43.355081423999934,-22.774339552999948,0.0],[-43.355032734999952,-22.77433905099997,0.0],[-43.354858982999986,-22.77409348599997,0.0],[-43.354993527999966,-22.773670109999955,0.0],[-43.355269501999942,-22.773367634999943,0.0],[-43.355798369999945,-22.772996865999971,0.0],[-43.355908196999962,-22.772775262999971,0.0],[-43.355900688999952,-22.772674618999929,0.0],[-43.355450957999949,-22.772158869999942,0.0],[-43.35515270999997,-22.771635554999932,0.0],[-43.355117142999973,-22.771359663999931,0.0],[-43.355068996999933,-22.771314012999937,0.0],[-43.354718807999973,-22.771104992999938,0.0],[-43.354649545999962,-22.770888481999975,0.0],[-43.354705227999943,-22.770158799999933,0.0],[-43.35467099799996,-22.76950369399998,0.0],[-43.35469483299994,-22.769191378999949,0.0],[-43.354754164999974,-22.769143307999968,0.0],[-43.35477924099996,-22.768710455999951,0.0],[-43.354858031999981,-22.768602512999962,0.0],[-43.354923391999932,-22.768409018999932,0.0],[-43.355146554999976,-22.768123905999971,0.0],[-43.355610789999957,-22.767761249999978,0.0],[-43.355924523999931,-22.767393681999977,0.0],[-43.357842654999956,-22.767744916999959,0.0],[-43.358506621999936,-22.767791163999959,0.0],[-43.358787391999954,-22.767698809999956,0.0],[-43.359047998999984,-22.767424498999958,0.0],[-43.359137039999951,-22.767078819999938,0.0],[-43.359296467999968,-22.76785536899996,0.0],[-43.359027844999957,-22.768065226999965,0.0],[-43.359001245999934,-22.768238767999947,0.0],[-43.359158255999944,-22.768834745999982,0.0],[-43.359075169999983,-22.769676604999972,0.0],[-43.35916954299995,-22.770453116999931,0.0],[-43.359220013999959,-22.770494353999936,0.0],[-43.359370107999951,-22.771140079999952,0.0],[-43.359060831999955,-22.771400264999954,0.0],[-43.359107154999947,-22.771541357999979,0.0],[-43.35939753599996,-22.771731089999946,0.0],[-43.360334903999956,-22.772016934999954,0.0],[-43.36059234399994,-22.772243099999969,0.0],[-43.360751414999982,-22.772546526999975,0.0],[-43.360800102999974,-22.772547026999973,0.0],[-43.361189325999931,-22.773025476999976,0.0],[-43.361600431999932,-22.774150181999971,0.0],[-43.361848499999951,-22.774460414999965,0.0],[-43.362544265999929,-22.774826007999934,0.0],[-43.362596556999961,-22.774984379999978,0.0],[-43.362133271999937,-22.775539093999953,0.0],[-43.362259493999943,-22.776767938999967,0.0],[-43.362330644999986,-22.777109236999934,0.0],[-43.362496071999942,-22.777415290999954,0.0],[-43.364135420999958,-22.777570486999934,0.0],[-43.364693434999936,-22.777470450999942,0.0],[-43.36517688899994,-22.777205315999936,0.0],[-43.365368090999937,-22.776971582999977,0.0],[-43.365566126999965,-22.776046737999934,0.0],[-43.36556060099997,-22.775499219999972,0.0],[-43.365460634999977,-22.775120141999935,0.0],[-43.36511362799996,-22.774478180999949,0.0],[-43.364553832999945,-22.774189014999934,0.0],[-43.364507817999936,-22.774045993999948,0.0],[-43.364627549999966,-22.773732945999939,0.0],[-43.365196695999941,-22.773102803999961,0.0],[-43.365231256999948,-22.772547326999927,0.0],[-43.365187946999981,-22.772095326999931,0.0],[-43.365139258999932,-22.772094828999968,0.0],[-43.365141410999968,-22.771914227999957,0.0],[-43.365092722999975,-22.771913729999937,0.0],[-43.36509433599997,-22.771778278999932,0.0],[-43.365045648999967,-22.771777780999969,0.0],[-43.364954792999981,-22.771282885999938,0.0],[-43.364994247999959,-22.770882890999928,0.0],[-43.36515763999995,-22.770483957999943,0.0],[-43.365502659999947,-22.770202016999974,0.0],[-43.365530502999945,-22.770134036999934,0.0],[-43.365306630999953,-22.769735091999962,0.0],[-43.364922188999969,-22.769665983999971,0.0],[-43.364768982999976,-22.769497348999948,0.0],[-43.36460378299995,-22.769483332999982,0.0],[-43.364292495999962,-22.769566777999955,0.0],[-43.363826721999942,-22.770270623999977,0.0],[-43.36364985199998,-22.770408807999956,0.0],[-43.363527577999946,-22.770606197999939,0.0],[-43.363355035999973,-22.770631562999938,0.0],[-43.363307989999953,-22.770686807999937,0.0],[-43.36304464899996,-22.770738359999939,0.0],[-43.362788240999976,-22.770641835999982,0.0],[-43.362566534999985,-22.770369286999937,0.0],[-43.362532736999981,-22.770171571999981,0.0],[-43.362533275999965,-22.770126421999976,0.0],[-43.36209774699995,-22.769812668999975,0.0],[-43.362132741999972,-22.769172931999947,0.0],[-43.362332832999982,-22.768332546999943,0.0],[-43.362367078999966,-22.767731472999969,0.0],[-43.362369771999965,-22.767505722999942,0.0],[-43.36224806499996,-22.766822754999964,0.0],[-43.362389701999973,-22.765835171999981,0.0],[-43.362210087999983,-22.765126581999937,0.0],[-43.362300828999935,-22.764905029999966,0.0],[-43.362650443999939,-22.764458302999969,0.0],[-43.363115118999985,-22.764216157999954,0.0],[-43.363773350999963,-22.764133449999974,0.0],[-43.364161898999953,-22.76391945599994,0.0],[-43.364429101999974,-22.763942125999961,0.0],[-43.365288362999934,-22.764426811999954,0.0],[-43.366111880999938,-22.764689998999927,0.0],[-43.366196861999981,-22.765061385999957,0.0],[-43.366437602999952,-22.765289627999948,0.0],[-43.366436527999952,-22.765379928999948,0.0],[-43.366485213999965,-22.765380426999968,0.0],[-43.366532287999974,-22.765516375999937,0.0],[-43.366580972999941,-22.765516873999957,0.0],[-43.366579361999982,-22.765652323999973,0.0],[-43.366628046999949,-22.765652821999936,0.0],[-43.366783831999953,-22.766159590999962,0.0],[-43.366714658999967,-22.767067161999933,0.0],[-43.366613781999945,-22.76740164399996,0.0],[-43.366323491999935,-22.767884271999947,0.0],[-43.365834422999967,-22.768280593999975,0.0],[-43.36552065099994,-22.768461169999966,0.0],[-43.365437068999938,-22.768625248999967,0.0],[-43.365447943999982,-22.768833101999974,0.0],[-43.366263238999977,-22.769075744999952,0.0],[-43.366730684999936,-22.769350387999964,0.0],[-43.367294736999952,-22.77029125599995,0.0],[-43.367384283999968,-22.770287224999947,0.0],[-43.367612134999945,-22.769962945999964,0.0],[-43.367726710999932,-22.769327272999931,0.0],[-43.367685365999932,-22.768537425999966,0.0],[-43.36754603299994,-22.767750939999928,0.0],[-43.367570717999968,-22.767427063999946,0.0],[-43.367630044999942,-22.767378986999972,0.0],[-43.367665232999968,-22.76698760599993,0.0],[-43.367848483999978,-22.766436135999982,0.0],[-43.368524647999948,-22.765399503999959,0.0],[-43.368870077999929,-22.76530443799993,0.0],[-43.369260832999942,-22.765363652999952,0.0],[-43.369822337999949,-22.765348080999956,0.0],[-43.370075009999937,-22.76526690399993,0.0],[-43.370972611999946,-22.765675145999978,0.0],[-43.371008695999933,-22.765787900999953,0.0],[-43.371315750999941,-22.765947439999934,0.0],[-43.371594752999954,-22.766312336999931,0.0],[-43.371652688999973,-22.766797715999928,0.0],[-43.37142208299997,-22.767749773999981,0.0],[-43.370973866999975,-22.768722664999927,0.0],[-43.37101397999993,-22.769445565999945,0.0],[-43.371177719999935,-22.769893785999955,0.0],[-43.371117251999976,-22.770309956999938,0.0],[-43.370848259999946,-22.770970007999949,0.0],[-43.370439144999978,-22.771385325999972,0.0],[-43.369948311999963,-22.771588195999982,0.0],[-43.369670463999967,-22.771870250999939,0.0],[-43.369743873999937,-22.77204833299993,0.0],[-43.370423415999937,-22.772541771999954,0.0],[-43.370677306999937,-22.772884687999976,0.0],[-43.370788608999931,-22.773261326999943,0.0],[-43.370708363999938,-22.774680501999967,0.0],[-43.370648951999954,-22.775583007999955,0.0],[-43.370733476999931,-22.776266477999968,0.0],[-43.370902069999943,-22.776962775999948,0.0],[-43.370833532999939,-22.777244984999982,0.0],[-43.371053171999961,-22.778040357999942,0.0],[-43.370463318999953,-22.778326683999978,0.0],[-43.370213255999943,-22.77858052199997,0.0],[-43.369860286999938,-22.778637888999981,0.0],[-43.369328177999932,-22.778362674999983,0.0],[-43.369305898999983,-22.777962534999972,0.0],[-43.368797601999972,-22.77787325099996,0.0],[-43.367670630999953,-22.777352847999964,0.0],[-43.367091910999932,-22.776867812999967,0.0],[-43.366781095999954,-22.776364923999949,0.0],[-43.366708881999955,-22.775226635999957,0.0],[-43.366214378999985,-22.775502494999955,0.0],[-43.36613690799993,-22.775857447999954,0.0],[-43.365849939999976,-22.775979461999952,0.0],[-43.365802358999986,-22.776849656999957,0.0],[-43.365902969999979,-22.77747616299996,0.0],[-43.366164900999934,-22.777704710999956,0.0],[-43.366387392999968,-22.778495844999952,0.0],[-43.366312936999975,-22.778826017999961,0.0],[-43.365827630999945,-22.779416461999972,0.0],[-43.365459189999967,-22.779643530999977,0.0],[-43.365145718999941,-22.779726181999933,0.0],[-43.365145180999946,-22.779771331999939,0.0],[-43.364955015999954,-22.779800013999932,0.0],[-43.364352876999931,-22.780050754999934,0.0],[-43.364004673999943,-22.780095809999978,0.0],[-43.363703173999966,-22.779927278999935,0.0],[-43.363562689999981,-22.779760864999957,0.0],[-43.363541081999983,-22.779529108999952,0.0],[-43.362791315999971,-22.779543990999969,0.0],[-43.362682680999967,-22.779904122999937,0.0],[-43.362825758999975,-22.780767692999973,0.0],[-43.36303199699995,-22.781514717999983,0.0],[-43.363102418999972,-22.78268006299993,0.0],[-43.363388474999965,-22.782890356999928,0.0],[-43.364419219999945,-22.782649380999942,0.0],[-43.364916455999946,-22.78236325599994,0.0],[-43.365512649999971,-22.78162647399995,0.0],[-43.365561340999932,-22.781626972999959,0.0],[-43.365562954999973,-22.781491522999943,0.0],[-43.365611645999934,-22.781492020999963,0.0],[-43.365712256999984,-22.781222118999949,0.0],[-43.365790199999935,-22.780971157999943,0.0],[-43.366273865999972,-22.780684146999931,0.0],[-43.366636995999954,-22.780525355999941,0.0],[-43.367213216999971,-22.780401332999929,0.0],[-43.367772740999953,-22.780190298999969,0.0],[-43.368375820999972,-22.780458708999959,0.0],[-43.368578102999948,-22.780604324999956,0.0],[-43.369237984999984,-22.781338885999958,0.0],[-43.369635035999977,-22.781285360999959,0.0],[-43.369736582999963,-22.781385548999936,0.0],[-43.37001969399995,-22.782502282999928,0.0],[-43.370302292999952,-22.782834323999964,0.0],[-43.370702731999984,-22.783115964999979,0.0],[-43.371511932999965,-22.783518790999949,0.0],[-43.371709586999941,-22.78351706899997,0.0],[-43.372006522999982,-22.783379042999968,0.0],[-43.372437179999963,-22.783082900999943,0.0],[-43.372746868999968,-22.782451003999938,0.0],[-43.373594784999966,-22.782299241999965,0.0],[-43.373924681999938,-22.782179059999976,0.0],[-43.374307783999939,-22.781823353999982,0.0],[-43.374600489999978,-22.781742355999938,0.0],[-43.374947284999962,-22.781856385999959,0.0],[-43.37508199499996,-22.782121228999927,0.0],[-43.375034385999982,-22.783527191999951,0.0],[-43.374554640999975,-22.784285405999981,0.0],[-43.374370548999934,-22.784792382999967,0.0],[-43.374465870999984,-22.785060189999967,0.0],[-43.374893492999945,-22.785449615999937,0.0],[-43.375011637999933,-22.785681888999932,0.0],[-43.37492367699997,-22.786591723999948,0.0],[-43.374274326999966,-22.787168987999962,0.0],[-43.374079618999986,-22.787530932999971,0.0],[-43.373867726999947,-22.788288631999933,0.0],[-43.373487705999935,-22.788277563999941,0.0],[-43.37325138999995,-22.788161616999957,0.0],[-43.372313819999931,-22.788337364999961,0.0],[-43.371774175999974,-22.788719721999939,0.0],[-43.371304084999963,-22.788925287999973,0.0],[-43.370790075999935,-22.789278727999942,0.0],[-43.370336454999972,-22.789332725999941,0.0],[-43.369794070999944,-22.789262803999975,0.0],[-43.369124959999965,-22.788602651999952,0.0],[-43.368083908999949,-22.788539469999932,0.0],[-43.367837217999977,-22.78848998199993,0.0],[-43.367769234999969,-22.788422908999962,0.0],[-43.36747760999998,-22.788374768999972,0.0],[-43.367028547999951,-22.788280791999966,0.0],[-43.366991209999981,-22.788324633999935,0.0],[-43.366098135999948,-22.788367077999965,0.0],[-43.365628860999948,-22.788220367999941,0.0],[-43.364768599999934,-22.787873743999967,0.0],[-43.364551242999937,-22.788013191999937,0.0],[-43.364090730999976,-22.789165753999953,0.0],[-43.364024610999934,-22.789696996999965,0.0],[-43.364116710999951,-22.790073954999968,0.0],[-43.364435832999959,-22.790306100999942,0.0],[-43.365023979999933,-22.790333757999974,0.0],[-43.365605180999978,-22.790206966999961,0.0],[-43.366234020999968,-22.790015126999947,0.0],[-43.366775460999975,-22.790083488999983,0.0],[-43.36677492299998,-22.790128638999931,0.0],[-43.366969162999965,-22.790175783999928,0.0],[-43.36696862499997,-22.790220933999933,0.0],[-43.367066013999931,-22.790221930999962,0.0],[-43.367383594999978,-22.790020711999944,0.0],[-43.367709728999955,-22.789981435999948,0.0],[-43.368102353999973,-22.790286912999932,0.0],[-43.36853605999994,-22.790402474999951,0.0],[-43.368828246999954,-22.790389326999957,0.0],[-43.368987050999976,-22.790471458999946,0.0],[-43.369239359999938,-22.790739167999959,0.0],[-43.369359012999951,-22.791113026999938,0.0],[-43.369522125999936,-22.79139880699995,0.0],[-43.369969737999952,-22.791669233999983,0.0],[-43.370552851999946,-22.791723881999928,0.0],[-43.371212755999977,-22.791550000999962,0.0],[-43.372212022999975,-22.791466899999932,0.0],[-43.372337868999978,-22.791287814999976,0.0],[-43.372443189999956,-22.791294710999978,0.0],[-43.372774729999946,-22.791728251999928,0.0],[-43.373046343999931,-22.792293273999974,0.0],[-43.373095047999982,-22.792986328999973,0.0],[-43.372812862999979,-22.793596357999945,0.0],[-43.372337357999982,-22.794398285999932,0.0],[-43.372568359999946,-22.794701656999962,0.0],[-43.373319779999974,-22.794839647999936,0.0],[-43.374018100999933,-22.795145920999971,0.0],[-43.374400622999985,-22.794910085999959,0.0],[-43.374556638999934,-22.794270452999967,0.0],[-43.37480452899996,-22.793778135999958,0.0],[-43.375308645999951,-22.793240760999936,0.0],[-43.376034841999967,-22.792940634999979,0.0],[-43.376165078999975,-22.792831325999941,0.0],[-43.375856732999978,-22.792253388999939,0.0],[-43.375560316999952,-22.792004978999955,0.0],[-43.375433242999975,-22.791683907999982,0.0],[-43.375478404999967,-22.791301266999938,0.0],[-43.375517962999936,-22.790920919999962,0.0],[-43.375707343999977,-22.790359941999952,0.0],[-43.37560797499998,-22.790094006999936,0.0],[-43.375618132999932,-22.789960605999966,0.0],[-43.376446728999952,-22.789735293999968,0.0],[-43.376912512999979,-22.789375991999975,0.0],[-43.37740678199998,-22.788758863999931,0.0],[-43.377650460999973,-22.788280482999937,0.0],[-43.377849436999952,-22.787464599999964,0.0],[-43.378012681999962,-22.787252892999959,0.0],[-43.378350336999972,-22.787030874999971,0.0],[-43.379282974999967,-22.786681184999964,0.0],[-43.379672778999975,-22.786380478999945,0.0],[-43.379809590999969,-22.78606098299997,0.0],[-43.379745210999943,-22.785827913999981,0.0],[-43.379454825999971,-22.785581978999971,0.0],[-43.378554959999974,-22.785237544999973,0.0],[-43.37839158099996,-22.785064210999963,0.0],[-43.378237267999964,-22.78451083799996,0.0],[-43.378238334999935,-22.78442053699996,0.0],[-43.378189642999985,-22.784420041999965,0.0],[-43.378035268999952,-22.784053863999929,0.0],[-43.377966469999933,-22.78270185599996,0.0],[-43.37772496599996,-22.782489755999961,0.0],[-43.377814176999948,-22.782187611999973,0.0],[-43.378394491999984,-22.781061,0.0],[-43.378627308999967,-22.780318100999978,0.0],[-43.378406939999934,-22.78006131199993,0.0],[-43.378415339999947,-22.779907359999982,0.0],[-43.378757376999943,-22.779503016999968,0.0],[-43.379175511999961,-22.77915158199994,0.0],[-43.379816749999975,-22.778830480999943,0.0],[-43.380123081999955,-22.779226780999977,0.0],[-43.380724240999939,-22.779540330999964,0.0],[-43.381369375999952,-22.780080921999968,0.0],[-43.381852499999979,-22.781107395999982,0.0],[-43.381940587999964,-22.782651555999962,0.0],[-43.382076953999956,-22.783025377999934,0.0],[-43.382122230999983,-22.783359789999963,0.0],[-43.382315036999955,-22.78362578399998,0.0],[-43.38230307699996,-22.783844989999977,0.0],[-43.382097813999962,-22.784469697999953,0.0],[-43.381819475999976,-22.78497327599996,0.0],[-43.382056838999972,-22.785300736999943,0.0],[-43.382314776999976,-22.785293876999958,0.0],[-43.382842084999936,-22.785047190999933,0.0],[-43.384153779999963,-22.784600042999955,0.0],[-43.384476100999962,-22.784552426999937,0.0],[-43.384739716999945,-22.785014305999937,0.0],[-43.385170564999953,-22.785278509999955,0.0],[-43.385347614999944,-22.785459618999937,0.0],[-43.38540336799997,-22.785871333999978,0.0],[-43.385883910999951,-22.787161365999964,0.0],[-43.385794360999967,-22.787464715999931,0.0],[-43.385869323999941,-22.787816029999931,0.0],[-43.38588662199993,-22.788336356999935,0.0],[-43.385925268999983,-22.788833078999971,0.0],[-43.385825835999981,-22.789309019999962,0.0],[-43.385060761999966,-22.790384263999954,0.0],[-43.384292760999983,-22.791345655999976,0.0],[-43.384244064999962,-22.79134516299996,0.0],[-43.384243000999959,-22.791435462999971,0.0],[-43.384140629999933,-22.79149948099996,0.0],[-43.38409425499998,-22.791659734999939,0.0],[-43.383996331999981,-22.79170389799998,0.0],[-43.383995266999932,-22.79179419899998,0.0],[-43.383847583999966,-22.791928169999949,0.0],[-43.383482310999966,-22.792732039999976,0.0],[-43.383292285999971,-22.792947199999958,0.0],[-43.382942870999955,-22.793178464999983,0.0],[-43.38202451799998,-22.793465058999971,0.0],[-43.381611364999969,-22.79342070499996,0.0],[-43.381298895999976,-22.793302147999952,0.0],[-43.381011486999967,-22.793265081999948,0.0],[-43.380450230999941,-22.793036426999947,0.0],[-43.379990509999971,-22.79274699299998,0.0],[-43.379991043999951,-22.792701841999929,0.0],[-43.379844956999932,-22.792700357999934,0.0],[-43.379644133999932,-22.792669940999929,0.0],[-43.379333801999962,-22.792798208999955,0.0],[-43.379549855999983,-22.793123317999971,0.0],[-43.380274485999962,-22.793604841999979,0.0],[-43.380612991999953,-22.794045935999975,0.0],[-43.38076865499994,-22.794403943999953,0.0],[-43.380851783999958,-22.794936855999936,0.0],[-43.381132443999945,-22.795081979999964,0.0],[-43.382497419999936,-22.795020436999948,0.0],[-43.383506241999953,-22.795197233999943,0.0],[-43.383848418999946,-22.795137736999948,0.0],[-43.384178931999941,-22.794869892999941,0.0],[-43.384365943999967,-22.794558954999957,0.0],[-43.384141120999971,-22.794368567999982,0.0],[-43.384197119999953,-22.793952277999949,0.0],[-43.383949457999961,-22.793730823999965,0.0],[-43.384003968999934,-22.793411030999948,0.0],[-43.384255456999938,-22.793307083999935,0.0],[-43.384389726999984,-22.793170777999933,0.0],[-43.384913145999974,-22.793562339999937,0.0],[-43.385440082999935,-22.793771841999956,0.0],[-43.385841222999943,-22.79364211099994,0.0],[-43.386459423999952,-22.792741596999974,0.0],[-43.386951028999931,-22.791553546999978,0.0],[-43.387271296999984,-22.79129398699996,0.0],[-43.38767142699993,-22.790499107999949,0.0],[-43.387479996999957,-22.790163803999974,0.0],[-43.387595938999937,-22.789723554999966,0.0],[-43.387923857999965,-22.789045628999929,0.0],[-43.388138931999947,-22.788777052999933,0.0],[-43.38871533799994,-22.788336725999955,0.0],[-43.38882799299995,-22.787711270999978,0.0],[-43.389091109999981,-22.787194625999973,0.0],[-43.389524309999956,-22.78684352199997,0.0],[-43.389716470999986,-22.786466197999971,0.0],[-43.390023055999961,-22.786452359999942,0.0],[-43.390283862999979,-22.787112626999942,0.0],[-43.390862371999958,-22.787882283999977,0.0],[-43.391547129999935,-22.78850635799995,0.0],[-43.391987107999967,-22.789189477999969,0.0],[-43.392266603999985,-22.789381886999934,0.0],[-43.392410441999971,-22.789902434999931,0.0],[-43.39247047899994,-22.790650451999966,0.0],[-43.392620393999948,-22.790962208999929,0.0],[-43.393026377999945,-22.791560194999931,0.0],[-43.393246947999955,-22.792018870999982,0.0],[-43.393503824999982,-22.792291341999942,0.0],[-43.393847858999948,-22.792481725999949,0.0],[-43.393792966999968,-22.792807665999931,0.0],[-43.393674572999942,-22.79284026299996,0.0],[-43.393803275999971,-22.793294242999934,0.0],[-43.393708050999976,-22.793681887999981,0.0],[-43.393492778999985,-22.794037559999936,0.0],[-43.393169618999934,-22.794370475999983,0.0],[-43.393072225999958,-22.794369494999955,0.0],[-43.393022470999938,-22.794459304999975,0.0],[-43.39263078099998,-22.794635980999942,0.0],[-43.392526618999966,-22.79479624499993,0.0],[-43.391917879999937,-22.795200858999976,0.0],[-43.391769823999937,-22.79545359399998,0.0],[-43.391814430999943,-22.795644616999937,0.0],[-43.392192952999949,-22.796412257999975,0.0],[-43.392109293999965,-22.796870006999939,0.0],[-43.392244911999967,-22.79742456699995,0.0],[-43.39261033899993,-22.798224568999956,0.0],[-43.393093218999979,-22.799752465999973,0.0],[-43.393386311999961,-22.800309796999954,0.0],[-43.393661493999957,-22.800269133999961,0.0],[-43.394029456999931,-22.799781776999964,0.0],[-43.394256987999938,-22.799326859999951,0.0],[-43.394332555999938,-22.799033247999944,0.0],[-43.394243094999979,-22.79835500799993,0.0],[-43.394180989999938,-22.798300478999977,0.0],[-43.394137095999952,-22.797058558999936,0.0],[-43.394029438999951,-22.796763547999944,0.0],[-43.394048952999981,-22.79640547899993,0.0],[-43.39424134099994,-22.795753686999944,0.0],[-43.39442145199996,-22.795602294999981,0.0],[-43.394523075999984,-22.795242070999961,0.0],[-43.394484151999961,-22.795206637999968,0.0],[-43.394601868999985,-22.794945728999949,0.0],[-43.394894335999936,-22.794772122999973,0.0],[-43.395506572999977,-22.79426528099998,0.0],[-43.396113151999941,-22.793898422999973,0.0],[-43.396645603999957,-22.793841466999936,0.0],[-43.397121808999941,-22.794038210999929,0.0],[-43.397790130999965,-22.795203465999975,0.0],[-43.398245519999932,-22.795755810999935,0.0],[-43.39838148299998,-22.796159109999962,0.0],[-43.398617722999973,-22.796454356999959,0.0],[-43.399290467999947,-22.796927289999928,0.0],[-43.399433679999959,-22.797918459999948,0.0],[-43.399250925999979,-22.799896977999936,0.0],[-43.39905196199993,-22.800677463999932,0.0],[-43.399178709999944,-22.800792844999933,0.0],[-43.400577265999971,-22.80061974299997,0.0],[-43.401065436999943,-22.800740968999946,0.0],[-43.401303507999955,-22.800883174999967,0.0],[-43.401577890999931,-22.800581008999927,0.0],[-43.402180150999982,-22.799917758999982,0.0],[-43.402219822999939,-22.798739836999971,0.0],[-43.402160288999937,-22.797996586999943,0.0],[-43.402043739999954,-22.79766572799997,0.0],[-43.401324208999938,-22.796885036999981,0.0],[-43.401028764999978,-22.796407340999963,0.0],[-43.400769064999963,-22.795712959999946,0.0],[-43.400660151999944,-22.795031688999927,0.0],[-43.400716546999945,-22.794536656999981,0.0],[-43.400648844999978,-22.794233142999929,0.0],[-43.400846477999949,-22.79368074599995,0.0],[-43.400802746999943,-22.793564985999978,0.0],[-43.400699085999975,-22.793480353999939,0.0],[-43.400602478999986,-22.793273635999981,0.0],[-43.400130897999929,-22.792810289999977,0.0],[-43.400029394999933,-22.792449158999943,0.0],[-43.399719213999958,-22.792359163999947,0.0],[-43.399174326999969,-22.792552244999968,0.0],[-43.398304392999933,-22.792570739999974,0.0],[-43.397818487999984,-22.792475546999981,0.0],[-43.397819015999971,-22.792430395999929,0.0],[-43.397275720999971,-22.792293574999974,0.0],[-43.396644339999966,-22.792009495999935,0.0],[-43.395760387999985,-22.791394550999939,0.0],[-43.39453581999993,-22.79013522799994,0.0],[-43.39410806199993,-22.788965934999965,0.0],[-43.393560150999974,-22.788391409999974,0.0],[-43.393244756999934,-22.787959093999973,0.0],[-43.393099732999985,-22.787867321999954,0.0],[-43.392926159999945,-22.787578097999983,0.0],[-43.392811800999937,-22.787503172999948,0.0],[-43.39279120499998,-22.787402973999974,0.0],[-43.392256032999967,-22.786880963999977,0.0],[-43.392044871999985,-22.786456856999962,0.0],[-43.391996177999943,-22.786456365999982,0.0],[-43.391997236999941,-22.786366064999982,0.0],[-43.391948542999955,-22.786365573999944,0.0],[-43.39195013099993,-22.786230122999939,0.0],[-43.391901437999934,-22.786229631999959,0.0],[-43.39174713899996,-22.785892300999933,0.0],[-43.391401390999931,-22.785577504999935,0.0],[-43.391394609999963,-22.784917686999961,0.0],[-43.392109293999965,-22.783563674999982,0.0],[-43.39350363099993,-22.784048709999979,0.0],[-43.394716147999929,-22.784200818999977,0.0],[-43.395344142999932,-22.784424409999929,0.0],[-43.395882602999961,-22.784989027999927,0.0],[-43.395774618999951,-22.785404652999944,0.0],[-43.39593285199993,-22.785947302999944,0.0],[-43.396240911999939,-22.786552710999956,0.0],[-43.397082719999958,-22.787295627999981,0.0],[-43.397574414999951,-22.787309875999938,0.0],[-43.398315727999943,-22.787039695999965,0.0],[-43.398832202999984,-22.787106695999967,0.0],[-43.399307930999953,-22.787402776999954,0.0],[-43.399502336999944,-22.787762189999967,0.0],[-43.399690410999938,-22.789521883999953,0.0],[-43.399946727999975,-22.789932292999936,0.0],[-43.400574695999978,-22.790331659999936,0.0],[-43.401241641999945,-22.790590318999932,0.0],[-43.401465425999959,-22.790481349999936,0.0],[-43.402059022999936,-22.789825937999979,0.0],[-43.401919877999944,-22.78969927299994,0.0],[-43.401868964999949,-22.789556326999957,0.0],[-43.401882441999931,-22.789156107999929,0.0],[-43.401645472999974,-22.788940387999958,0.0],[-43.401744559999941,-22.788250518999973,0.0],[-43.402236323999944,-22.78883858599994,0.0],[-43.402744599999949,-22.788853298999982,0.0],[-43.403427801999953,-22.788767701999973,0.0],[-43.404394214999968,-22.78914113299993,0.0],[-43.404949372999965,-22.789071573999934,0.0],[-43.405254915999933,-22.78953899499993,0.0],[-43.406575477999979,-22.790544806999947,0.0],[-43.406866127999933,-22.79099763499994,0.0],[-43.406868135999957,-22.791190720999964,0.0],[-43.406313741999952,-22.791476659999944,0.0],[-43.406195550999939,-22.792393207999964,0.0],[-43.406019092999941,-22.79276736099996,0.0],[-43.405478445999961,-22.793489976999979,0.0],[-43.40546403899998,-22.793918120999933,0.0],[-43.405756048999933,-22.794291709999982,0.0],[-43.40604407099994,-22.794386344999964,0.0],[-43.406419509999978,-22.794308229999956,0.0],[-43.407197088999965,-22.793953983999927,0.0],[-43.407669098999975,-22.79387253699997,0.0],[-43.408152031999975,-22.793340623999939,0.0],[-43.409481292999942,-22.79187651899997,0.0],[-43.40997909999993,-22.791328208999971,0.0],[-43.409121499999969,-22.790367697999955,0.0],[-43.408977605999951,-22.789952605999929,0.0],[-43.40887838499998,-22.789908294999975,0.0],[-43.408773848999942,-22.789873548999935,0.0],[-43.408504149999942,-22.789783904999979,0.0],[-43.408149624999965,-22.789631349999979,0.0],[-43.407913899999983,-22.789338734999944,0.0],[-43.407753705999937,-22.789164214999971,0.0],[-43.407752882999944,-22.789163318999954,0.0],[-43.407654201999947,-22.789055811999958,0.0],[-43.40745911199997,-22.788728196999955,0.0],[-43.407381734999944,-22.788599505999969,0.0],[-43.406937640999956,-22.788002616999961,0.0],[-43.406530940999971,-22.787321199999951,0.0],[-43.406347876999973,-22.786858730999938,0.0],[-43.406162690999963,-22.786224033999929,0.0],[-43.406047184999977,-22.786122401999933,0.0],[-43.405725301999951,-22.785911014999954,0.0],[-43.405379138999933,-22.78574408999998,0.0],[-43.405008296999938,-22.785613946999945,0.0],[-43.404627374999961,-22.785496341999931,0.0],[-43.404271156999982,-22.785340061999932,0.0],[-43.403905804999965,-22.785198679999951,0.0],[-43.403566204999947,-22.785020346999943,0.0],[-43.40326572999993,-22.784786319999967,0.0],[-43.403047631999982,-22.784478791999959,0.0],[-43.403001475999986,-22.78439764899997,0.0],[-43.402726451999968,-22.784154959999967,0.0],[-43.40251885999993,-22.783833148999975,0.0],[-43.402234187999966,-22.78399959199993,0.0],[-43.402093143999934,-22.784780499999954,0.0],[-43.402116613999965,-22.785535638999932,0.0],[-43.402718523999965,-22.786074968999969,0.0],[-43.402781059999938,-22.786554553999963,0.0],[-43.402665002999981,-22.786851274999947,0.0],[-43.402315066999961,-22.786921308999979,0.0],[-43.40233981199998,-22.786807806999946,0.0],[-43.40254714799994,-22.786719600999959,0.0],[-43.402538612999933,-22.786445103999938,0.0],[-43.402298930999962,-22.786337267999954,0.0],[-43.40225585099995,-22.785813531999963,0.0],[-43.40206274999997,-22.785726651999937,0.0],[-43.401939761999984,-22.785545792999983,0.0],[-43.401724221999984,-22.785480134999943,0.0],[-43.401690230999975,-22.78436542299994,0.0],[-43.401577561999943,-22.784210028999951,0.0],[-43.40121123199998,-22.784125228999983,0.0],[-43.401158098999986,-22.783897747999958,0.0],[-43.401323855999976,-22.783758397999975,0.0],[-43.40163387299998,-22.783626507999941,0.0],[-43.402009575999955,-22.783554980999952,0.0],[-43.402498110999943,-22.783800983999981,0.0],[-43.402470699999981,-22.783758489999968,0.0],[-43.402375669999969,-22.783462282999949,0.0],[-43.402249789999985,-22.782547359999967,0.0],[-43.40223367699997,-22.782539224999937,0.0],[-43.40220142499993,-22.782532036999953,0.0],[-43.40193801199996,-22.782319241999971,0.0],[-43.401736872999948,-22.782096939999974,0.0],[-43.401687326999934,-22.782042181999941,0.0],[-43.401433071999975,-22.781762466999965,0.0],[-43.401307196999937,-22.781609138999954,0.0],[-43.401190109999959,-22.781466516999956,0.0],[-43.400933251999959,-22.781184607999933,0.0],[-43.400928032999957,-22.781180406999965,0.0],[-43.400631529999941,-22.780941714999983,0.0],[-43.400595983999949,-22.780915894999964,0.0],[-43.400307896999948,-22.78070663699998,0.0],[-43.400122275999934,-22.780528502999971,0.0],[-43.400036476999958,-22.780446164999944,0.0],[-43.399898943999972,-22.780302730999949,0.0],[-43.399766471999953,-22.780164574999958,0.0],[-43.399692181999967,-22.780093708999971,0.0],[-43.399492819999978,-22.77990353499996,0.0],[-43.399403451999945,-22.779801822999957,0.0],[-43.399306193999962,-22.779691130999936,0.0],[-43.399246564999942,-22.779623264999941,0.0],[-43.399169184999948,-22.779550546999928,0.0],[-43.398966220999966,-22.779359811999939,0.0],[-43.398911364999947,-22.779286,0.0],[-43.398741171999973,-22.779056994999962,0.0],[-43.398464239999953,-22.778801881999982,0.0],[-43.39836584699998,-22.778726249999977,0.0],[-43.398163654999962,-22.778570826999953,0.0],[-43.397863776999941,-22.778337429999965,0.0],[-43.397597004999966,-22.778071671999953,0.0],[-43.397438879999982,-22.777950664999935,0.0],[-43.397399224999958,-22.777920319999964,0.0],[-43.39729409499995,-22.777839866999955,0.0],[-43.397130911999966,-22.777659583999935,0.0],[-43.397105394999983,-22.777631391999932,0.0],[-43.397033329999942,-22.777551771999981,0.0],[-43.396745762999956,-22.777292565999971,0.0],[-43.396745064999948,-22.777291936999973,0.0],[-43.396681229999956,-22.777231765999943,0.0],[-43.396679827999947,-22.77723044499993,0.0],[-43.396660026999939,-22.777211780999949,0.0],[-43.396471579999968,-22.777034149999963,0.0],[-43.396212674999958,-22.776762234999978,0.0],[-43.396030426999971,-22.776566281999976,0.0],[-43.395951441999955,-22.776481356999966,0.0],[-43.395682234999981,-22.776216204999969,0.0],[-43.39556314899994,-22.776131894999935,0.0],[-43.395368309999981,-22.775993951999965,0.0],[-43.395055364999962,-22.775771434999967,0.0],[-43.394736494999961,-22.775555905999965,0.0],[-43.394452496999975,-22.775306494999938,0.0],[-43.394171349999965,-22.775055216999931,0.0],[-43.393925176999971,-22.774761214999955,0.0],[-43.393747848999965,-22.774591557999941,0.0],[-43.393653,-22.774500811999928,0.0],[-43.393404034999946,-22.774220869999965,0.0],[-43.393309194999972,-22.774111308999977,0.0],[-43.393157659999986,-22.773936251999942,0.0],[-43.392983389999984,-22.773738293999941,0.0],[-43.392905944999939,-22.773650319999945,0.0],[-43.392642266999985,-22.773379526999975,0.0],[-43.39234083499997,-22.773139421999929,0.0],[-43.392030904999956,-22.772918194999932,0.0],[-43.39175242999994,-22.772655561999954,0.0],[-43.391473136999934,-22.77239635199993,0.0],[-43.391183376999948,-22.772149587999934,0.0],[-43.390928944999985,-22.771871661999967,0.0],[-43.390695925999978,-22.771578146999957,0.0],[-43.390472889999955,-22.771272449999969,0.0],[-43.390267804999951,-22.770964041999946,0.0],[-43.38997822999994,-22.770710234999967,0.0],[-43.389898924999954,-22.770631402999982,0.0],[-43.38971003499995,-22.770443636999971,0.0],[-43.389414079999938,-22.770194189999927,0.0],[-43.389154066999936,-22.769911056999945,0.0],[-43.38888781199995,-22.769637161999981,0.0],[-43.388596964999977,-22.769392821999929,0.0],[-43.388309526999933,-22.769139754999969,0.0],[-43.38817666999995,-22.769026359999941,0.0],[-43.388016989999983,-22.768890069999941,0.0],[-43.387709924999967,-22.768658569999957,0.0],[-43.387445824999929,-22.768392189999929,0.0],[-43.387179084999957,-22.76812704699995,0.0],[-43.386888047999946,-22.767888976999927,0.0],[-43.385214125999937,-22.766938013999948,0.0],[-43.384154217999935,-22.766771800999948,0.0],[-43.382652150999945,-22.766186473999937,0.0],[-43.380251120999958,-22.766006641999979,0.0],[-43.376960915999973,-22.765403105999951,0.0],[-43.375844539999946,-22.76528809499996,0.0],[-43.375121779999972,-22.764969768999947,0.0],[-43.371377195999969,-22.764146452999967,0.0],[-43.371187651999946,-22.764183944999957,0.0],[-43.370798019999938,-22.764143391999937,0.0],[-43.370286001999943,-22.764013159999934,0.0],[-43.370227331999956,-22.764003474999981,0.0],[-43.369519191999984,-22.763886574999958,0.0],[-43.368651045999968,-22.763620018999973,0.0],[-43.36847380699993,-22.763565599999936,0.0],[-43.366250894999951,-22.76311869999995,0.0],[-43.365341974999978,-22.762935959999936,0.0],[-43.364605389999952,-22.762813170999948,0.0],[-43.364136142999939,-22.762734947999945,0.0],[-43.363725961999933,-22.762666569999965,0.0],[-43.36367063199998,-22.762661882999964,0.0],[-43.36218265499997,-22.762535819999982,0.0],[-43.361193005999951,-22.762302644999977,0.0],[-43.356218923999961,-22.761407402999964,0.0],[-43.354379922999954,-22.760973830999944,0.0],[-43.346626667999942,-22.75975350799996,0.0],[-43.342000771999949,-22.75872080399995,0.0],[-43.338004737999938,-22.757928585999935,0.0],[-43.338004692999959,-22.757928576999973,0.0],[-43.335889686999963,-22.757544421999967,0.0],[-43.335640897999951,-22.757460474999959,0.0],[-43.334668591999957,-22.757289682999954,0.0],[-43.32945075799995,-22.756113236999965,0.0],[-43.32945497999998,-22.756905539999934,0.0]],[[-43.333652849999964,-22.760334098999977,0.0],[-43.333411502999979,-22.760231187999977,0.0],[-43.333367516999942,-22.760142432999942,0.0],[-43.333614243999932,-22.759872062999932,0.0],[-43.333689577999962,-22.759649120999939,0.0],[-43.333638975999975,-22.758969304999937,0.0],[-43.333717080999975,-22.758744257999979,0.0],[-43.333773795999946,-22.759052184999973,0.0],[-43.33413668299994,-22.759170899999958,0.0],[-43.334038084999975,-22.760004379999941,0.0],[-43.333758329999966,-22.760060258999943,0.0],[-43.333677530999978,-22.760525792999942,0.0],[-43.333652849999964,-22.760334098999977,0.0]],[[-43.35584093999995,-22.763781008999956,0.0],[-43.356522798999947,-22.763814447999948,0.0],[-43.356640637999931,-22.764012678999961,0.0],[-43.356517662999977,-22.764194376999967,0.0],[-43.356605854999941,-22.764443157999949,0.0],[-43.356516778999946,-22.764888281999959,0.0],[-43.356591467999976,-22.765633065999964,0.0],[-43.356516366999983,-22.765948445999982,0.0],[-43.356349975999933,-22.766232391999949,0.0],[-43.355957921999959,-22.766669140999966,0.0],[-43.355351433999942,-22.766977572999963,0.0],[-43.35483822499998,-22.767104556999982,0.0],[-43.353742537999949,-22.76679618299994,0.0],[-43.353341796999985,-22.766594211999973,0.0],[-43.352971338999964,-22.766215048999982,0.0],[-43.352784268999983,-22.765754433999973,0.0],[-43.352737300999934,-22.764839596999934,0.0],[-43.352848495999979,-22.764463176999982,0.0],[-43.353102680999939,-22.764162762999945,0.0],[-43.353638838999984,-22.763934826999957,0.0],[-43.354222601999936,-22.763770025999975,0.0],[-43.355089782999983,-22.763669207999953,0.0],[-43.35584093999995,-22.763781008999956,0.0]],[[-43.372172157999955,-22.765252493999981,0.0],[-43.371632661999968,-22.764760568999975,0.0],[-43.371786113999974,-22.764653202999966,0.0],[-43.372224931999938,-22.764516277999974,0.0],[-43.37263629399996,-22.764576946999966,0.0],[-43.372746693999943,-22.764727311999934,0.0],[-43.372604571999943,-22.764940476999982,0.0],[-43.372553398999969,-22.765131742999927,0.0],[-43.372665186999939,-22.765307958999983,0.0],[-43.372356345999947,-22.765324607999958,0.0],[-43.372172157999955,-22.765252493999981,0.0]],[[-43.382632957999931,-22.775163060999944,0.0],[-43.382633489999932,-22.775117910999938,0.0],[-43.382487420999951,-22.775116429999969,0.0],[-43.382391106999933,-22.775025141999947,0.0],[-43.382293727999979,-22.775024154999983,0.0],[-43.381716377999965,-22.774431274999927,0.0],[-43.381157223999935,-22.773786520999977,0.0],[-43.380751348999979,-22.77367371899993,0.0],[-43.37992234099994,-22.773780888999966,0.0],[-43.379510203999985,-22.773873751999929,0.0],[-43.379193606999934,-22.773638021999943,0.0],[-43.378994095999985,-22.773577210999974,0.0],[-43.37880574199994,-22.773300103999929,0.0],[-43.378744177999977,-22.772601727999927,0.0],[-43.378857229999937,-22.772218792999979,0.0],[-43.379302291999977,-22.771422396999981,0.0],[-43.379291723999984,-22.771080541999936,0.0],[-43.378215153999975,-22.770713272999956,0.0],[-43.377960551999934,-22.770452784999975,0.0],[-43.377919034999934,-22.770238387999939,0.0],[-43.377515833999951,-22.769710863999933,0.0],[-43.376766017999955,-22.768917147999957,0.0],[-43.376644515999942,-22.768883590999963,0.0],[-43.376605748999964,-22.768286100999944,0.0],[-43.37683136499993,-22.767582707999964,0.0],[-43.376984285999981,-22.767263843999956,0.0],[-43.377127646999952,-22.767159749999962,0.0],[-43.377176333999955,-22.767160244999957,0.0],[-43.377326727999957,-22.766887048999934,0.0],[-43.377648616999977,-22.766710183999976,0.0],[-43.378107245999956,-22.766672993999975,0.0],[-43.378107779999937,-22.766627842999981,0.0],[-43.378436429999965,-22.766469184999949,0.0],[-43.379103719999932,-22.766478608999932,0.0],[-43.379377439999985,-22.766533502999948,0.0],[-43.37977211599997,-22.766817594999964,0.0],[-43.380276140999968,-22.767314872999975,0.0],[-43.381131359999983,-22.768769449999979,0.0],[-43.381379262999985,-22.76899521699994,0.0],[-43.382041002999983,-22.769136974999981,0.0],[-43.382742886999949,-22.76936774099994,0.0],[-43.383778751999955,-22.769983714999967,0.0],[-43.384116027999937,-22.770316450999928,0.0],[-43.384206286999984,-22.771966407999969,0.0],[-43.384301907999941,-22.772424744999967,0.0],[-43.384583029999931,-22.772889035999981,0.0],[-43.384871271999941,-22.773068483999964,0.0],[-43.385515416999965,-22.772126546999971,0.0],[-43.386469395999939,-22.771378736999964,0.0],[-43.38751360699996,-22.771389117999945,0.0],[-43.387887632999934,-22.77157260499996,0.0],[-43.388816045999931,-22.772488453999983,0.0],[-43.38895909799993,-22.773410187999957,0.0],[-43.388846297999976,-22.773985585999981,0.0],[-43.388677142999938,-22.774360529999967,0.0],[-43.388417354999945,-22.774815916999955,0.0],[-43.387940407999963,-22.775307772999952,0.0],[-43.387309039999934,-22.775666936999983,0.0],[-43.38677910499996,-22.775722740999981,0.0],[-43.386487422999949,-22.775626852999949,0.0],[-43.385965521999935,-22.775326096999947,0.0],[-43.385371350999947,-22.774739954999973,0.0],[-43.384891078999942,-22.774170378999941,0.0],[-43.384695038999951,-22.774648852999974,0.0],[-43.38435309099998,-22.775033013999973,0.0],[-43.383809783999936,-22.77527067699998,0.0],[-43.383180060999962,-22.775326198999949,0.0],[-43.382700941999985,-22.775230127999976,0.0],[-43.382632957999931,-22.775163060999944,0.0]],[[-43.389882406999959,-22.77568793699993,0.0],[-43.38991475399996,-22.775079707999964,0.0],[-43.390055556999982,-22.77468238199998,0.0],[-43.390569342999981,-22.77428856399996,0.0],[-43.391240141999958,-22.774016374999974,0.0],[-43.391556374999936,-22.774007942999958,0.0],[-43.391936934999933,-22.774079300999972,0.0],[-43.392733109999938,-22.774353390999977,0.0],[-43.393332439999938,-22.774674238999978,0.0],[-43.393996159999972,-22.775257053999951,0.0],[-43.394191963999958,-22.775609385999928,0.0],[-43.394117816999938,-22.776205680999965,0.0],[-43.394004221999978,-22.776526259999969,0.0],[-43.393481435999945,-22.776815902999942,0.0],[-43.392926609999961,-22.777033802999938,0.0],[-43.392147415999943,-22.77721476499994,0.0],[-43.391661523999971,-22.777227721999964,0.0],[-43.390786387999981,-22.777038119999929,0.0],[-43.390260271999978,-22.776685179999959,0.0],[-43.390065529999958,-22.776659550999966,0.0],[-43.389863704999982,-22.776437478999981,0.0],[-43.389810513999976,-22.775744118999967,0.0],[-43.389882406999959,-22.77568793699993,0.0]],[[-43.374921319999942,-22.776665157999958,0.0],[-43.375016153999979,-22.776693373999933,0.0],[-43.375506331999929,-22.777245180999955,0.0],[-43.375717170999962,-22.777799026999958,0.0],[-43.375605165999957,-22.778472376999957,0.0],[-43.37549413399995,-22.778749704999939,0.0],[-43.37527692499998,-22.779031413999974,0.0],[-43.375044364999951,-22.779219876999946,0.0],[-43.374807471999929,-22.779349491999938,0.0],[-43.37474422799994,-22.779282383999941,0.0],[-43.374488995999968,-22.779405560999976,0.0],[-43.374215556999957,-22.779387651999969,0.0],[-43.37382501299993,-22.779185668999958,0.0],[-43.373117104999949,-22.77841432799994,0.0],[-43.37295873599993,-22.777909515999966,0.0],[-43.372543673999985,-22.777806595999948,0.0],[-43.372552882999969,-22.777685727999938,0.0],[-43.373328772999969,-22.776698120999981,0.0],[-43.373634799999934,-22.776450119999936,0.0],[-43.373816327999975,-22.776191762999929,0.0],[-43.374284331999945,-22.776140649999945,0.0],[-43.374523112999952,-22.776264142999935,0.0],[-43.374654550999935,-22.776460510999982,0.0],[-43.374921319999942,-22.776665157999958,0.0]],[[-43.38715154199997,-22.777715991999969,0.0],[-43.387160586999983,-22.777597104999927,0.0],[-43.387464411999986,-22.777538758999981,0.0],[-43.387653139999941,-22.777636343999973,0.0],[-43.387747703999935,-22.77783302399996,0.0],[-43.387735256999974,-22.777996610999935,0.0],[-43.38724775299994,-22.77807589899993,0.0],[-43.387175275999937,-22.778144170999951,0.0],[-43.38715154199997,-22.777715991999969,0.0]],[[-43.385482961999969,-22.782596178999938,0.0],[-43.385575653999979,-22.782295082999951,0.0],[-43.385822534999932,-22.782155151999973,0.0],[-43.386204404999944,-22.782087168999965,0.0],[-43.386321272999965,-22.782284372999982,0.0],[-43.386121016999937,-22.782440855999937,0.0],[-43.385997889999942,-22.782689397999945,0.0],[-43.385685168999942,-22.782849564999935,0.0],[-43.385610074999931,-22.78286970399995,0.0],[-43.385482961999969,-22.782596178999938,0.0]],[[-43.371829580999986,-22.780541690999939,0.0],[-43.371789055999955,-22.780232794999961,0.0],[-43.372120817999985,-22.780103377999978,0.0],[-43.372205734999966,-22.779688023999938,0.0],[-43.372347443999956,-22.779849807999938,0.0],[-43.372417755999948,-22.780220500999974,0.0],[-43.372315948999983,-22.780544365999958,0.0],[-43.371882290999963,-22.78058320599996,0.0],[-43.371829580999986,-22.780541690999939,0.0]]]]}},
{"type":"Feature","properties":{"OBJECTID":238,"uf":"RJ","geometria":"Sim","municipio":"SÃO JOÃO DE MERITI","processo":"Inundação","classe":"Média","fonte":"Produto obtido através da modelagem (ver Nota Técnica Explicativa do projeto) validado por trabalho de campo pela CPRM entre os anos de 2012 e 2014.","execucao":"CPRM (2013)","projeto":"Cartas de Suscetibilidade a Movimentos Gravitacionais de Massa e Inundações. Tema: Inundação.","ano":2013,"executor":"CPRM","shape_Length":0.003625331323435167,"shape_Area":1.5249500675025653e-07},"geometry":{"type":"MultiPolygon","coordinates":[[[[-43.350779314999954,-22.779804093999928,0.0],[-43.351068462999933,-22.779649253999935,0.0],[-43.351366824999957,-22.779357251999954,0.0],[-43.351964155999951,-22.778461677999928,0.0],[-43.351348371999961,-22.779202056999964,0.0],[-43.350979622999944,-22.77949007199993,0.0],[-43.350779314999954,-22.779804093999928,0.0]]]]}},
{"type":"Feature","properties":{"OBJECTID":242,"uf":"RJ","geometria":"Sim","municipio":"SÃO JOÃO DE MERITI","processo":"Inundação","classe":"Média","fonte":"Produto obtido através da modelagem (ver Nota Técnica Explicativa do projeto) validado por trabalho de campo pela CPRM entre os anos de 2012 e 2014.","execucao":"CPRM (2013)","projeto":"Cartas de Suscetibilidade a Movimentos Gravitacionais de Massa e Inundações. Tema: Inundação.","ano":2013,"executor":"CPRM","shape_Length":0.15311948321265262,"shape_Area":3.6753204167794493e-05},"geometry":{"type":"MultiPolygon","coordinates":[[[[-43.363753913999972,-22.794342283999981,0.0],[-43.363607826999953,-22.794340784999974,0.0],[-43.363607287999969,-22.79438593499998,0.0],[-43.363265338999952,-22.794472735999932,0.0],[-43.363533839999945,-22.794636126999933,0.0],[-43.364139314999932,-22.794645095999954,0.0],[-43.364635848999967,-22.794522240999981,0.0],[-43.364717772999938,-22.794453401999931,0.0],[-43.364993335999941,-22.79392718899993,0.0],[-43.366175834999979,-22.794038169999965,0.0],[-43.366570535999983,-22.793763904999935,0.0],[-43.366799473999947,-22.793757837999976,0.0],[-43.367036636999956,-22.794146767999962,0.0],[-43.367131370999971,-22.794591012999945,0.0],[-43.367151776999947,-22.795253092999928,0.0],[-43.367033531999937,-22.795478899999978,0.0],[-43.366538035999952,-22.795975451999936,0.0],[-43.366188662999946,-22.796825465999973,0.0],[-43.365903859999946,-22.796914753999943,0.0],[-43.365615354999932,-22.796833419999928,0.0],[-43.36516613799995,-22.796472625999968,0.0],[-43.36521750299994,-22.796222432999969,0.0],[-43.365412434999939,-22.796058647999928,0.0],[-43.365448964999985,-22.795390862999966,0.0],[-43.364976630999934,-22.794943455999942,0.0],[-43.364419472999941,-22.795081311999979,0.0],[-43.364352266999958,-22.795137782999973,0.0],[-43.364299864999964,-22.795422448999943,0.0],[-43.364037183999983,-22.795586104999927,0.0],[-43.363297305999936,-22.795435631999965,0.0],[-43.36226000399995,-22.795482627999945,0.0],[-43.361470400999963,-22.795614010999941,0.0],[-43.36113260299993,-22.795738618999962,0.0],[-43.360643359999983,-22.795795496999972,0.0],[-43.360399998999981,-22.795911708999938,0.0],[-43.359922899999958,-22.795991088999983,0.0],[-43.359534649999944,-22.796317276999957,0.0],[-43.359283208999955,-22.796764627999949,0.0],[-43.359600383999975,-22.797459425999932,0.0],[-43.359529445999954,-22.797990489999961,0.0],[-43.359298142999933,-22.798216851999939,0.0],[-43.358761663999985,-22.798513863999972,0.0],[-43.358467105999978,-22.798554266999929,0.0],[-43.357585356999948,-22.799133924999978,0.0],[-43.356950109999957,-22.799343542999964,0.0],[-43.356925912999941,-22.799785431999965,0.0],[-43.357026935999954,-22.800418607999973,0.0],[-43.357191905999969,-22.800781643999983,0.0],[-43.356895658999974,-22.800865257999931,0.0],[-43.356830866999985,-22.800975796999978,0.0],[-43.356778198999962,-22.801390730999969,0.0],[-43.356428195999968,-22.801773427999933,0.0],[-43.356091452999976,-22.801868468999942,0.0],[-43.356436346999942,-22.802100612999936,0.0],[-43.356855898999981,-22.802041211999949,0.0],[-43.35735232899998,-22.801846419999947,0.0],[-43.357589141999938,-22.801840161999962,0.0],[-43.357856952999953,-22.801921820999951,0.0],[-43.358014035999929,-22.802204595999967,0.0],[-43.358142793999946,-22.802715387999967,0.0],[-43.358319931999972,-22.802747229999966,0.0],[-43.358490253999946,-22.802787938999927,0.0],[-43.35849030299994,-22.802787948999935,0.0],[-43.358652025999959,-22.802811024999983,0.0],[-43.358906204999982,-22.802476578999972,0.0],[-43.358965482999963,-22.80187319199996,0.0],[-43.359160804999931,-22.80163196899997,0.0],[-43.359672644999932,-22.801282393999941,0.0],[-43.359972765999942,-22.801274456999977,0.0],[-43.360194887999967,-22.801374455999962,0.0],[-43.360770282999965,-22.801873035999961,0.0],[-43.361056239999982,-22.80196927399993,0.0],[-43.36178382099996,-22.802026565999938,0.0],[-43.361954486999934,-22.802176463999956,0.0],[-43.361842776999936,-22.802734581999971,0.0],[-43.362034617999939,-22.803044945999943,0.0],[-43.362508438999953,-22.803283659999977,0.0],[-43.362969011999951,-22.803424076999931,0.0],[-43.363353917999973,-22.803639220999969,0.0],[-43.363562218999959,-22.803896917999964,0.0],[-43.363572849999969,-22.804242061999958,0.0],[-43.364208092999945,-22.804168167999933,0.0],[-43.364150844999983,-22.803852429999949,0.0],[-43.36410833399998,-22.80348903099997,0.0],[-43.363935607999963,-22.803275338999981,0.0],[-43.364058750999959,-22.803040203999956,0.0],[-43.364437791999933,-22.802952266999966,0.0],[-43.365477694999981,-22.803347398999961,0.0],[-43.366705694999951,-22.803536521999945,0.0],[-43.367382112999962,-22.804198833999976,0.0],[-43.367650115999936,-22.804211428999963,0.0],[-43.368046490999973,-22.80407298199998,0.0],[-43.368989039999974,-22.803543942999966,0.0],[-43.369578812999976,-22.803528313999948,0.0],[-43.370105295999963,-22.803918125999928,0.0],[-43.370364622999944,-22.804220295999983,0.0],[-43.370447746999957,-22.804528215999937,0.0],[-43.370376544999942,-22.804728995999938,0.0],[-43.370223579999958,-22.804818376999947,0.0],[-43.370129823999946,-22.804997405999927,0.0],[-43.36970579299998,-22.80514551899995,0.0],[-43.369656156999952,-22.805230212999959,0.0],[-43.369470356999955,-22.805211565999969,0.0],[-43.370056219999981,-22.805312211999933,0.0],[-43.370292866999932,-22.805385874999956,0.0],[-43.370479269999976,-22.805572366999968,0.0],[-43.370571798999947,-22.805652097999939,0.0],[-43.370799749999946,-22.805398184999945,0.0],[-43.370806480999931,-22.804647681999938,0.0],[-43.37152514099995,-22.804240715999981,0.0],[-43.372065619999944,-22.803855529999964,0.0],[-43.372467075999964,-22.80348668299996,0.0],[-43.372579152999947,-22.803483709999966,0.0],[-43.372584614999937,-22.803660611999931,0.0],[-43.372334498999976,-22.803753858999983,0.0],[-43.372278267999945,-22.803962492999972,0.0],[-43.372039599999937,-22.804063953999957,0.0],[-43.371970264999959,-22.804259483999942,0.0],[-43.37175857099993,-22.804349473999935,0.0],[-43.371688517999985,-22.804483259999927,0.0],[-43.37115267799993,-22.804994593999936,0.0],[-43.371217515999945,-22.805568050999966,0.0],[-43.372230987999956,-22.806395258999942,0.0],[-43.372188724999944,-22.80585296199996,0.0],[-43.372045844999946,-22.80565095999998,0.0],[-43.371852570999977,-22.80499674999993,0.0],[-43.371595641999932,-22.804755019999959,0.0],[-43.371821863999969,-22.804669350999973,0.0],[-43.371895388999974,-22.804440520999947,0.0],[-43.372072797999977,-22.804373336999959,0.0],[-43.372171467999976,-22.804162749999932,0.0],[-43.37233432499994,-22.804073302999939,0.0],[-43.372761658999934,-22.803622598999937,0.0],[-43.373225567999953,-22.803564825999956,0.0],[-43.373449412999946,-22.803592962999971,0.0],[-43.373614427999939,-22.804738626999949,0.0],[-43.374225432999935,-22.805099687999927,0.0],[-43.374982444999944,-22.805306003999931,0.0],[-43.375226477999945,-22.805528205999963,0.0],[-43.375469547999955,-22.805977724999934,0.0],[-43.375566327999934,-22.80644168799995,0.0],[-43.375399098999935,-22.807021542999962,0.0],[-43.374231511999938,-22.807521451999946,0.0],[-43.37387500899996,-22.807405460999973,0.0],[-43.373594331999982,-22.807439303999956,0.0],[-43.373954849999961,-22.807484759999966,0.0],[-43.374148304999949,-22.807516594999981,0.0],[-43.374319721999939,-22.807577814999945,0.0],[-43.37433095199998,-22.807583542999964,0.0],[-43.374817114999985,-22.807570639999938,0.0],[-43.375187453999956,-22.807664648999946,0.0],[-43.375720739999963,-22.807478360999937,0.0],[-43.375842655999975,-22.806966272999944,0.0],[-43.375661656999966,-22.806640545999983,0.0],[-43.375598458999946,-22.80602589199998,0.0],[-43.375373492999984,-22.805440087999955,0.0],[-43.375115681999944,-22.805252598999971,0.0],[-43.37430717899997,-22.804888711999979,0.0],[-43.373654980999959,-22.804315971999927,0.0],[-43.373594606999973,-22.80350285399993,0.0],[-43.372583612999961,-22.803439580999964,0.0],[-43.372750430999986,-22.802013741999929,0.0],[-43.372689702999935,-22.801729019999982,0.0],[-43.37302386999994,-22.80161228299994,0.0],[-43.373781204999943,-22.800970903999939,0.0],[-43.374060790999977,-22.800883240999951,0.0],[-43.374484164999956,-22.801033641999936,0.0],[-43.374639612999943,-22.801248094999949,0.0],[-43.374845837999942,-22.802565743999935,0.0],[-43.374826692999932,-22.802916204999974,0.0],[-43.374960613999974,-22.803113206999967,0.0],[-43.375483317999965,-22.803417304999982,0.0],[-43.375921184999982,-22.803564613999981,0.0],[-43.376657397999963,-22.803470490999928,0.0],[-43.376866206999978,-22.803653850999979,0.0],[-43.37691405399994,-22.804298003999975,0.0],[-43.377574436999964,-22.805423842999971,0.0],[-43.377580630999944,-22.805624261999981,0.0],[-43.377230379999958,-22.805882650999934,0.0],[-43.376499162999949,-22.805929333999927,0.0],[-43.376300793999974,-22.806234428999971,0.0],[-43.37610400899996,-22.806399778999946,0.0],[-43.376170530999957,-22.807067194999945,0.0],[-43.376266628999986,-22.807359739999981,0.0],[-43.376578035999955,-22.807499888999928,0.0],[-43.376683258999947,-22.807654660999958,0.0],[-43.37713922699993,-22.808055054999954,0.0],[-43.377334452999946,-22.808622705999937,0.0],[-43.377498449999962,-22.808863927999937,0.0],[-43.377736294999977,-22.808810256999948,0.0],[-43.377849080999965,-22.808293449999951,0.0],[-43.378047624999965,-22.808231198999977,0.0],[-43.378199756999948,-22.80826232499993,0.0],[-43.377541648999966,-22.807586511999943,0.0],[-43.37747940099996,-22.807397037999976,0.0],[-43.377129191999984,-22.807203203999961,0.0],[-43.376300666999953,-22.806449356999963,0.0],[-43.376442132999955,-22.806334739999954,0.0],[-43.376576738999972,-22.806070529999943,0.0],[-43.37716990399997,-22.80601790999998,0.0],[-43.377624382999954,-22.806294670999932,0.0],[-43.377751149999938,-22.806429151999964,0.0],[-43.377880233999974,-22.806452849999971,0.0],[-43.378076104999934,-22.806364531999975,0.0],[-43.378076638999971,-22.80631938199997,0.0],[-43.378549527999951,-22.805740163999928,0.0],[-43.378829002999964,-22.80551371699994,0.0],[-43.379214562999948,-22.805434673999969,0.0],[-43.379806115999941,-22.805473396999957,0.0],[-43.379864008999959,-22.805392548999976,0.0],[-43.379596665999941,-22.805231069999934,0.0],[-43.379529373999958,-22.805091110999967,0.0],[-43.378665593999983,-22.804587863999927,0.0],[-43.377768703999948,-22.804287823999971,0.0],[-43.377658209999936,-22.804058010999938,0.0],[-43.377568263999933,-22.803481323999961,0.0],[-43.37738302799994,-22.803196586999945,0.0],[-43.376347104999979,-22.803278268999975,0.0],[-43.375905818999968,-22.803240865999953,0.0],[-43.375444819999984,-22.803055309999934,0.0],[-43.375149845999942,-22.802665487999946,0.0],[-43.37508364699994,-22.802159331999974,0.0],[-43.375206550999962,-22.80191006299998,0.0],[-43.37526249299998,-22.801121628999965,0.0],[-43.375182994999932,-22.800960904999954,0.0],[-43.37466802299997,-22.800676905999978,0.0],[-43.373431359999984,-22.800215841999943,0.0],[-43.373083190999978,-22.799935760999972,0.0],[-43.373011549999944,-22.800058016999969,0.0],[-43.372941688999958,-22.800717279999958,0.0],[-43.372775549999972,-22.800796628999933,0.0],[-43.372288394999941,-22.800639376999982,0.0],[-43.372186404999979,-22.800918473999957,0.0],[-43.372154666999961,-22.801499202999935,0.0],[-43.372511247999967,-22.802052729999957,0.0],[-43.372217407999983,-22.803388100999939,0.0],[-43.371762266999951,-22.803546601999983,0.0],[-43.371188247999953,-22.80365183999993,0.0],[-43.370701028999974,-22.803478911999946,0.0],[-43.369891411999959,-22.802842778999945,0.0],[-43.369550047999951,-22.802772910999977,0.0],[-43.367926319999981,-22.80328043399993,0.0],[-43.36779865699998,-22.803405382999983,0.0],[-43.367339964999985,-22.80285212299998,0.0],[-43.367146543999979,-22.802754687999936,0.0],[-43.365751246999935,-22.802760448999948,0.0],[-43.365000343999952,-22.802531535999947,0.0],[-43.364448437999954,-22.802243206999947,0.0],[-43.363976488999981,-22.801865071999941,0.0],[-43.363562807999983,-22.801725855999962,0.0],[-43.363081670999975,-22.801695714999937,0.0],[-43.362443510999981,-22.801840192999975,0.0],[-43.362069849999955,-22.801864168999941,0.0],[-43.361588162999965,-22.801777578999975,0.0],[-43.360919524999986,-22.801534438999965,0.0],[-43.36060849699993,-22.801322490999951,0.0],[-43.360301529999958,-22.80087952699995,0.0],[-43.360023155999954,-22.800855904999935,0.0],[-43.35880162199993,-22.801200156999982,0.0],[-43.358435598999961,-22.801434301999961,0.0],[-43.358025974999975,-22.801391322999962,0.0],[-43.357250504999968,-22.80118166699998,0.0],[-43.35707673099995,-22.801045655999928,0.0],[-43.357342842999969,-22.801004510999974,0.0],[-43.357415231999937,-22.800728829999969,0.0],[-43.357322127999964,-22.800251253999932,0.0],[-43.35716555099998,-22.799908737999942,0.0],[-43.35719304099996,-22.799748601999966,0.0],[-43.357407234999982,-22.799695670999938,0.0],[-43.35750423099995,-22.799408584999981,0.0],[-43.35780060299993,-22.799383635999959,0.0],[-43.358045712999967,-22.799250694999955,0.0],[-43.358424621999973,-22.798879887999931,0.0],[-43.359333368999955,-22.798599199999956,0.0],[-43.359649064999985,-22.798424416999978,0.0],[-43.359819295999955,-22.798099392999973,0.0],[-43.359891688999937,-22.797535645999972,0.0],[-43.359724154999981,-22.796470936999981,0.0],[-43.359952519999979,-22.796279076999951,0.0],[-43.360528582999962,-22.796034215999953,0.0],[-43.360865498999942,-22.796103196999979,0.0],[-43.361167713999976,-22.796095195999953,0.0],[-43.361879815999941,-22.795806456999969,0.0],[-43.363102215999959,-22.795578229999933,0.0],[-43.363812422999956,-22.795890984999971,0.0],[-43.365026173999979,-22.795957491999957,0.0],[-43.365070683999932,-22.796153491999974,0.0],[-43.364883987999974,-22.796472052999945,0.0],[-43.364942766999945,-22.79674771699996,0.0],[-43.364990386999978,-22.79683851599998,0.0],[-43.365521204999936,-22.797250357999928,0.0],[-43.366101305999962,-22.797510660999933,0.0],[-43.366421249999973,-22.797452009999972,0.0],[-43.366795405999937,-22.796373611999968,0.0],[-43.367134058999966,-22.796010268999964,0.0],[-43.367940653999938,-22.795464313999958,0.0],[-43.368332370999951,-22.794900962999975,0.0],[-43.367653125999936,-22.794336512999962,0.0],[-43.367318877999935,-22.793513291999943,0.0],[-43.36723912399998,-22.792831620999948,0.0],[-43.367152646999955,-22.792675953999947,0.0],[-43.366807306999931,-22.792685106999954,0.0],[-43.366177383999968,-22.793351994999966,0.0],[-43.36582445199997,-22.793475273999945,0.0],[-43.365016405999938,-22.793586945999948,0.0],[-43.364686881999944,-22.794048797999949,0.0],[-43.36439102199995,-22.794297386999972,0.0],[-43.363753913999972,-22.794342283999981,0.0]]]]}},
{"type":"Feature","properties":{"OBJECTID":247,"uf":"RJ","geometria":"Sim","municipio":"SÃO JOÃO DE MERITI","processo":"Inundação","classe":"Média","fonte":"Produto obtido através da modelagem (ver Nota Técnica Explicativa do projeto) validado por trabalho de campo pela CPRM entre os anos de 2012 e 2014.","execucao":"CPRM (2013)","projeto":"Cartas de Suscetibilidade a Movimentos Gravitacionais de Massa e Inundações. Tema: Inundação.","ano":2013,"executor":"CPRM","shape_Length":0.0038497627215968782,"shape_Area":1.9811167748433843e-07},"geometry":{"type":"MultiPolygon","coordinates":[[[[-43.376766017999955,-22.768917147999957,0.0],[-43.376649216999965,-22.768578572999957,0.0],[-43.377127646999952,-22.767159749999962,0.0],[-43.376984285999981,-22.767263843999956,0.0],[-43.37683136499993,-22.767582707999964,0.0],[-43.376605748999964,-22.768286100999944,0.0],[-43.376644515999942,-22.768883590999963,0.0],[-43.376766017999955,-22.768917147999957,0.0]]]]}},
{"type":"Feature","properties":{"OBJECTID":251,"uf":"RJ","geometria":"Sim","municipio":"SÃO JOÃO DE MERITI","processo":"Inundação","classe":"Média","fonte":"Produto obtido através da modelagem (ver Nota Técnica Explicativa do projeto) validado por trabalho de campo pela CPRM entre os anos de 2012 e 2014.","execucao":"CPRM (2013)","projeto":"Cartas de Suscetibilidade a Movimentos Gravitacionais de Massa e Inundações. Tema: Inundação.","ano":2013,"executor":"CPRM","shape_Length":0.052124180446591138,"shape_Area":1.1109639082091134e-05},"geometry":{"type":"MultiPolygon","coordinates":[[[[-43.351700889999961,-22.788212501999965,0.0],[-43.352546552999968,-22.788977079999938,0.0],[-43.35279643299998,-22.789550352999981,0.0],[-43.353188828999976,-22.789882792999947,0.0],[-43.353273472999945,-22.790147382999976,0.0],[-43.353235115999951,-22.79064985499997,0.0],[-43.353057735999982,-22.790944643999978,0.0],[-43.35217327099997,-22.791419878999932,0.0],[-43.350929795999946,-22.791633898999976,0.0],[-43.350684809999962,-22.791453770999965,0.0],[-43.35026069099996,-22.791297541999938,0.0],[-43.349447273999942,-22.791238440999962,0.0],[-43.349088342999949,-22.79117545899993,0.0],[-43.349036113999944,-22.791120028999956,0.0],[-43.348911007999959,-22.791198218999966,0.0],[-43.348837529999969,-22.791434059999972,0.0],[-43.349368354999967,-22.791586154999948,0.0],[-43.35059492399995,-22.791667107999956,0.0],[-43.350924289999966,-22.792004167999949,0.0],[-43.35145128399995,-22.791809796999928,0.0],[-43.35241304699997,-22.791626613999938,0.0],[-43.352999217999979,-22.791194272999974,0.0],[-43.353321044999973,-22.791302601999973,0.0],[-43.353794210999979,-22.790184654999962,0.0],[-43.353656877999981,-22.789807966999945,0.0],[-43.353127778999976,-22.789582561999964,0.0],[-43.352698138999983,-22.788200182999958,0.0],[-43.352778068999953,-22.787996042999964,0.0],[-43.353112738999982,-22.787646202999952,0.0],[-43.353549904999966,-22.787577707999958,0.0],[-43.353838186999951,-22.787722981999934,0.0],[-43.354209265999941,-22.78826012299993,0.0],[-43.354450313999962,-22.788731198999983,0.0],[-43.354442951999943,-22.788865684999962,0.0],[-43.354247157999964,-22.789199726999982,0.0],[-43.35411959399994,-22.789584956999931,0.0],[-43.354439357999979,-22.790081505999979,0.0],[-43.355264993999981,-22.790023639999959,0.0],[-43.355639415999974,-22.789885530999982,0.0],[-43.355752342999949,-22.790001093999933,0.0],[-43.355899678999947,-22.79044986699995,0.0],[-43.356045944999948,-22.790446,0.0],[-43.356661953999946,-22.78983612899998,0.0],[-43.357073182999954,-22.789781495999932,0.0],[-43.357218428999943,-22.789930124999955,0.0],[-43.357440647999965,-22.790733543999977,0.0],[-43.357616862999976,-22.79095158299998,0.0],[-43.357974916999979,-22.791008257999977,0.0],[-43.358262758999956,-22.791372463999949,0.0],[-43.358445991999986,-22.791789043999927,0.0],[-43.358489214999963,-22.792875686999935,0.0],[-43.358717865999949,-22.79307653799998,0.0],[-43.359014566999974,-22.793602151999949,0.0],[-43.359299786999941,-22.79385268599998,0.0],[-43.359345950999966,-22.794536179999966,0.0],[-43.359291571999961,-22.795208199999934,0.0],[-43.359580948999962,-22.795545459999971,0.0],[-43.359740690999956,-22.795541232999938,0.0],[-43.35982680799998,-22.795073465999963,0.0],[-43.360148161999973,-22.79488570999996,0.0],[-43.360283523999954,-22.794504074999963,0.0],[-43.360505944999943,-22.794514541999945,0.0],[-43.361411431999954,-22.794770461999974,0.0],[-43.362125866999975,-22.794751553999959,0.0],[-43.362191332999942,-22.79468748599993,0.0],[-43.361511208999957,-22.794545032999963,0.0],[-43.361511747999941,-22.794499882999958,0.0],[-43.361365660999979,-22.794498381999972,0.0],[-43.361366200999953,-22.794453231999967,0.0],[-43.361268808999966,-22.79445223099998,0.0],[-43.361172496999984,-22.794360929999982,0.0],[-43.361026409999965,-22.79435942899994,0.0],[-43.360978793999948,-22.79426862899993,0.0],[-43.360881402999951,-22.794267627999943,0.0],[-43.360575710999967,-22.794182965999937,0.0],[-43.360097465999957,-22.794195620999972,0.0],[-43.359948760999941,-22.794686153999976,0.0],[-43.359698748999961,-22.793464387999961,0.0],[-43.359411049999949,-22.793211673999963,0.0],[-43.359358669999949,-22.792883360999951,0.0],[-43.359002682999972,-22.792664995999928,0.0],[-43.358776593999949,-22.791692351999927,0.0],[-43.358574076999957,-22.791220369999962,0.0],[-43.358300992999943,-22.79070440199996,0.0],[-43.358002953999971,-22.790613522999934,0.0],[-43.357847207999953,-22.790298520999954,0.0],[-43.357746306999957,-22.78873793899993,0.0],[-43.35744326799994,-22.788552035999942,0.0],[-43.356414622999978,-22.789152438999963,0.0],[-43.355984706999948,-22.789271850999967,0.0],[-43.355665647999956,-22.789164451999966,0.0],[-43.354486209999948,-22.78939392999996,0.0],[-43.35444010599997,-22.789314826999941,0.0],[-43.354635566999946,-22.789259657999935,0.0],[-43.354690732999984,-22.789154333999932,0.0],[-43.354678122999985,-22.788744214999952,0.0],[-43.35476536699997,-22.788521399999979,0.0],[-43.354094452999959,-22.787605045999953,0.0],[-43.352930685999979,-22.787469202999944,0.0],[-43.352565590999973,-22.787527065999939,0.0],[-43.351993470999957,-22.787811941999962,0.0],[-43.351700889999961,-22.788212501999965,0.0]]]]}},
{"type":"Feature","properties":{"OBJECTID":253,"uf":"RJ","geometria":"Sim","municipio":"SÃO JOÃO DE MERITI","processo":"Inundação","classe":"Baixa","fonte":"Produto obtido através da modelagem (ver Nota Técnica Explicativa do projeto) validado por trabalho de campo pela CPRM entre os anos de 2012 e 2014.","execucao":"CPRM (2013)","projeto":"Cartas de Suscetibilidade a Movimentos Gravitacionais de Massa e Inundações. Tema: Inundação.","ano":2013,"executor":"CPRM","shape_Length":0.0062389970255662171,"shape_Area":1.603376447484406e-06},"geometry":{"type":"MultiPolygon","coordinates":[[[[-43.398175396999932,-22.804327888999978,0.0],[-43.396837050999977,-22.805801621999933,0.0],[-43.397330138999962,-22.806216879999965,0.0],[-43.398718676999977,-22.804701456999965,0.0],[-43.398957545999963,-22.804430120999939,0.0],[-43.398534143999939,-22.803932847999931,0.0],[-43.398175396999932,-22.804327888999978,0.0]]]]}},
{"type":"Feature","properties":{"OBJECTID":254,"uf":"RJ","geometria":"Sim","municipio":"SÃO JOÃO DE MERITI","processo":"Inundação","classe":"Baixa","fonte":"Produto obtido através da modelagem (ver Nota Técnica Explicativa do projeto) validado por trabalho de campo pela CPRM entre os anos de 2012 e 2014.","execucao":"CPRM (2013)","projeto":"Cartas de Suscetibilidade a Movimentos Gravitacionais de Massa e Inundações. Tema: Inundação.","ano":2013,"executor":"CPRM","shape_Length":0.0087339269284147508,"shape_Area":5.6777086522063151e-07},"geometry":{"type":"MultiPolygon","coordinates":[[[[-43.385589822999975,-22.805266762999963,0.0],[-43.386116665999964,-22.805241499999966,0.0],[-43.386678465999978,-22.805136148999964,0.0],[-43.387272566999968,-22.805175013999929,0.0],[-43.387741945999949,-22.80537224699998,0.0],[-43.388043602999971,-22.805572170999937,0.0],[-43.388584400999946,-22.805655911999963,0.0],[-43.389052508999953,-22.805470516999947,0.0],[-43.389494075999949,-22.805121245999942,0.0],[-43.389562135999938,-22.804914769999982,0.0],[-43.389491153999984,-22.804854669999941,0.0],[-43.389352403999965,-22.805072266999957,0.0],[-43.388908277999974,-22.805405365999945,0.0],[-43.388305331999959,-22.805444156999954,0.0],[-43.387068559999932,-22.804989900999942,0.0],[-43.386528221999981,-22.80503155699995,0.0],[-43.385589822999975,-22.805266762999963,0.0]]]]}},
{"type":"Feature","properties":{"OBJECTID":262,"uf":"RJ","geometria":"Sim","municipio":"SÃO JOÃO DE MERITI","processo":"Inundação","classe":"Média","fonte":"Produto obtido através da modelagem (ver Nota Técnica Explicativa do projeto) validado por trabalho de campo pela CPRM entre os anos de 2012 e 2014.","execucao":"CPRM (2013)","projeto":"Cartas de Suscetibilidade a Movimentos Gravitacionais de Massa e Inundações. Tema: Inundação.","ano":2013,"executor":"CPRM","shape_Length":0.0015000575465833298,"shape_Area":5.0111849775779901e-08},"geometry":{"type":"MultiPolygon","coordinates":[[[[-43.37101397999993,-22.769445565999945,0.0],[-43.370973866999975,-22.768722664999927,0.0],[-43.370852827999954,-22.769039880999969,0.0],[-43.37101397999993,-22.769445565999945,0.0]]]]}},
{"type":"Feature","properties":{"OBJECTID":263,"uf":"RJ","geometria":"Sim","municipio":"SÃO JOÃO DE MERITI","processo":"Inundação","classe":"Média","fonte":"Produto obtido através da modelagem (ver Nota Técnica Explicativa do projeto) validado por trabalho de campo pela CPRM entre os anos de 2012 e 2014.","execucao":"CPRM (2013)","projeto":"Cartas de Suscetibilidade a Movimentos Gravitacionais de Massa e Inundações. Tema: Inundação.","ano":2013,"executor":"CPRM","shape_Length":0.002356679029949545,"shape_Area":1.6685166201808737e-07},"geometry":{"type":"MultiPolygon","coordinates":[[[[-43.390260271999978,-22.776685179999959,0.0],[-43.389936072999944,-22.775985929999933,0.0],[-43.389882406999959,-22.77568793699993,0.0],[-43.389810513999976,-22.775744118999967,0.0],[-43.389863704999982,-22.776437478999981,0.0],[-43.390065529999958,-22.776659550999966,0.0],[-43.390260271999978,-22.776685179999959,0.0]]]]}},
{"type":"Feature","properties":{"OBJECTID":265,"uf":"RJ","geometria":"Sim","municipio":"SÃO JOÃO DE MERITI","processo":"Inundação","classe":"Média","fonte":"Produto obtido através da modelagem (ver Nota Técnica Explicativa do projeto) validado por trabalho de campo pela CPRM entre os anos de 2012 e 2014.","execucao":"CPRM (2013)","projeto":"Cartas de Suscetibilidade a Movimentos Gravitacionais de Massa e Inundações. Tema: Inundação.","ano":2013,"executor":"CPRM","shape_Length":0.0063543430203642087,"shape_Area":6.7641902879081218e-07},"geometry":{"type":"MultiPolygon","coordinates":[[[[-43.37474422799994,-22.779282383999941,0.0],[-43.374807471999929,-22.779349491999938,0.0],[-43.375044364999951,-22.779219876999946,0.0],[-43.37527692499998,-22.779031413999974,0.0],[-43.37549413399995,-22.778749704999939,0.0],[-43.375605165999957,-22.778472376999957,0.0],[-43.375717170999962,-22.777799026999958,0.0],[-43.375506331999929,-22.777245180999955,0.0],[-43.375016153999979,-22.776693373999933,0.0],[-43.374921319999942,-22.776665157999958,0.0],[-43.375172951999957,-22.777032780999946,0.0],[-43.375361751999947,-22.777456202999929,0.0],[-43.375410329999966,-22.777952064999965,0.0],[-43.375269600999957,-22.778511412999933,0.0],[-43.375080601999969,-22.778903656999944,0.0],[-43.37474422799994,-22.779282383999941,0.0]]]]}},
{"type":"Feature","properties":{"OBJECTID":268,"uf":"RJ","geometria":"Sim","municipio":"SÃO JOÃO DE MERITI","processo":"Inundação","classe":"Alta","fonte":"Produto obtido através da modelagem (ver Nota Técnica Explicativa do projeto) validado por trabalho de campo pela CPRM entre os anos de 2012 e 2014.","execucao":"CPRM (2013)","projeto":"Cartas de Suscetibilidade a Movimentos Gravitacionais de Massa e Inundações. Tema: Inundação.","ano":2013,"executor":"CPRM","shape_Length":0.0033176621028171032,"shape_Area":5.4295641979504547e-07},"geometry":{"type":"MultiPolygon","coordinates":[[[[-43.402180150999982,-22.799917758999982,0.0],[-43.401577890999931,-22.800581008999927,0.0],[-43.401851987999976,-22.800742639999953,0.0],[-43.40201617799994,-22.800980395999943,0.0],[-43.402465938999967,-22.800486492999937,0.0],[-43.402402421999966,-22.799672978999979,0.0],[-43.402180150999982,-22.799917758999982,0.0]]]]}},
{"type":"Feature","properties":{"OBJECTID":273,"uf":"RJ","geometria":"Sim","municipio":"SÃO JOÃO DE MERITI","processo":"Inundação","classe":"Média","fonte":"Produto obtido através da modelagem (ver Nota Técnica Explicativa do projeto) validado por trabalho de campo pela CPRM entre os anos de 2012 e 2014.","execucao":"CPRM (2013)","projeto":"Cartas de Suscetibilidade a Movimentos Gravitacionais de Massa e Inundações. Tema: Inundação.","ano":2013,"executor":"CPRM","shape_Length":0.0056713465284251741,"shape_Area":5.2219630169223427e-07},"geometry":{"type":"MultiPolygon","coordinates":[[[[-43.394243094999979,-22.79835500799993,0.0],[-43.39442145199996,-22.795602294999981,0.0],[-43.39424134099994,-22.795753686999944,0.0],[-43.394048952999981,-22.79640547899993,0.0],[-43.394029438999951,-22.796763547999944,0.0],[-43.394137095999952,-22.797058558999936,0.0],[-43.394180989999938,-22.798300478999977,0.0],[-43.394243094999979,-22.79835500799993,0.0]]]]}},
{"type":"Feature","properties":{"OBJECTID":280,"uf":"RJ","geometria":"Sim","municipio":"SÃO JOÃO DE MERITI","processo":"Inundação","classe":"Média","fonte":"Produto obtido através da modelagem (ver Nota Técnica Explicativa do projeto) validado por trabalho de campo pela CPRM entre os anos de 2012 e 2014.","execucao":"CPRM (2013)","projeto":"Cartas de Suscetibilidade a Movimentos Gravitacionais de Massa e Inundações. Tema: Inundação.","ano":2013,"executor":"CPRM","shape_Length":0.0044504927509576922,"shape_Area":2.8710974865106104e-07},"geometry":{"type":"MultiPolygon","coordinates":[[[[-43.37992234099994,-22.773780888999966,0.0],[-43.380751348999979,-22.77367371899993,0.0],[-43.381157223999935,-22.773786520999977,0.0],[-43.381716377999965,-22.774431274999927,0.0],[-43.38142251599993,-22.773839460999966,0.0],[-43.381110493999984,-22.773575905999962,0.0],[-43.380736851999984,-22.773464334999971,0.0],[-43.380376351999985,-22.773546235999959,0.0],[-43.37992234099994,-22.773780888999966,0.0]]]]}},
{"type":"Feature","properties":{"OBJECTID":282,"uf":"RJ","geometria":"Sim","municipio":"SÃO JOÃO DE MERITI","processo":"Inundação","classe":"Alta","fonte":"Produto obtido através da modelagem (ver Nota Técnica Explicativa do projeto) validado por trabalho de campo pela CPRM entre os anos de 2012 e 2014.","execucao":"CPRM (2013)","projeto":"Cartas de Suscetibilidade a Movimentos Gravitacionais de Massa e Inundações. Tema: Inundação.","ano":2013,"executor":"CPRM","shape_Length":0.0038474450433541594,"shape_Area":2.5709390100676938e-07},"geometry":{"type":"MultiPolygon","coordinates":[[[[-43.40997909999993,-22.791328208999971,0.0],[-43.410145855999986,-22.791422715999943,0.0],[-43.410042914999963,-22.791345306999972,0.0],[-43.409962031999953,-22.791243716999929,0.0],[-43.40980568699996,-22.791047349999928,0.0],[-43.409639274999961,-22.790715509999927,0.0],[-43.409457939999982,-22.790368796999928,0.0],[-43.409234781999942,-22.790067456999964,0.0],[-43.408977605999951,-22.789952605999929,0.0],[-43.409121499999969,-22.790367697999955,0.0],[-43.40997909999993,-22.791328208999971,0.0]]]]}},
{"type":"Feature","properties":{"OBJECTID":283,"uf":"RJ","geometria":"Sim","municipio":"SÃO JOÃO DE MERITI","processo":"Inundação","classe":"Média","fonte":"Produto obtido através da modelagem (ver Nota Técnica Explicativa do projeto) validado por trabalho de campo pela CPRM entre os anos de 2012 e 2014.","execucao":"CPRM (2013)","projeto":"Cartas de Suscetibilidade a Movimentos Gravitacionais de Massa e Inundações. Tema: Inundação.","ano":2013,"executor":"CPRM","shape_Length":0.025223293155313124,"shape_Area":5.5912362001440997e-06},"geometry":{"type":"MultiPolygon","coordinates":[[[[-43.389491153999984,-22.804854669999941,0.0],[-43.389562135999938,-22.804914769999982,0.0],[-43.389494075999949,-22.805121245999942,0.0],[-43.389052508999953,-22.805470516999947,0.0],[-43.388584400999946,-22.805655911999963,0.0],[-43.388043602999971,-22.805572170999937,0.0],[-43.387741945999949,-22.80537224699998,0.0],[-43.387272566999968,-22.805175013999929,0.0],[-43.386678465999978,-22.805136148999964,0.0],[-43.386116665999964,-22.805241499999966,0.0],[-43.385589822999975,-22.805266762999963,0.0],[-43.385024188999978,-22.805243817999951,0.0],[-43.384714282999937,-22.805167580999978,0.0],[-43.384498754999981,-22.805715632999977,0.0],[-43.383988430999977,-22.805377392999958,0.0],[-43.383256318999941,-22.805086334999942,0.0],[-43.382719231999943,-22.805142853999939,0.0],[-43.38202946399997,-22.805401457999949,0.0],[-43.381534267999939,-22.805727022999974,0.0],[-43.38136944799993,-22.806001028999958,0.0],[-43.381419172999983,-22.806170200999929,0.0],[-43.381630707999932,-22.806445817999929,0.0],[-43.38167834199993,-22.806536612999935,0.0],[-43.382550687999981,-22.806906712999933,0.0],[-43.382638817999975,-22.806708700999934,0.0],[-43.382628653999973,-22.806380110999953,0.0],[-43.382323376999977,-22.805948601999944,0.0],[-43.382426779999946,-22.805861710999977,0.0],[-43.382723068999951,-22.805778037999971,0.0],[-43.383041642999956,-22.805903149999949,0.0],[-43.383349264999936,-22.806217789999948,0.0],[-43.38351875799998,-22.806733661999942,0.0],[-43.383602767999946,-22.806803636999973,0.0],[-43.383714266999959,-22.806389788999979,0.0],[-43.384479818999978,-22.805956052999932,0.0],[-43.384928497999965,-22.80582934399996,0.0],[-43.386836328999948,-22.805469414999948,0.0],[-43.387255471999936,-22.805489061999936,0.0],[-43.387667380999972,-22.805650816999957,0.0],[-43.387992376999932,-22.805901539999979,0.0],[-43.388641900999971,-22.805972274999931,0.0],[-43.389776281999957,-22.80544606899997,0.0],[-43.389900304999969,-22.805188381999983,0.0],[-43.389520138999956,-22.804381686999932,0.0],[-43.389419662999956,-22.803851049999935,0.0],[-43.389021138999965,-22.803404935999936,0.0],[-43.388706871999943,-22.803590027999974,0.0],[-43.389015830999938,-22.803856439999947,0.0],[-43.389058425999963,-22.804017593999959,0.0],[-43.38915927599993,-22.804083667999976,0.0],[-43.389158214999952,-22.804173968999976,0.0],[-43.389206914999932,-22.804174460999945,0.0],[-43.389491153999984,-22.804854669999941,0.0]]]]}},
{"type":"Feature","properties":{"OBJECTID":285,"uf":"RJ","geometria":"Sim","municipio":"SÃO JOÃO DE MERITI","processo":"Inundação","classe":"Baixa","fonte":"Produto obtido através da modelagem (ver Nota Técnica Explicativa do projeto) validado por trabalho de campo pela CPRM entre os anos de 2012 e 2014.","execucao":"CPRM (2013)","projeto":"Cartas de Suscetibilidade a Movimentos Gravitacionais de Massa e Inundações. Tema: Inundação.","ano":2013,"executor":"CPRM","shape_Length":0.0052082479843318964,"shape_Area":1.0835311071515824e-06},"geometry":{"type":"MultiPolygon","coordinates":[[[[-43.351350639999964,-22.793040492999978,0.0],[-43.351593962999971,-22.793524805999937,0.0],[-43.352038172999983,-22.79376065799994,0.0],[-43.352746626999931,-22.793965405999927,0.0],[-43.353010113999972,-22.793859642999962,0.0],[-43.353191442999957,-22.79359683499996,0.0],[-43.353271820999964,-22.793400689999942,0.0],[-43.353300612999931,-22.792880019999927,0.0],[-43.352881709999963,-22.79320536299997,0.0],[-43.35217688399996,-22.793250550999971,0.0],[-43.351350639999964,-22.793040492999978,0.0]]]]}},
{"type":"Feature","properties":{"OBJECTID":286,"uf":"RJ","geometria":"Sim","municipio":"SÃO JOÃO DE MERITI","processo":"Inundação","classe":"Baixa","fonte":"Produto obtido através da modelagem (ver Nota Técnica Explicativa do projeto) validado por trabalho de campo pela CPRM entre os anos de 2012 e 2014.","execucao":"CPRM (2013)","projeto":"Cartas de Suscetibilidade a Movimentos Gravitacionais de Massa e Inundações. Tema: Inundação.","ano":2013,"executor":"CPRM","shape_Length":0.0071180181970467524,"shape_Area":1.848382539555336e-06},"geometry":{"type":"MultiPolygon","coordinates":[[[[-43.372188724999944,-22.80585296199996,0.0],[-43.372222603999944,-22.805342865999933,0.0],[-43.372384628999953,-22.80498831999995,0.0],[-43.372677580999948,-22.804742172999966,0.0],[-43.373241166999946,-22.804583051999941,0.0],[-43.373614427999939,-22.804738626999949,0.0],[-43.373449412999946,-22.803592962999971,0.0],[-43.373225567999953,-22.803564825999956,0.0],[-43.372761658999934,-22.803622598999937,0.0],[-43.37233432499994,-22.804073302999939,0.0],[-43.372171467999976,-22.804162749999932,0.0],[-43.372072797999977,-22.804373336999959,0.0],[-43.371895388999974,-22.804440520999947,0.0],[-43.371821863999969,-22.804669350999973,0.0],[-43.371595641999932,-22.804755019999959,0.0],[-43.371852570999977,-22.80499674999993,0.0],[-43.372045844999946,-22.80565095999998,0.0],[-43.372188724999944,-22.80585296199996,0.0]]]]}},
{"type":"Feature","properties":{"OBJECTID":291,"uf":"RJ","geometria":"Sim","municipio":"SÃO JOÃO DE MERITI","processo":"Inundação","classe":"Baixa","fonte":"Produto obtido através da modelagem (ver Nota Técnica Explicativa do projeto) validado por trabalho de campo pela CPRM entre os anos de 2012 e 2014.","execucao":"CPRM (2013)","projeto":"Cartas de Suscetibilidade a Movimentos Gravitacionais de Massa e Inundações. Tema: Inundação.","ano":2013,"executor":"CPRM","shape_Length":0.019308150220401523,"shape_Area":2.5969747655022631e-06},"geometry":{"type":"MultiPolygon","coordinates":[[[[-43.358045712999967,-22.799250694999955,0.0],[-43.35939788099995,-22.798857940999937,0.0],[-43.359870111999953,-22.798395795999966,0.0],[-43.359936282999968,-22.798150348999968,0.0],[-43.359950621999985,-22.797098087999927,0.0],[-43.360101647999954,-22.79671233199997,0.0],[-43.360398284999974,-22.796586243999968,0.0],[-43.360541370999954,-22.796446207999963,0.0],[-43.360915572999943,-22.796463812999946,0.0],[-43.361504109999942,-22.796029696999938,0.0],[-43.361803958999985,-22.795945056999983,0.0],[-43.362518741999963,-22.796038945999953,0.0],[-43.363352728999985,-22.796035391999965,0.0],[-43.364942766999945,-22.79674771699996,0.0],[-43.364883987999974,-22.796472052999945,0.0],[-43.365070683999932,-22.796153491999974,0.0],[-43.365026173999979,-22.795957491999957,0.0],[-43.363812422999956,-22.795890984999971,0.0],[-43.363102215999959,-22.795578229999933,0.0],[-43.361879815999941,-22.795806456999969,0.0],[-43.361167713999976,-22.796095195999953,0.0],[-43.360865498999942,-22.796103196999979,0.0],[-43.360528582999962,-22.796034215999953,0.0],[-43.359952519999979,-22.796279076999951,0.0],[-43.359724154999981,-22.796470936999981,0.0],[-43.359891688999937,-22.797535645999972,0.0],[-43.359819295999955,-22.798099392999973,0.0],[-43.359649064999985,-22.798424416999978,0.0],[-43.359333368999955,-22.798599199999956,0.0],[-43.358424621999973,-22.798879887999931,0.0],[-43.358045712999967,-22.799250694999955,0.0]]]]}},
{"type":"Feature","properties":{"OBJECTID":293,"uf":"RJ","geometria":"Sim","municipio":"SÃO JOÃO DE MERITI","processo":"Inundação","classe":"Média","fonte":"Produto obtido através da modelagem (ver Nota Técnica Explicativa do projeto) validado por trabalho de campo pela CPRM entre os anos de 2012 e 2014.","execucao":"CPRM (2013)","projeto":"Cartas de Suscetibilidade a Movimentos Gravitacionais de Massa e Inundações. Tema: Inundação.","ano":2013,"executor":"CPRM","shape_Length":0.0016432650172170664,"shape_Area":1.0515104607165407e-07},"geometry":{"type":"MultiPolygon","coordinates":[[[[-43.406347876999973,-22.786858730999938,0.0],[-43.406582426999933,-22.786822487999927,0.0],[-43.406544781999969,-22.786693631999981,0.0],[-43.406419844999959,-22.786503741999979,0.0],[-43.406336326999963,-22.786376809999979,0.0],[-43.406162690999963,-22.786224033999929,0.0],[-43.406347876999973,-22.786858730999938,0.0]]]]}},
{"type":"Feature","properties":{"OBJECTID":294,"uf":"RJ","geometria":"Sim","municipio":"SÃO JOÃO DE MERITI","processo":"Inundação","classe":"Média","fonte":"Produto obtido através da modelagem (ver Nota Técnica Explicativa do projeto) validado por trabalho de campo pela CPRM entre os anos de 2012 e 2014.","execucao":"CPRM (2013)","projeto":"Cartas de Suscetibilidade a Movimentos Gravitacionais de Massa e Inundações. Tema: Inundação.","ano":2013,"executor":"CPRM","shape_Length":0.0046229531525735388,"shape_Area":3.2026060490327059e-07},"geometry":{"type":"MultiPolygon","coordinates":[[[[-43.355068996999933,-22.771314012999937,0.0],[-43.354872499999942,-22.770787336999945,0.0],[-43.354754164999974,-22.769143307999968,0.0],[-43.35469483299994,-22.769191378999949,0.0],[-43.35467099799996,-22.76950369399998,0.0],[-43.354705227999943,-22.770158799999933,0.0],[-43.354649545999962,-22.770888481999975,0.0],[-43.354718807999973,-22.771104992999938,0.0],[-43.355068996999933,-22.771314012999937,0.0]]]]}},
{"type":"Feature","properties":{"OBJECTID":298,"uf":"RJ","geometria":"Sim","municipio":"SÃO JOÃO DE MERITI","processo":"Inundação","classe":"Alta","fonte":"Produto obtido através da modelagem (ver Nota Técnica Explicativa do projeto) validado por trabalho de campo pela CPRM entre os anos de 2012 e 2014.","execucao":"CPRM (2013)","projeto":"Cartas de Suscetibilidade a Movimentos Gravitacionais de Massa e Inundações. Tema: Inundação.","ano":2013,"executor":"CPRM","shape_Length":0.032435307770401475,"shape_Area":3.816208325748875e-06},"geometry":{"type":"MultiPolygon","coordinates":[[[[-43.371377195999969,-22.764146452999967,0.0],[-43.375121779999972,-22.764969768999947,0.0],[-43.375844539999946,-22.76528809499996,0.0],[-43.376960915999973,-22.765403105999951,0.0],[-43.380251120999958,-22.766006641999979,0.0],[-43.382652150999945,-22.766186473999937,0.0],[-43.384154217999935,-22.766771800999948,0.0],[-43.385214125999937,-22.766938013999948,0.0],[-43.386888047999946,-22.767888976999927,0.0],[-43.386884306999946,-22.767885916999944,0.0],[-43.386569959999974,-22.767661114999953,0.0],[-43.386339368999984,-22.767369604999942,0.0],[-43.386020756999983,-22.767143311999973,0.0],[-43.385749079999982,-22.766876041999978,0.0],[-43.385456136999949,-22.766628425999954,0.0],[-43.385097574999975,-22.766478761999963,0.0],[-43.384716341999933,-22.76638531499998,0.0],[-43.384326276999957,-22.766347319999966,0.0],[-43.383935864999955,-22.766297579999957,0.0],[-43.383556356999975,-22.766214804999947,0.0],[-43.383397361999982,-22.766176498999982,0.0],[-43.383174041999951,-22.766122696999957,0.0],[-43.382956946999968,-22.766095176999954,0.0],[-43.382779931999949,-22.766072734999966,0.0],[-43.382388721999973,-22.766008081999928,0.0],[-43.382004381999934,-22.765947289999929,0.0],[-43.381611104999934,-22.765884691999929,0.0],[-43.381218106999938,-22.765831486999957,0.0],[-43.380836955999939,-22.765921274999982,0.0],[-43.380440291999946,-22.765889974999936,0.0],[-43.380062576999933,-22.765779574999954,0.0],[-43.379682561999971,-22.765690731999939,0.0],[-43.379309976999934,-22.765583181999943,0.0],[-43.378941720999933,-22.765517371999977,0.0],[-43.37891669499993,-22.765512899999976,0.0],[-43.37852754499994,-22.765414391999968,0.0],[-43.378132171999937,-22.765356186999952,0.0],[-43.377733990999957,-22.765313306999928,0.0],[-43.377340791999984,-22.765236336999976,0.0],[-43.376954404999935,-22.765159709999978,0.0],[-43.376561806999973,-22.765089429999932,0.0],[-43.376534719999938,-22.765085469999974,0.0],[-43.376171391999947,-22.76503235499996,0.0],[-43.375780001999942,-22.764967139999953,0.0],[-43.375391674999946,-22.764881546999959,0.0],[-43.375011724999979,-22.764796130999969,0.0],[-43.374626721999959,-22.764701444999957,0.0],[-43.374249449999979,-22.764603679999937,0.0],[-43.373880679999957,-22.764486944999931,0.0],[-43.373539199999982,-22.764302842999939,0.0],[-43.373148366999942,-22.764231756999948,0.0],[-43.372940228999937,-22.764216128999976,0.0],[-43.37274614699993,-22.764201556999978,0.0],[-43.372594507999963,-22.764166078999949,0.0],[-43.372572634999983,-22.764160961999949,0.0],[-43.372353031999978,-22.764109584999972,0.0],[-43.371961484999986,-22.764074434999941,0.0],[-43.371571459999984,-22.764108026999963,0.0],[-43.371377195999969,-22.764146452999967,0.0]]]]}},
{"type":"Feature","properties":{"OBJECTID":301,"uf":"RJ","geometria":"Sim","municipio":"SÃO JOÃO DE MERITI","processo":"Inundação","classe":"Baixa","fonte":"Produto obtido através da modelagem (ver Nota Técnica Explicativa do projeto) validado por trabalho de campo pela CPRM entre os anos de 2012 e 2014.","execucao":"CPRM (2013)","projeto":"Cartas de Suscetibilidade a Movimentos Gravitacionais de Massa e Inundações. Tema: Inundação.","ano":2013,"executor":"CPRM","shape_Length":0.0059889060448115542,"shape_Area":1.5187836281943033e-06},"geometry":{"type":"MultiPolygon","coordinates":[[[[-43.332490375999953,-22.794108727999969,0.0],[-43.333198209999978,-22.793641571999956,0.0],[-43.333444332999932,-22.793221824999932,0.0],[-43.333608356999946,-22.79238132699993,0.0],[-43.333052537999947,-22.791702784999927,0.0],[-43.332666661999951,-22.791627049999931,0.0],[-43.332682075999969,-22.792104242999983,0.0],[-43.332798596999965,-22.792806602999974,0.0],[-43.332490375999953,-22.794108727999969,0.0]]]]}},
{"type":"Feature","properties":{"OBJECTID":302,"uf":"RJ","geometria":"Sim","municipio":"SÃO JOÃO DE MERITI","processo":"Inundação","classe":"Média","fonte":"Produto obtido através da modelagem (ver Nota Técnica Explicativa do projeto) validado por trabalho de campo pela CPRM entre os anos de 2012 e 2014.","execucao":"CPRM (2013)","projeto":"Cartas de Suscetibilidade a Movimentos Gravitacionais de Massa e Inundações. Tema: Inundação.","ano":2013,"executor":"CPRM","shape_Length":0.0081326764506797419,"shape_Area":1.7272242860888126e-06},"geometry":{"type":"MultiPolygon","coordinates":[[[[-43.369305898999983,-22.777962534999972,0.0],[-43.369328177999932,-22.778362674999983,0.0],[-43.369860286999938,-22.778637888999981,0.0],[-43.370213255999943,-22.77858052199997,0.0],[-43.370463318999953,-22.778326683999978,0.0],[-43.371053171999961,-22.778040357999942,0.0],[-43.370833532999939,-22.777244984999982,0.0],[-43.370902069999943,-22.776962775999948,0.0],[-43.370733476999931,-22.776266477999968,0.0],[-43.370648951999954,-22.775583007999955,0.0],[-43.370372520999979,-22.777092897999978,0.0],[-43.370429304999959,-22.77755800999995,0.0],[-43.370064600999967,-22.777859894999949,0.0],[-43.369305898999983,-22.777962534999972,0.0]]]]}},
{"type":"Feature","properties":{"OBJECTID":303,"uf":"RJ","geometria":"Sim","municipio":"SÃO JOÃO DE MERITI","processo":"Inundação","classe":"Média","fonte":"Produto obtido através da modelagem (ver Nota Técnica Explicativa do projeto) validado por trabalho de campo pela CPRM entre os anos de 2012 e 2014.","execucao":"CPRM (2013)","projeto":"Cartas de Suscetibilidade a Movimentos Gravitacionais de Massa e Inundações. Tema: Inundação.","ano":2013,"executor":"CPRM","shape_Length":0.0053967296139730298,"shape_Area":1.1740675037285551e-06},"geometry":{"type":"MultiPolygon","coordinates":[[[[-43.402180150999982,-22.799917758999982,0.0],[-43.402402421999966,-22.799672978999979,0.0],[-43.40316426399994,-22.798833969999976,0.0],[-43.402959468999939,-22.798401675999969,0.0],[-43.402722037999979,-22.798149875999968,0.0],[-43.402043739999954,-22.79766572799997,0.0],[-43.402160288999937,-22.797996586999943,0.0],[-43.402219822999939,-22.798739836999971,0.0],[-43.402180150999982,-22.799917758999982,0.0]]]]}},
{"type":"Feature","properties":{"OBJECTID":306,"uf":"RJ","geometria":"Sim","municipio":"SÃO JOÃO DE MERITI","processo":"Inundação","classe":"Baixa","fonte":"Produto obtido através da modelagem (ver Nota Técnica Explicativa do projeto) validado por trabalho de campo pela CPRM entre os anos de 2012 e 2014.","execucao":"CPRM (2013)","projeto":"Cartas de Suscetibilidade a Movimentos Gravitacionais de Massa e Inundações. Tema: Inundação.","ano":2013,"executor":"CPRM","shape_Length":0.030424370340401855,"shape_Area":8.3540651984927618e-06},"geometry":{"type":"MultiPolygon","coordinates":[[[[-43.330425954999953,-22.79561881799998,0.0],[-43.330440685999974,-22.796133193999935,0.0],[-43.330617633999964,-22.796423544999982,0.0],[-43.331027981999966,-22.797493131999943,0.0],[-43.331431541999962,-22.798050243999967,0.0],[-43.331451455999968,-22.798701973999982,0.0],[-43.331282682999984,-22.79893839999994,0.0],[-43.330864548999955,-22.799035318999927,0.0],[-43.330536867999967,-22.798981925999954,0.0],[-43.330548133999969,-22.799087696999948,0.0],[-43.330619050999985,-22.799082821999946,0.0],[-43.330825963999985,-22.799125223999965,0.0],[-43.331257238999967,-22.799018290999982,0.0],[-43.331727002999969,-22.798623785999951,0.0],[-43.331746246999955,-22.798273479999978,0.0],[-43.331450724999968,-22.797575838999933,0.0],[-43.331533667999963,-22.797379302999957,0.0],[-43.331789441999945,-22.797372580999934,0.0],[-43.332079743999941,-22.797731901999953,0.0],[-43.332090539999967,-22.798085145999949,0.0],[-43.33180129699997,-22.798346533999961,0.0],[-43.331926520999957,-22.798934499999973,0.0],[-43.331958522999969,-22.799981383999977,0.0],[-43.331717003999984,-22.800266663999935,0.0],[-43.332320018999951,-22.800836041999958,0.0],[-43.332670206999978,-22.80126852199993,0.0],[-43.333090967999965,-22.801537633999942,0.0],[-43.333373689999974,-22.801568524999936,0.0],[-43.333022418999974,-22.801244898999983,0.0],[-43.332664231999956,-22.800608311999952,0.0],[-43.332354530999964,-22.799855545999947,0.0],[-43.332318318999967,-22.798283305999973,0.0],[-43.332266875999949,-22.797983285999976,0.0],[-43.332536773999948,-22.797065019999934,0.0],[-43.332705918999977,-22.796690588999979,0.0],[-43.332615898999961,-22.796437459999936,0.0],[-43.332930484999963,-22.79639410599998,0.0],[-43.333069382999952,-22.796531209999955,0.0],[-43.33330062899995,-22.79647882699993,0.0],[-43.33381210899995,-22.796493856999973,0.0],[-43.334295514999951,-22.79673117599998,0.0],[-43.33491649399997,-22.79762160599995,0.0],[-43.33555955099996,-22.798764464999977,0.0],[-43.335645038999985,-22.79901842299995,0.0],[-43.33581610799996,-22.798265686999969,0.0],[-43.33567329899995,-22.797819128999947,0.0],[-43.335248348999983,-22.797490637999942,0.0],[-43.33498272099996,-22.797129462999976,0.0],[-43.334821928999929,-22.796728234999932,0.0],[-43.334365587999969,-22.796333157999982,0.0],[-43.334044954999968,-22.79626045599997,0.0],[-43.333251573999974,-22.795767299999966,0.0],[-43.331460998999944,-22.795246648999978,0.0],[-43.331209574999946,-22.795116545999974,0.0],[-43.330642873999977,-22.795537820999982,0.0],[-43.330425954999953,-22.79561881799998,0.0]]]]}},
{"type":"Feature","properties":{"OBJECTID":309,"uf":"RJ","geometria":"Sim","municipio":"SÃO JOÃO DE MERITI","processo":"Inundação","classe":"Média","fonte":"Produto obtido através da modelagem (ver Nota Técnica Explicativa do projeto) validado por trabalho de campo pela CPRM entre os anos de 2012 e 2014.","execucao":"CPRM (2013)","projeto":"Cartas de Suscetibilidade a Movimentos Gravitacionais de Massa e Inundações. Tema: Inundação.","ano":2013,"executor":"CPRM","shape_Length":0.0016147054099643987,"shape_Area":6.1626188130308865e-08},"geometry":{"type":"MultiPolygon","coordinates":[[[[-43.341756912999983,-22.764809356999933,0.0],[-43.341890196999941,-22.764726042999939,0.0],[-43.342031626999983,-22.764502114999971,0.0],[-43.342057745999966,-22.764089997999974,0.0],[-43.341756912999983,-22.764809356999933,0.0]]]]}},
{"type":"Feature","properties":{"OBJECTID":312,"uf":"RJ","geometria":"Sim","municipio":"SÃO JOÃO DE MERITI","processo":"Inundação","classe":"Média","fonte":"Produto obtido através da modelagem (ver Nota Técnica Explicativa do projeto) validado por trabalho de campo pela CPRM entre os anos de 2012 e 2014.","execucao":"CPRM (2013)","projeto":"Cartas de Suscetibilidade a Movimentos Gravitacionais de Massa e Inundações. Tema: Inundação.","ano":2013,"executor":"CPRM","shape_Length":0.0022524552614868118,"shape_Area":2.6900884605492341e-07},"geometry":{"type":"MultiPolygon","coordinates":[[[[-43.386759913999981,-22.814279812999928,0.0],[-43.387297484999976,-22.81444154199994,0.0],[-43.387749757999984,-22.814251008999975,0.0],[-43.387668725999958,-22.814087227999948,0.0],[-43.387335057999962,-22.81400255799997,0.0],[-43.386840544999984,-22.814142208999954,0.0],[-43.386759913999981,-22.814279812999928,0.0]]]]}},
{"type":"Feature","properties":{"OBJECTID":313,"uf":"RJ","geometria":"Sim","municipio":"SÃO JOÃO DE MERITI","processo":"Inundação","classe":"Média","fonte":"Produto obtido através da modelagem (ver Nota Técnica Explicativa do projeto) validado por trabalho de campo pela CPRM entre os anos de 2012 e 2014.","execucao":"CPRM (2013)","projeto":"Cartas de Suscetibilidade a Movimentos Gravitacionais de Massa e Inundações. Tema: Inundação.","ano":2013,"executor":"CPRM","shape_Length":0.0023604857516075946,"shape_Area":2.9210706886209753e-07},"geometry":{"type":"MultiPolygon","coordinates":[[[[-43.390119779999964,-22.813197707999961,0.0],[-43.390340345999959,-22.812954869999942,0.0],[-43.390432626999939,-22.812853270999938,0.0],[-43.390180158999954,-22.812538109999934,0.0],[-43.38964601899994,-22.812397245999932,0.0],[-43.39003280299994,-22.813130612999942,0.0],[-43.390119779999964,-22.813197707999961,0.0]]]]}},
{"type":"Feature","properties":{"OBJECTID":315,"uf":"RJ","geometria":"Sim","municipio":"SÃO JOÃO DE MERITI","processo":"Inundação","classe":"Baixa","fonte":"Produto obtido através da modelagem (ver Nota Técnica Explicativa do projeto) validado por trabalho de campo pela CPRM entre os anos de 2012 e 2014.","execucao":"CPRM (2013)","projeto":"Cartas de Suscetibilidade a Movimentos Gravitacionais de Massa e Inundações. Tema: Inundação.","ano":2013,"executor":"CPRM","shape_Length":0.0066943799552988811,"shape_Area":9.771916894262333e-07},"geometry":{"type":"MultiPolygon","coordinates":[[[[-43.395913246999953,-22.80546129499993,0.0],[-43.39678205499996,-22.805862178999973,0.0],[-43.396837050999977,-22.805801621999933,0.0],[-43.398175396999932,-22.804327888999978,0.0],[-43.397833300999935,-22.804184169999928,0.0],[-43.397732373999929,-22.803761279999947,0.0],[-43.397651881999934,-22.803843,0.0],[-43.397673762999943,-22.80425929699993,0.0],[-43.39759425099993,-22.804586902999972,0.0],[-43.397425676999944,-22.80486721799997,0.0],[-43.397169835999932,-22.805074565999973,0.0],[-43.396612080999944,-22.805129463999947,0.0],[-43.395913246999953,-22.80546129499993,0.0]]]]}},
{"type":"Feature","properties":{"OBJECTID":316,"uf":"RJ","geometria":"Sim","municipio":"SÃO JOÃO DE MERITI","processo":"Inundação","classe":"Média","fonte":"Produto obtido através da modelagem (ver Nota Técnica Explicativa do projeto) validado por trabalho de campo pela CPRM entre os anos de 2012 e 2014.","execucao":"CPRM (2013)","projeto":"Cartas de Suscetibilidade a Movimentos Gravitacionais de Massa e Inundações. Tema: Inundação.","ano":2013,"executor":"CPRM","shape_Length":0.0032207162168921806,"shape_Area":1.6731291954737141e-07},"geometry":{"type":"MultiPolygon","coordinates":[[[[-43.337925575999975,-22.799719537999977,0.0],[-43.337407982999935,-22.798224026999947,0.0],[-43.337477953999951,-22.799072701999933,0.0],[-43.337925575999975,-22.799719537999977,0.0]]]]}},
{"type":"Feature","properties":{"OBJECTID":317,"uf":"RJ","geometria":"Sim","municipio":"SÃO JOÃO DE MERITI","processo":"Inundação","classe":"Alta","fonte":"Produto obtido através da modelagem (ver Nota Técnica Explicativa do projeto) validado por trabalho de campo pela CPRM entre os anos de 2012 e 2014.","execucao":"CPRM (2013)","projeto":"Cartas de Suscetibilidade a Movimentos Gravitacionais de Massa e Inundações. Tema: Inundação.","ano":2013,"executor":"CPRM","shape_Length":0.008217117713917723,"shape_Area":3.9887810084177528e-06},"geometry":{"type":"MultiPolygon","coordinates":[[[[-43.395549427999981,-22.807219453999949,0.0],[-43.395550600999968,-22.80721816199997,0.0],[-43.396460245999947,-22.80621653299994,0.0],[-43.395957593999981,-22.805831096999952,0.0],[-43.395643134999943,-22.805689619999953,0.0],[-43.395082096999943,-22.805600958999946,0.0],[-43.393621874999951,-22.805760340999939,0.0],[-43.39324850099996,-22.80593872299994,0.0],[-43.392919563999953,-22.806260757999951,0.0],[-43.393034352999962,-22.806575304999967,0.0],[-43.393745336999984,-22.806934418999958,0.0],[-43.395419777999962,-22.807260120999956,0.0],[-43.395549427999981,-22.807219453999949,0.0]]]]}},
{"type":"Feature","properties":{"OBJECTID":321,"uf":"RJ","geometria":"Sim","municipio":"SÃO JOÃO DE MERITI","processo":"Inundação","classe":"Média","fonte":"Produto obtido através da modelagem (ver Nota Técnica Explicativa do projeto) validado por trabalho de campo pela CPRM entre os anos de 2012 e 2014.","execucao":"CPRM (2013)","projeto":"Cartas de Suscetibilidade a Movimentos Gravitacionais de Massa e Inundações. Tema: Inundação.","ano":2013,"executor":"CPRM","shape_Length":0.0055516688681302023,"shape_Area":4.6424113672355823e-07},"geometry":{"type":"MultiPolygon","coordinates":[[[[-43.344567119999965,-22.778069011999946,0.0],[-43.344362355999976,-22.777929191999931,0.0],[-43.344110188999935,-22.777858164999941,0.0],[-43.342859829999952,-22.777597506999939,0.0],[-43.342228252999973,-22.777260844999944,0.0],[-43.342045084999938,-22.777230030999931,0.0],[-43.342148140999939,-22.777605833999928,0.0],[-43.342257620999931,-22.777662483999961,0.0],[-43.342824851999978,-22.777730081999948,0.0],[-43.344120514999929,-22.778034413999933,0.0],[-43.344567119999965,-22.778069011999946,0.0]]]]}},
{"type":"Feature","properties":{"OBJECTID":322,"uf":"RJ","geometria":"Sim","municipio":"SÃO JOÃO DE MERITI","processo":"Inundação","classe":"Média","fonte":"Produto obtido através da modelagem (ver Nota Técnica Explicativa do projeto) validado por trabalho de campo pela CPRM entre os anos de 2012 e 2014.","execucao":"CPRM (2013)","projeto":"Cartas de Suscetibilidade a Movimentos Gravitacionais de Massa e Inundações. Tema: Inundação.","ano":2013,"executor":"CPRM","shape_Length":0.011192057447460685,"shape_Area":1.388304181319567e-06},"geometry":{"type":"MultiPolygon","coordinates":[[[[-43.354858031999981,-22.768602512999962,0.0],[-43.355352377999964,-22.768018864999931,0.0],[-43.355668099999946,-22.767842728999938,0.0],[-43.356274439999936,-22.767748955999934,0.0],[-43.356722728999955,-22.767796,0.0],[-43.357747716999938,-22.768146507999973,0.0],[-43.358634212999959,-22.768065073999935,0.0],[-43.358861886999932,-22.768088961999979,0.0],[-43.359001245999934,-22.768238767999947,0.0],[-43.359027844999957,-22.768065226999965,0.0],[-43.359296467999968,-22.76785536899996,0.0],[-43.359137039999951,-22.767078819999938,0.0],[-43.359047998999984,-22.767424498999958,0.0],[-43.358787391999954,-22.767698809999956,0.0],[-43.358506621999936,-22.767791163999959,0.0],[-43.357842654999956,-22.767744916999959,0.0],[-43.355924523999931,-22.767393681999977,0.0],[-43.355610789999957,-22.767761249999978,0.0],[-43.355146554999976,-22.768123905999971,0.0],[-43.354923391999932,-22.768409018999932,0.0],[-43.354858031999981,-22.768602512999962,0.0]]]]}},
{"type":"Feature","properties":{"OBJECTID":324,"uf":"RJ","geometria":"Sim","municipio":"SÃO JOÃO DE MERITI","processo":"Inundação","classe":"Baixa","fonte":"Produto obtido através da modelagem (ver Nota Técnica Explicativa do projeto) validado por trabalho de campo pela CPRM entre os anos de 2012 e 2014.","execucao":"CPRM (2013)","projeto":"Cartas de Suscetibilidade a Movimentos Gravitacionais de Massa e Inundações. Tema: Inundação.","ano":2013,"executor":"CPRM","shape_Length":0.0046993438151415479,"shape_Area":2.8496030505723748e-07},"geometry":{"type":"MultiPolygon","coordinates":[[[[-43.341149424999969,-22.798940322999954,0.0],[-43.34135988099996,-22.798531498999978,0.0],[-43.341419712999937,-22.798183166999934,0.0],[-43.341030367999963,-22.796716278999952,0.0],[-43.34098196399998,-22.796680827999978,0.0],[-43.340998532999947,-22.797212736999938,0.0],[-43.341277686999945,-22.798253148999947,0.0],[-43.341149424999969,-22.798940322999954,0.0]]]]}},
{"type":"Feature","properties":{"OBJECTID":328,"uf":"RJ","geometria":"Sim","municipio":"SÃO JOÃO DE MERITI","processo":"Inundação","classe":"Média","fonte":"Produto obtido através da modelagem (ver Nota Técnica Explicativa do projeto) validado por trabalho de campo pela CPRM entre os anos de 2012 e 2014.","execucao":"CPRM (2013)","projeto":"Cartas de Suscetibilidade a Movimentos Gravitacionais de Massa e Inundações. Tema: Inundação.","ano":2013,"executor":"CPRM","shape_Length":0.0055747283922450291,"shape_Area":4.801090173336798e-07},"geometry":{"type":"MultiPolygon","coordinates":[[[[-43.363773350999963,-22.764133449999974,0.0],[-43.365039752999962,-22.764435398999979,0.0],[-43.365589496999974,-22.764626520999968,0.0],[-43.366196861999981,-22.765061385999957,0.0],[-43.366111880999938,-22.764689998999927,0.0],[-43.365288362999934,-22.764426811999954,0.0],[-43.364429101999974,-22.763942125999961,0.0],[-43.364161898999953,-22.76391945599994,0.0],[-43.363773350999963,-22.764133449999974,0.0]]]]}},
{"type":"Feature","properties":{"OBJECTID":330,"uf":"RJ","geometria":"Sim","municipio":"SÃO JOÃO DE MERITI","processo":"Inundação","classe":"Média","fonte":"Produto obtido através da modelagem (ver Nota Técnica Explicativa do projeto) validado por trabalho de campo pela CPRM entre os anos de 2012 e 2014.","execucao":"CPRM (2013)","projeto":"Cartas de Suscetibilidade a Movimentos Gravitacionais de Massa e Inundações. Tema: Inundação.","ano":2013,"executor":"CPRM","shape_Length":0.0037530341167950061,"shape_Area":3.4096427098138019e-07},"geometry":{"type":"MultiPolygon","coordinates":[[[[-43.369260832999942,-22.765363652999952,0.0],[-43.369865072999971,-22.765619451999953,0.0],[-43.370790439999951,-22.765696140999978,0.0],[-43.371008695999933,-22.765787900999953,0.0],[-43.370972611999946,-22.765675145999978,0.0],[-43.370075009999937,-22.76526690399993,0.0],[-43.369822337999949,-22.765348080999956,0.0],[-43.369260832999942,-22.765363652999952,0.0]]]]}},
{"type":"Feature","properties":{"OBJECTID":334,"uf":"RJ","geometria":"Sim","municipio":"SÃO JOÃO DE MERITI","processo":"Inundação","classe":"Baixa","fonte":"Produto obtido através da modelagem (ver Nota Técnica Explicativa do projeto) validado por trabalho de campo pela CPRM entre os anos de 2012 e 2014.","execucao":"CPRM (2013)","projeto":"Cartas de Suscetibilidade a Movimentos Gravitacionais de Massa e Inundações. Tema: Inundação.","ano":2013,"executor":"CPRM","shape_Length":0.0076096177507481008,"shape_Area":1.7836141702650903e-06},"geometry":{"type":"MultiPolygon","coordinates":[[[[-43.408152031999975,-22.793340623999939,0.0],[-43.407669098999975,-22.79387253699997,0.0],[-43.406054536999932,-22.795650809999927,0.0],[-43.406453792999969,-22.795644890999938,0.0],[-43.406990438999969,-22.795494887999951,0.0],[-43.408865281999965,-22.793416694999962,0.0],[-43.40836457499995,-22.793292376999943,0.0],[-43.408152031999975,-22.793340623999939,0.0]]]]}},
{"type":"Feature","properties":{"OBJECTID":341,"uf":"RJ","geometria":"Sim","municipio":"SÃO JOÃO DE MERITI","processo":"Inundação","classe":"Baixa","fonte":"Produto obtido através da modelagem (ver Nota Técnica Explicativa do projeto) validado por trabalho de campo pela CPRM entre os anos de 2012 e 2014.","execucao":"CPRM (2013)","projeto":"Cartas de Suscetibilidade a Movimentos Gravitacionais de Massa e Inundações. Tema: Inundação.","ano":2013,"executor":"CPRM","shape_Length":0.0038217655593448694,"shape_Area":5.2222149203142374e-07},"geometry":{"type":"MultiPolygon","coordinates":[[[[-43.402402421999966,-22.799672978999979,0.0],[-43.402465938999967,-22.800486492999937,0.0],[-43.402634685999942,-22.800301184999967,0.0],[-43.402698462999979,-22.800039144999971,0.0],[-43.402988907999941,-22.799645505999933,0.0],[-43.403179773999966,-22.799239310999951,0.0],[-43.403212181999947,-22.799004386999968,0.0],[-43.40316426399994,-22.798833969999976,0.0],[-43.402402421999966,-22.799672978999979,0.0]]]]}},
{"type":"Feature","properties":{"OBJECTID":342,"uf":"RJ","geometria":"Sim","municipio":"SÃO JOÃO DE MERITI","processo":"Inundação","classe":"Baixa","fonte":"Produto obtido através da modelagem (ver Nota Técnica Explicativa do projeto) validado por trabalho de campo pela CPRM entre os anos de 2012 e 2014.","execucao":"CPRM (2013)","projeto":"Cartas de Suscetibilidade a Movimentos Gravitacionais de Massa e Inundações. Tema: Inundação.","ano":2013,"executor":"CPRM","shape_Length":0.0018904928207979809,"shape_Area":1.1932835273690022e-07},"geometry":{"type":"MultiPolygon","coordinates":[[[[-43.394799575999969,-22.80804511499997,0.0],[-43.395048534999944,-22.807770987999959,0.0],[-43.394591382999977,-22.80741712899993,0.0],[-43.39442947799995,-22.807388057999958,0.0],[-43.394729359999985,-22.807730292999963,0.0],[-43.394799575999969,-22.80804511499997,0.0]]]]}},
{"type":"Feature","properties":{"OBJECTID":343,"uf":"RJ","geometria":"Sim","municipio":"SÃO JOÃO DE MERITI","processo":"Inundação","classe":"Baixa","fonte":"Produto obtido através da modelagem (ver Nota Técnica Explicativa do projeto) validado por trabalho de campo pela CPRM entre os anos de 2012 e 2014.","execucao":"CPRM (2013)","projeto":"Cartas de Suscetibilidade a Movimentos Gravitacionais de Massa e Inundações. Tema: Inundação.","ano":2013,"executor":"CPRM","shape_Length":0.014704363363544195,"shape_Area":2.0102534973838646e-06},"geometry":{"type":"MultiPolygon","coordinates":[[[[-43.349036113999944,-22.791120028999956,0.0],[-43.349088342999949,-22.79117545899993,0.0],[-43.349447273999942,-22.791238440999962,0.0],[-43.35026069099996,-22.791297541999938,0.0],[-43.350684809999962,-22.791453770999965,0.0],[-43.350929795999946,-22.791633898999976,0.0],[-43.35217327099997,-22.791419878999932,0.0],[-43.353057735999982,-22.790944643999978,0.0],[-43.353235115999951,-22.79064985499997,0.0],[-43.353273472999945,-22.790147382999976,0.0],[-43.353188828999976,-22.789882792999947,0.0],[-43.35279643299998,-22.789550352999981,0.0],[-43.352546552999968,-22.788977079999938,0.0],[-43.351700889999961,-22.788212501999965,0.0],[-43.35161537099998,-22.788565354999946,0.0],[-43.351707930999964,-22.788854683999944,0.0],[-43.351961152999934,-22.789123433999976,0.0],[-43.352279856999985,-22.789263071999983,0.0],[-43.352617304999967,-22.78965319699995,0.0],[-43.352707205999934,-22.789893924999944,0.0],[-43.352622740999948,-22.790639103999979,0.0],[-43.352296387999957,-22.791255842999931,0.0],[-43.351918730999955,-22.791396930999952,0.0],[-43.350060793999944,-22.791232326999932,0.0],[-43.349342509999985,-22.790921269999956,0.0],[-43.349036113999944,-22.791120028999956,0.0]]]]}},
{"type":"Feature","properties":{"OBJECTID":345,"uf":"RJ","geometria":"Sim","municipio":"SÃO JOÃO DE MERITI","processo":"Inundação","classe":"Média","fonte":"Produto obtido através da modelagem (ver Nota Técnica Explicativa do projeto) validado por trabalho de campo pela CPRM entre os anos de 2012 e 2014.","execucao":"CPRM (2013)","projeto":"Cartas de Suscetibilidade a Movimentos Gravitacionais de Massa e Inundações. Tema: Inundação.","ano":2013,"executor":"CPRM","shape_Length":0.0085884811102477036,"shape_Area":1.4024606171121091e-06},"geometry":{"type":"MultiPolygon","coordinates":[[[[-43.355032734999952,-22.77433905099997,0.0],[-43.355075564999936,-22.774059696999927,0.0],[-43.355529005999983,-22.773345121999967,0.0],[-43.356017425999937,-22.77322722599996,0.0],[-43.356720915999972,-22.772905245999937,0.0],[-43.356828589999964,-22.77264239699997,0.0],[-43.356716885999958,-22.772446050999974,0.0],[-43.355875581999953,-22.772067738999965,0.0],[-43.355117142999973,-22.771359663999931,0.0],[-43.35515270999997,-22.771635554999932,0.0],[-43.355450957999949,-22.772158869999942,0.0],[-43.355900688999952,-22.772674618999929,0.0],[-43.355908196999962,-22.772775262999971,0.0],[-43.355798369999945,-22.772996865999971,0.0],[-43.355269501999942,-22.773367634999943,0.0],[-43.354993527999966,-22.773670109999955,0.0],[-43.354858982999986,-22.77409348599997,0.0],[-43.355032734999952,-22.77433905099997,0.0]]]]}},
{"type":"Feature","properties":{"OBJECTID":349,"uf":"RJ","geometria":"Sim","municipio":"SÃO JOÃO DE MERITI","processo":"Inundação","classe":"Baixa","fonte":"Produto obtido através da modelagem (ver Nota Técnica Explicativa do projeto) validado por trabalho de campo pela CPRM entre os anos de 2012 e 2014.","execucao":"CPRM (2013)","projeto":"Cartas de Suscetibilidade a Movimentos Gravitacionais de Massa e Inundações. Tema: Inundação.","ano":2013,"executor":"CPRM","shape_Length":0.032933165265690421,"shape_Area":9.8235547492572214e-06},"geometry":{"type":"MultiPolygon","coordinates":[[[[-43.367400423999982,-22.790767220999953,0.0],[-43.367470476999983,-22.790964053999971,0.0],[-43.367474410999932,-22.791353130999937,0.0],[-43.367393726999978,-22.791575287999933,0.0],[-43.365498310999953,-22.792984949999948,0.0],[-43.364448791999962,-22.793888586999969,0.0],[-43.363753913999972,-22.794342283999981,0.0],[-43.36439102199995,-22.794297386999972,0.0],[-43.364686881999944,-22.794048797999949,0.0],[-43.365016405999938,-22.793586945999948,0.0],[-43.36582445199997,-22.793475273999945,0.0],[-43.366177383999968,-22.793351994999966,0.0],[-43.366807306999931,-22.792685106999954,0.0],[-43.367152646999955,-22.792675953999947,0.0],[-43.36723912399998,-22.792831620999948,0.0],[-43.367318877999935,-22.793513291999943,0.0],[-43.367653125999936,-22.794336512999962,0.0],[-43.368332370999951,-22.794900962999975,0.0],[-43.367940653999938,-22.795464313999958,0.0],[-43.367134058999966,-22.796010268999964,0.0],[-43.366795405999937,-22.796373611999968,0.0],[-43.366421249999973,-22.797452009999972,0.0],[-43.366101305999962,-22.797510660999933,0.0],[-43.365521204999936,-22.797250357999928,0.0],[-43.366197313999976,-22.798272832999942,0.0],[-43.366880012999957,-22.798220107999953,0.0],[-43.366760362999969,-22.797523354999953,0.0],[-43.36682992599998,-22.796618924999962,0.0],[-43.367158126999982,-22.79616578699995,0.0],[-43.367647443999942,-22.795897471999979,0.0],[-43.367971036999961,-22.795824098999958,0.0],[-43.368931544999953,-22.795935223999948,0.0],[-43.369943084999932,-22.795740163999938,0.0],[-43.370260927999936,-22.795118202999959,0.0],[-43.370609842999954,-22.795270441999946,0.0],[-43.37062111299997,-22.794322290999958,0.0],[-43.37026347699998,-22.794452233999948,0.0],[-43.370207866999976,-22.794339785999966,0.0],[-43.368516367999973,-22.794215916999974,0.0],[-43.367847393999966,-22.79399080099995,0.0],[-43.367731577999962,-22.793709256999932,0.0],[-43.367838018999976,-22.793262235999975,0.0],[-43.367965592999951,-22.79304454399994,0.0],[-43.368326974999945,-22.792786982999928,0.0],[-43.368523683999967,-22.792471187999979,0.0],[-43.368720255999961,-22.792387616999974,0.0],[-43.368988548999937,-22.792363913999964,0.0],[-43.368261882999946,-22.791237634999959,0.0],[-43.367547118999937,-22.790740325999934,0.0],[-43.367400423999982,-22.790767220999953,0.0]]]]}},
{"type":"Feature","properties":{"OBJECTID":350,"uf":"RJ","geometria":"Sim","municipio":"SÃO JOÃO DE MERITI","processo":"Inundação","classe":"Média","fonte":"Produto obtido através da modelagem (ver Nota Técnica Explicativa do projeto) validado por trabalho de campo pela CPRM entre os anos de 2012 e 2014.","execucao":"CPRM (2013)","projeto":"Cartas de Suscetibilidade a Movimentos Gravitacionais de Massa e Inundações. Tema: Inundação.","ano":2013,"executor":"CPRM","shape_Length":0.0020456786538211994,"shape_Area":2.6023925358412916e-07},"geometry":{"type":"MultiPolygon","coordinates":[[[[-43.38715154199997,-22.777715991999969,0.0],[-43.387175275999937,-22.778144170999951,0.0],[-43.38724775299994,-22.77807589899993,0.0],[-43.387735256999974,-22.777996610999935,0.0],[-43.387747703999935,-22.77783302399996,0.0],[-43.387653139999941,-22.777636343999973,0.0],[-43.387464411999986,-22.777538758999981,0.0],[-43.387160586999983,-22.777597104999927,0.0],[-43.38715154199997,-22.777715991999969,0.0]]]]}},
{"type":"Feature","properties":{"OBJECTID":351,"uf":"RJ","geometria":"Sim","municipio":"SÃO JOÃO DE MERITI","processo":"Inundação","classe":"Média","fonte":"Produto obtido através da modelagem (ver Nota Técnica Explicativa do projeto) validado por trabalho de campo pela CPRM entre os anos de 2012 e 2014.","execucao":"CPRM (2013)","projeto":"Cartas de Suscetibilidade a Movimentos Gravitacionais de Massa e Inundações. Tema: Inundação.","ano":2013,"executor":"CPRM","shape_Length":0.0019358524765261766,"shape_Area":1.2738809919220632e-07},"geometry":{"type":"MultiPolygon","coordinates":[[[[-43.356517662999977,-22.764194376999967,0.0],[-43.356640637999931,-22.764012678999961,0.0],[-43.356522798999947,-22.763814447999948,0.0],[-43.35584093999995,-22.763781008999956,0.0],[-43.356248794999942,-22.763955898999939,0.0],[-43.356517662999977,-22.764194376999967,0.0]]]]}},
{"type":"Feature","properties":{"OBJECTID":352,"uf":"RJ","geometria":"Sim","municipio":"SÃO JOÃO DE MERITI","processo":"Inundação","classe":"Baixa","fonte":"Produto obtido através da modelagem (ver Nota Técnica Explicativa do projeto) validado por trabalho de campo pela CPRM entre os anos de 2012 e 2014.","execucao":"CPRM (2013)","projeto":"Cartas de Suscetibilidade a Movimentos Gravitacionais de Massa e Inundações. Tema: Inundação.","ano":2013,"executor":"CPRM","shape_Length":0.0036728642739061149,"shape_Area":2.6299566376286207e-07},"geometry":{"type":"MultiPolygon","coordinates":[[[[-43.35880162199993,-22.801200156999982,0.0],[-43.358017489999952,-22.801206319999949,0.0],[-43.357371140999931,-22.801092946999972,0.0],[-43.357342842999969,-22.801004510999974,0.0],[-43.35707673099995,-22.801045655999928,0.0],[-43.357250504999968,-22.80118166699998,0.0],[-43.358025974999975,-22.801391322999962,0.0],[-43.358435598999961,-22.801434301999961,0.0],[-43.35880162199993,-22.801200156999982,0.0]]]]}}
]
}
