{
"type": "FeatureCollection",
"name": "movimentos_de_massa",
"crs": { "type": "name", "properties": { "name": "urn:ogc:def:crs:EPSG::4674" } },
"features": [
{"type":"Feature","properties":{"OBJECTID":1,"municipio":"SÃO JOÃO DE MERITI","uf":"RJ","processo":"Deslizamento","classe":"Média","obs":null,"fonte":"Produto obtido através da modelagem (ver Nota Técnica Explicativa do projeto) validado por trabalho de campo pela CPRM no ano de 2012 a 2014.","execucao":"SGB-CPRM (2013)","projeto":"Cartas de Suscetibilidade a Movimentos Gravitacionais de Massa e Inundações. Tema: Movimento de massa.","shape_Length":0.0023691647696190989,"shape_Area":2.7342669632099109e-07},"geometry":{"type":"MultiPolygon","coordinates":[[[[-43.365062054999953,-22.779543411999953],[-43.365015362999941,-22.779703443999949],[-43.365282548999971,-22.779677925999977],[-43.365510158999939,-22.779566486999954],[-43.365815832999942,-22.779223761999958],[-43.365828678999947,-22.778997814999968],[-43.365678798999966,-22.778971142999978],[-43.365387134999935,-22.77920766099993],[-43.365062054999953,-22.779543411999953]]]]}},
{"type":"Feature","properties":{"OBJECTID":2,"municipio":"SÃO JOÃO DE MERITI","uf":"RJ","processo":"Deslizamento","classe":"Média","obs":null,"fonte":"Produto obtido através da modelagem (ver Nota Técnica Explicativa do projeto) validado por trabalho de campo pela CPRM no ano de 2012 a 2014.","execucao":"SGB-CPRM (2013)","projeto":"Cartas de Suscetibilidade a Movimentos Gravitacionais de Massa e Inundações. Tema: Movimento de massa.","shape_Length":0.026257100061759901,"shape_Area":1.4160119647463878e-05},"geometry":{"type":"MultiPolygon","coordinates":[[[[-43.361975369999982,-22.789585670999941],[-43.360485532999974,-22.790113142999928],[-43.359061876999931,-22.789687182999955],[-43.358584244999975,-22.78978335499994],[-43.358467415999939,-22.789898253999979],[-43.358424276999983,-22.790088393999952],[-43.358678904999977,-22.79085582099998],[-43.358984419999956,-22.791409951999981],[-43.359229532999962,-22.791642164999928],[-43.359533469999974,-22.791697312999929],[-43.359966953999958,-22.791316837999943],[-43.360178871999949,-22.791317048999929],[-43.360347563999937,-22.791451369999947],[-43.360847896999985,-22.792374709999933],[-43.360837216999983,-22.792586781999944],[-43.360671744999934,-22.792929919999949],[-43.360642367999958,-22.793320137999956],[-43.360719893999942,-22.793608396999957],[-43.360967373999983,-22.793861756999945],[-43.361712266999973,-22.794229621999932],[-43.362745809999979,-22.794298314999935],[-43.36313998199995,-22.794456569999966],[-43.363961925999945,-22.794084612999939],[-43.364632969999946,-22.793481829999962],[-43.364945038999963,-22.793027762999941],[-43.364964965999945,-22.792697357999941],[-43.364695998999935,-22.79218061499995],[-43.364207724999972,-22.791808463999928],[-43.363784173999932,-22.791776222999943],[-43.36352593099997,-22.79191257399998],[-43.363481401999934,-22.792122893999931],[-43.363779679999936,-22.792395547999945],[-43.363816757999984,-22.79256795799995],[-43.363698735999947,-22.792696401999933],[-43.363146937999943,-22.792954961999953],[-43.362595648999957,-22.793017405999933],[-43.362173344999974,-22.792968196999936],[-43.36202398599994,-22.792839742999945],[-43.361807355999986,-22.792426015999979],[-43.361694618999934,-22.791560768999943],[-43.361499565999964,-22.79101525599998],[-43.361496689999967,-22.790676816999962],[-43.361579097999936,-22.790608489999954],[-43.36175430399993,-22.790779977999932],[-43.362060060999966,-22.791468798999972],[-43.362332334999962,-22.791652498999952],[-43.362553652999964,-22.791631128999938],[-43.362624276999952,-22.791311436999933],[-43.362458819999972,-22.790706783999951],[-43.362530886999934,-22.790501474999928],[-43.362886744999969,-22.790040547999979],[-43.362912589999951,-22.789854971999944],[-43.362829648999934,-22.789683518999936],[-43.362532422999948,-22.789579988999947],[-43.361975369999982,-22.789585670999941]]]]}},
{"type":"Feature","properties":{"OBJECTID":11,"municipio":"SÃO JOÃO DE MERITI","uf":"RJ","processo":"Deslizamento","classe":"Média","obs":null,"fonte":"Produto obtido através da modelagem (ver Nota Técnica Explicativa do projeto) validado por trabalho de campo pela CPRM no ano de 2012 a 2014.","execucao":"SGB-CPRM (2013)","projeto":"Cartas de Suscetibilidade a Movimentos Gravitacionais de Massa e Inundações. Tema: Movimento de massa.","shape_Length":0.0073274416186902176,"shape_Area":2.490126213750892e-06},"geometry":{"type":"MultiPolygon","coordinates":[[[[-43.393370660999949,-22.787948368999935],[-43.394180099999971,-22.788856752999948],[-43.394481448999954,-22.788684011999976],[-43.394613438999954,-22.788349453999956],[-43.394555486999934,-22.788035399999956],[-43.394224467999948,-22.787422620999962],[-43.393060365999929,-22.786336129999938],[-43.392668149999963,-22.786229771999956],[-43.392333027999939,-22.786303715999964],[-43.392263376999949,-22.786484881999968],[-43.392429705999973,-22.786791544999971],[-43.393131665999931,-22.787514366999972],[-43.393370660999949,-22.787948368999935]]]]}},
{"type":"Feature","properties":{"OBJECTID":12,"municipio":"SÃO JOÃO DE MERITI","uf":"RJ","processo":"Deslizamento","classe":"Alta","obs":null,"fonte":"Produto obtido através da modelagem (ver Nota Técnica Explicativa do projeto) validado por trabalho de campo pela CPRM no ano de 2012 a 2014.","execucao":"SGB-CPRM (2013)","projeto":"Cartas de Suscetibilidade a Movimentos Gravitacionais de Massa e Inundações. Tema: Movimento de massa.","shape_Length":0.0029975053932281772,"shape_Area":2.2490123202506056e-07},"geometry":{"type":"MultiPolygon","coordinates":[[[[-43.347566300999972,-22.783315094999978],[-43.348003064999943,-22.783563865999952],[-43.348300613999982,-22.783548205999978],[-43.347961639999937,-22.783340947999932],[-43.347295165999981,-22.782761851999965],[-43.34712353599997,-22.782721670999933],[-43.347566300999972,-22.783315094999978]]]]}},
{"type":"Feature","properties":{"OBJECTID":13,"municipio":"SÃO JOÃO DE MERITI","uf":"RJ","processo":"Deslizamento","classe":"Baixa","obs":null,"fonte":"Produto obtido através da modelagem (ver Nota Técnica Explicativa do projeto) validado por trabalho de campo pela CPRM no ano de 2012 a 2014.","execucao":"SGB-CPRM (2013)","projeto":"Cartas de Suscetibilidade a Movimentos Gravitacionais de Massa e Inundações. Tema: Movimento de massa.","shape_Length":0.0030774174231048058,"shape_Area":5.5991492099685978e-07},"geometry":{"type":"MultiPolygon","coordinates":[[[[-43.366902204999974,-22.783967160999964],[-43.36681256199995,-22.784605172999932],[-43.367233112999941,-22.784503402999974],[-43.367517063999969,-22.784225036999942],[-43.367523745999961,-22.783727022999983],[-43.367387942999983,-22.783445555999947],[-43.367197064999971,-22.783443070999965],[-43.366902204999974,-22.783967160999964]]]]}},
{"type":"Feature","properties":{"OBJECTID":15,"municipio":"SÃO JOÃO DE MERITI","uf":"RJ","processo":"Deslizamento","classe":"Alta","obs":null,"fonte":"Produto obtido através da modelagem (ver Nota Técnica Explicativa do projeto) validado por trabalho de campo pela CPRM no ano de 2012 a 2014.","execucao":"SGB-CPRM (2013)","projeto":"Cartas de Suscetibilidade a Movimentos Gravitacionais de Massa e Inundações. Tema: Movimento de massa.","shape_Length":0.0019953766451749691,"shape_Area":2.4722659247088043e-07},"geometry":{"type":"MultiPolygon","coordinates":[[[[-43.342335650999985,-22.778915004999931],[-43.342476462999969,-22.779114978999928],[-43.343049617999952,-22.77908249199993],[-43.343131998999979,-22.779001780999977],[-43.343127057999936,-22.778885509999952],[-43.342832081999973,-22.778715208999927],[-43.342418291999934,-22.778744366999945],[-43.342335650999985,-22.778915004999931]]]]}},
{"type":"Feature","properties":{"OBJECTID":16,"municipio":"SÃO JOÃO DE MERITI","uf":"RJ","processo":"Deslizamento","classe":"Média","obs":null,"fonte":"Produto obtido através da modelagem (ver Nota Técnica Explicativa do projeto) validado por trabalho de campo pela CPRM no ano de 2012 a 2014.","execucao":"SGB-CPRM (2013)","projeto":"Cartas de Suscetibilidade a Movimentos Gravitacionais de Massa e Inundações. Tema: Movimento de massa.","shape_Length":0.010914232413130262,"shape_Area":4.8596940154300787e-06},"geometry":{"type":"MultiPolygon","coordinates":[[[[-43.386784514999931,-22.793688930999963],[-43.386759723999944,-22.795087598999942],[-43.386838998999963,-22.795277312999929],[-43.387392224999985,-22.795881338999948],[-43.387585433999959,-22.795743014999971],[-43.387709961999974,-22.795470562999981],[-43.387799869999981,-22.794569774999957],[-43.387899607999941,-22.794318081999961],[-43.388146664999965,-22.794303],[-43.388554395999961,-22.794806483999935],[-43.38888461099998,-22.794938606999949],[-43.389241010999967,-22.794717486999957],[-43.389340493999953,-22.794205188999968],[-43.389238207999938,-22.793907438999952],[-43.38903957499997,-22.793680313999971],[-43.388222457999973,-22.79315706999995],[-43.387907821999931,-22.793091576999927],[-43.387661443999946,-22.792508290999933],[-43.38738518699995,-22.792264387999978],[-43.387242842999967,-22.792247974999952],[-43.387136412999951,-22.792353133999939],[-43.386963531999982,-22.793106863999981],[-43.386784514999931,-22.793688930999963]]]]}},
{"type":"Feature","properties":{"OBJECTID":17,"municipio":"SÃO JOÃO DE MERITI","uf":"RJ","processo":"Deslizamento","classe":"Média","obs":null,"fonte":"Produto obtido através da modelagem (ver Nota Técnica Explicativa do projeto) validado por trabalho de campo pela CPRM no ano de 2012 a 2014.","execucao":"SGB-CPRM (2013)","projeto":"Cartas de Suscetibilidade a Movimentos Gravitacionais de Massa e Inundações. Tema: Movimento de massa.","shape_Length":0.0100742054040366,"shape_Area":4.8330230894146221e-06},"geometry":{"type":"MultiPolygon","coordinates":[[[[-43.38991219899998,-22.77546072399997],[-43.389961092999954,-22.775842155999953],[-43.390131129999929,-22.776120116999948],[-43.391106612999977,-22.776859460999958],[-43.391709073999948,-22.776851409999949],[-43.392103684999938,-22.776757059999966],[-43.392382132999956,-22.776520174999973],[-43.392602582999984,-22.776120460999948],[-43.392626226999937,-22.775701165999976],[-43.392540443999962,-22.775333092999972],[-43.392136585999936,-22.774629043999937],[-43.391951925999933,-22.774516993999953],[-43.391112086999954,-22.774461043999963],[-43.390630262999935,-22.774565269999982],[-43.390144686999975,-22.774990509999952],[-43.38991219899998,-22.77546072399997]],[[-43.391021402999968,-22.775788344999967],[-43.391114527999946,-22.775551534999977],[-43.391371654999944,-22.775499402999969],[-43.391616967999937,-22.77553914799995],[-43.391872699999965,-22.775796215999947],[-43.391021402999968,-22.775788344999967]]]]}},
{"type":"Feature","properties":{"OBJECTID":18,"municipio":"SÃO JOÃO DE MERITI","uf":"RJ","processo":"Deslizamento","classe":"Baixa","obs":null,"fonte":"Produto obtido através da modelagem (ver Nota Técnica Explicativa do projeto) validado por trabalho de campo pela CPRM no ano de 2012 a 2014.","execucao":"SGB-CPRM (2013)","projeto":"Cartas de Suscetibilidade a Movimentos Gravitacionais de Massa e Inundações. Tema: Movimento de massa.","shape_Length":1.5318781723134889,"shape_Area":0.0021267069841062409},"geometry":{"type":"MultiPolygon","coordinates":[[[[-43.329853592999939,-22.771294808999983],[-43.330278113999952,-22.771041451999963],[-43.330404377999969,-22.771077327999933],[-43.330532092999931,-22.771247743999936],[-43.33063285299994,-22.771630698999957],[-43.330869632999963,-22.773993441999949],[-43.331113454999979,-22.774360504999947],[-43.331436613999983,-22.774542142999962],[-43.331613571999981,-22.774542763999932],[-43.331732750999947,-22.774349413999971],[-43.331900152999935,-22.772967458999972],[-43.332054293999931,-22.772865321999973],[-43.33242023899993,-22.773013766999952],[-43.33264535099994,-22.772998780999956],[-43.332763915999976,-22.772786861999975],[-43.332778295999958,-22.772366358999932],[-43.332709024999986,-22.771568228999968],[-43.332408419999979,-22.77093598099998],[-43.33226000999997,-22.77244402499997],[-43.332122484999957,-22.772632724999937],[-43.331911528999967,-22.77255618199996],[-43.331616170999951,-22.772038302999931],[-43.331481907999944,-22.771547157999976],[-43.331441767999934,-22.771048231999941],[-43.331511912999986,-22.770662503999972],[-43.331656377999934,-22.770401140999979],[-43.331975255999964,-22.77014750799998],[-43.332570373999943,-22.770280681999964],[-43.333097867999982,-22.770274581999956],[-43.333246895999935,-22.77049586499993],[-43.333537272999934,-22.771542881999949],[-43.333514787999945,-22.771931951999932],[-43.333257776999972,-22.772600108999939],[-43.333268200999953,-22.773198244999946],[-43.333352460999947,-22.773512416999949],[-43.333828127999936,-22.774194743999942],[-43.334200976999966,-22.774594511999965],[-43.335957103999931,-22.776086990999943],[-43.337181971999939,-22.776839214999939],[-43.337285712999972,-22.777146778999963],[-43.337122144999967,-22.777520640999967],[-43.336567154999955,-22.77789968299993],[-43.334846981999931,-22.778637186999958],[-43.333787452999957,-22.778860010999949],[-43.333528024999964,-22.779392906999931],[-43.333289951999973,-22.779647890999968],[-43.33276378599993,-22.779905065999969],[-43.332374725999955,-22.779958208999972],[-43.331777150999983,-22.779739610999968],[-43.331512787999941,-22.779446061999977],[-43.331423055999949,-22.77883427699993],[-43.33163374999998,-22.777953172999958],[-43.331626962999962,-22.777437502999931],[-43.33134696999997,-22.776832851999927],[-43.331178924999961,-22.77674918799994],[-43.33103265799997,-22.776769195999975],[-43.330908324999939,-22.776972163999972],[-43.330797444999973,-22.777883109999948],[-43.330622559999938,-22.778283726999973],[-43.330435300999966,-22.779172444999972],[-43.331085666999968,-22.780458132999968],[-43.331090563999965,-22.781125620999944],[-43.330939546999957,-22.78146527499996],[-43.330470242999979,-22.781927307999979],[-43.330131567999956,-22.782152060999977],[-43.329775044999963,-22.782225258999972],[-43.329826331999982,-22.784494310999946],[-43.330419587999984,-22.785257731999934],[-43.330714782999962,-22.785852180999939],[-43.330506738999929,-22.786662587999956],[-43.330722241999979,-22.787343766999982],[-43.330716636999966,-22.788136450999957],[-43.330453728999942,-22.788691941999957],[-43.329999954999948,-22.789015893999931],[-43.33018978299998,-22.791909867999948],[-43.331697333999955,-22.793382243999929],[-43.331844072999957,-22.793268440999952],[-43.331888602999982,-22.792972944999974],[-43.331729035999956,-22.792175530999941],[-43.331808697999975,-22.792061601999933],[-43.332029129999967,-22.792074678999938],[-43.332716773999948,-22.792666465999957],[-43.332860106999931,-22.793007531999933],[-43.33286471599996,-22.793333185999927],[-43.332672936999984,-22.79381845599994],[-43.33235220399996,-22.794105973999933],[-43.33206232799995,-22.794197538999981],[-43.331535560999953,-22.794219325999961],[-43.330799734999971,-22.793829649999964],[-43.33026844099993,-22.792876389999947],[-43.330640795999955,-22.799493163999955],[-43.331065309999985,-22.802612484999941],[-43.335154708999937,-22.803005274999975],[-43.335369460999971,-22.80301738199995],[-43.336564864999957,-22.803084764999937],[-43.339304843999969,-22.803174861999935],[-43.33944883199996,-22.803179596999939],[-43.34152964499998,-22.803336424999941],[-43.341542654999955,-22.803337404999979],[-43.343622981999943,-22.803456184999959],[-43.345053716999985,-22.803568194999968],[-43.345552668999972,-22.803573372999949],[-43.346373865999965,-22.803581894999979],[-43.346874732999936,-22.803658662999965],[-43.346917753999946,-22.803665256999977],[-43.34804829899997,-22.803761171999952],[-43.348466696999935,-22.803773466999928],[-43.348520906999966,-22.803708021999967],[-43.34864061299993,-22.803563507999968],[-43.348672994999959,-22.80352441499997],[-43.349014631999978,-22.803344891999927],[-43.34938253699994,-22.803216306999957],[-43.349769311999978,-22.803146709999965],[-43.350157484999954,-22.803098349999971],[-43.350551036999946,-22.803023939999946],[-43.350939326999935,-22.802982261999944],[-43.351333574999956,-22.802930979999928],[-43.351361329999975,-22.80292905899995],[-43.351732114999947,-22.80290340199997],[-43.352127529999962,-22.802844181999944],[-43.352513516999977,-22.80277510999997],[-43.352892526999938,-22.802670471999932],[-43.353268806999949,-22.802574206999964],[-43.353269237999939,-22.802574092999976],[-43.353646684999944,-22.802474521999955],[-43.354028531999973,-22.802401249999946],[-43.354029891999971,-22.802401626999938],[-43.354033767999965,-22.802401935999967],[-43.354419251999957,-22.802432649999957],[-43.354720450999935,-22.802491879999934],[-43.354807,-22.802508899999964],[-43.355196649999982,-22.802597],[-43.355321079999953,-22.802610654999967],[-43.35559180499996,-22.802640359999941],[-43.355985394999948,-22.802668171999983],[-43.356372694999948,-22.802716779999969],[-43.356766241999935,-22.80269943199994],[-43.35715311499996,-22.802645621999943],[-43.357549888999984,-22.802618914999982],[-43.357935698999938,-22.802678159999971],[-43.358295873999964,-22.802742905999935],[-43.358319930999983,-22.802747229999966],[-43.35834759599993,-22.802753841999959],[-43.358700978999934,-22.802838304999966],[-43.359020335999958,-22.802896093999948],[-43.359090453999954,-22.802908781999975],[-43.359137621999935,-22.802920893999953],[-43.359465980999971,-22.803005214999928],[-43.359831420999967,-22.803147059999958],[-43.360154440999963,-22.803349696999931],[-43.36043549599998,-22.803597450999973],[-43.36044323699997,-22.803604274999941],[-43.36075478999993,-22.803837409999971],[-43.360792295999943,-22.803863478999972],[-43.361068279999984,-22.804055301999938],[-43.361369704999959,-22.804288331999942],[-43.361490723999964,-22.804384219999974],[-43.361503741999968,-22.804394534999972],[-43.361521386999982,-22.804479586999946],[-43.361743441999977,-22.804453978999959],[-43.36262766699997,-22.804352009999945],[-43.365237024999942,-22.804048476999981],[-43.365537071999938,-22.804077461999952],[-43.366287436999983,-22.804421941999976],[-43.367330256999935,-22.804847136999967],[-43.368074881999974,-22.805087924999953],[-43.369414823999932,-22.805202024999971],[-43.369450373999939,-22.805208131999962],[-43.369453338999961,-22.805208641999968],[-43.370056218999935,-22.805312211999933],[-43.370292865999943,-22.805385874999956],[-43.370294713999954,-22.805387722999967],[-43.370479268999929,-22.805572366999968],[-43.370707465999942,-22.805769001999977],[-43.37123423099996,-22.806266616999949],[-43.371435305999967,-22.806437284999959],[-43.371496785999966,-22.806488406999961],[-43.371665223999969,-22.806647271999964],[-43.372164778999945,-22.80707091499994],[-43.372314155999959,-22.807186006999927],[-43.372465981999937,-22.807242329999951],[-43.373391626999933,-22.807413744999963],[-43.373412107999968,-22.807416326999942],[-43.373096397999973,-22.807312115999935],[-43.372847276999948,-22.807085692999976],[-43.372601209999971,-22.806168351999929],[-43.372739441999954,-22.805963546999976],[-43.372914866999963,-22.805932935999977],[-43.373094218999938,-22.805994353999949],[-43.373751509999977,-22.806608406999942],[-43.373929548999968,-22.806628359999934],[-43.37455876599995,-22.806481564999956],[-43.37476759499998,-22.80650732099997],[-43.374899943999935,-22.806604473999982],[-43.374836823999942,-22.806818373999931],[-43.374499700999934,-22.807044080999958],[-43.373532585999953,-22.80743151799993],[-43.373954849999961,-22.807484759999966],[-43.374148304999949,-22.807516594999981],[-43.374162621999972,-22.807521707999967],[-43.37421924299997,-22.807541929999957],[-43.374319721999939,-22.807577814999945],[-43.374456013999975,-22.807647322999969],[-43.374564601999964,-22.807702701999972],[-43.375127824999936,-22.808109201999969],[-43.375323675999937,-22.808240054999942],[-43.375688599999933,-22.808483869999975],[-43.375906541999939,-22.808662631999937],[-43.376161216999947,-22.808983424999951],[-43.376322836999975,-22.809265036999932],[-43.376379159999942,-22.80962255999998],[-43.376385709999965,-22.809674056999938],[-43.376467316999936,-22.810315569999943],[-43.376521700999945,-22.810470355999939],[-43.377332313999943,-22.810495981999964],[-43.378953736999961,-22.81031110999993],[-43.379328663999956,-22.810333229999969],[-43.379729990999977,-22.810532172999956],[-43.380445922999968,-22.810652104999974],[-43.382614574999934,-22.811585622999928],[-43.383042852999949,-22.811853796999969],[-43.383828398999981,-22.81255621899993],[-43.383977775999938,-22.812742325999977],[-43.38418347399994,-22.81306067099996],[-43.384369583999955,-22.813550428999974],[-43.384386719999952,-22.813584701999957],[-43.384620579999932,-22.813700466999933],[-43.385882313999957,-22.813878011999975],[-43.386667799999941,-22.814252100999965],[-43.387297484999976,-22.814441540999951],[-43.387734030999979,-22.814262890999942],[-43.388630310999986,-22.813612915999954],[-43.389067283999964,-22.813397652999981],[-43.389641607999977,-22.813257002999933],[-43.389995510999938,-22.81338872699996],[-43.390503674999934,-22.812775048999981],[-43.390361102999975,-22.812273171999948],[-43.389802262999979,-22.811073653999983],[-43.389805060999947,-22.81066042599997],[-43.390011783999967,-22.81021485399998],[-43.390067184999964,-22.809903263999956],[-43.390046852999944,-22.809674357999938],[-43.389842193999982,-22.809182092999947],[-43.389748248999979,-22.807801173999962],[-43.389764385999968,-22.807583902999966],[-43.389917993999973,-22.807330793999938],[-43.390671005999934,-22.806787115999953],[-43.390947607999976,-22.806726710999953],[-43.391106426999954,-22.806842941999946],[-43.391243002999943,-22.807467191999933],[-43.391338573999974,-22.807607903999951],[-43.391535673999954,-22.807567420999931],[-43.391792297999984,-22.80702919099997],[-43.392090408999934,-22.806954064999957],[-43.39229163899995,-22.807093836999968],[-43.392585756999949,-22.807693523999944],[-43.392773668999951,-22.807855328999949],[-43.392993769999975,-22.807913696999947],[-43.39324688499994,-22.807825976999936],[-43.393715111999938,-22.807274479999933],[-43.393913161999933,-22.807192941999972],[-43.39410960999993,-22.807206189999931],[-43.394239069999969,-22.807316732999936],[-43.394252796999979,-22.807468184999948],[-43.393929417999971,-22.807950288999962],[-43.393918812999971,-22.808130656999936],[-43.394409185999962,-22.808474966999938],[-43.399269477999951,-22.803123104999941],[-43.399061396999969,-22.802080518999958],[-43.399116096999933,-22.801845915999934],[-43.399285363999979,-22.801605277999954],[-43.399926792999963,-22.801191905999929],[-43.400906262999968,-22.801320641999951],[-43.40400563399993,-22.797907361999933],[-43.404099892999966,-22.797671879999939],[-43.404699929999936,-22.797047053999961],[-43.404759605999971,-22.796707580999964],[-43.403202888999942,-22.795827044999953],[-43.40231420799995,-22.795618674999957],[-43.402318905999948,-22.795747885999958],[-43.402543841999943,-22.796036982999965],[-43.403514334999954,-22.797057264999978],[-43.403757345999963,-22.797524640999939],[-43.403760675999933,-22.797736770999961],[-43.40358471299993,-22.797929670999963],[-43.403288913999972,-22.798070816999939],[-43.403157816999965,-22.797998011999937],[-43.402947237999967,-22.797741977999976],[-43.40275610599997,-22.79718249299998],[-43.402503757999966,-22.796894307999935],[-43.402188397999964,-22.796665283999971],[-43.401505809999946,-22.796466070999941],[-43.401211014999944,-22.796185787999946],[-43.401052895999953,-22.794884078999928],[-43.400781546999951,-22.794430428999931],[-43.400814869999977,-22.794182519999936],[-43.400954050999985,-22.79391226499996],[-43.401086441999951,-22.793853005999949],[-43.401244616999975,-22.793924065999931],[-43.401724902999945,-22.794712283999957],[-43.401984944999981,-22.794899549999968],[-43.403099567999959,-22.794995775999951],[-43.403527786999973,-22.794949450999979],[-43.403933241999937,-22.794810093999956],[-43.404197108999938,-22.794836111999928],[-43.40447200899996,-22.795096076999982],[-43.404719192999949,-22.795797862999962],[-43.405359287999943,-22.796416530999977],[-43.40997909999993,-22.791328208999971],[-43.409121499999969,-22.790367697999955],[-43.40897760699994,-22.789952605999929],[-43.40887838499998,-22.789908293999929],[-43.40877385899995,-22.789873550999971],[-43.408504149999942,-22.789783904999979],[-43.408149624999965,-22.789631349999979],[-43.407913899999983,-22.789338734999944],[-43.407654201999947,-22.789055810999969],[-43.40745911199997,-22.788728196999955],[-43.407294759999957,-22.788454850999983],[-43.407294677999971,-22.788454715999933],[-43.40725987999997,-22.788396839999962],[-43.407258382999942,-22.788394031999928],[-43.407086104999962,-22.788070881999943],[-43.406876844999942,-22.787756130999981],[-43.406747859999939,-22.787406236999971],[-43.406647824999936,-22.787046336999936],[-43.406544781999969,-22.786693631999981],[-43.40641984399997,-22.786503741999979],[-43.406336326999963,-22.786376809999979],[-43.406047184999977,-22.786122401999933],[-43.405725301999951,-22.785911014999954],[-43.40537913999998,-22.78574408999998],[-43.405008296999938,-22.785613946999945],[-43.404810626999961,-22.78555291899994],[-43.404627374999961,-22.785496341999931],[-43.40430618399995,-22.785355428999935],[-43.404271156999982,-22.785340061999932],[-43.403905804999965,-22.785198679999951],[-43.403566204999947,-22.785020346999943],[-43.40326572999993,-22.784786319999967],[-43.403047631999982,-22.784478791999959],[-43.402865144999964,-22.784157981999954],[-43.402760081999929,-22.783803989999967],[-43.402702144999978,-22.783435026999939],[-43.402662792999934,-22.783146504999934],[-43.402652879999948,-22.783073826999953],[-43.402578044999984,-22.782717066999965],[-43.40257586499996,-22.782711986999971],[-43.40223367699997,-22.782539224999937],[-43.40220142499993,-22.782532036999953],[-43.40193801199996,-22.782319241999971],[-43.401687326999934,-22.782042181999941],[-43.401433071999975,-22.781762466999965],[-43.401281851999954,-22.781578266999929],[-43.401190109999959,-22.781466516999956],[-43.400933251999959,-22.781184606999943],[-43.400631529999941,-22.780941714999983],[-43.400307896999948,-22.78070663699998],[-43.400036476999958,-22.780446164999944],[-43.399766471999953,-22.780164574999958],[-43.399492819999978,-22.77990353499996],[-43.399246564999942,-22.779623264999941],[-43.398966221999956,-22.779359811999939],[-43.398741171999973,-22.779056994999962],[-43.398464239999953,-22.778801881999982],[-43.398330399999963,-22.77869900099995],[-43.398163654999962,-22.778570826999953],[-43.397863776999941,-22.778337429999965],[-43.397597004999966,-22.778071671999953],[-43.397438879999982,-22.777950664999935],[-43.397399224999958,-22.777920319999964],[-43.39729409499995,-22.777839866999955],[-43.397105394999983,-22.777631391999932],[-43.397033329999942,-22.777551771999981],[-43.396947772999965,-22.777474652999956],[-43.396745064999948,-22.777291936999973],[-43.396471579999968,-22.777034149999963],[-43.396212674999958,-22.776762234999978],[-43.395982959999969,-22.776515245999974],[-43.395951441999955,-22.776481356999966],[-43.395682234999981,-22.776216204999969],[-43.395368309999981,-22.775993951999965],[-43.395055364999962,-22.775771434999967],[-43.394736493999972,-22.775555904999976],[-43.394452496999975,-22.775306494999938],[-43.394171348999976,-22.775055216999931],[-43.393925176999971,-22.774761214999955],[-43.393751055999985,-22.774594625999953],[-43.393653,-22.774500811999928],[-43.393404034999946,-22.774220869999965],[-43.393293877999952,-22.77409361399998],[-43.393157659999986,-22.773936251999942],[-43.392905944999939,-22.773650319999945],[-43.392642266999985,-22.773379526999975],[-43.39234083499997,-22.773139421999929],[-43.392030904999956,-22.772918194999932],[-43.39175242999994,-22.772655561999954],[-43.391473136999934,-22.77239635199993],[-43.391183375999958,-22.772149586999944],[-43.390928944999985,-22.771871661999967],[-43.390695926999967,-22.771578146999957],[-43.390472889999955,-22.771272449999969],[-43.390267803999961,-22.770964041999946],[-43.38997822999994,-22.770710234999967],[-43.38971003499995,-22.770443636999971],[-43.389414079999938,-22.770194189999927],[-43.389154066999936,-22.769911056999945],[-43.38888781199995,-22.769637161999981],[-43.388596964999977,-22.769392821999929],[-43.388309526999933,-22.769139754999969],[-43.38817666999995,-22.769026359999941],[-43.388016989999983,-22.768890069999941],[-43.387709924999967,-22.768658569999957],[-43.387445824999929,-22.768392189999929],[-43.387281263999967,-22.768228614999941],[-43.387179084999957,-22.76812704699995],[-43.386975138999958,-22.767960217999928],[-43.386884306999946,-22.767885916999944],[-43.386569959999974,-22.767661114999953],[-43.386425059999965,-22.767477933999942],[-43.386339369999973,-22.767369604999942],[-43.386139984999943,-22.767227992999949],[-43.386020756999983,-22.767143311999973],[-43.385835257999929,-22.76696082199993],[-43.385749079999982,-22.766876041999978],[-43.385456136999949,-22.766628424999965],[-43.385097574999975,-22.766478761999963],[-43.384716341999933,-22.76638531499998],[-43.384326276999957,-22.766347319999966],[-43.384256456999935,-22.766338424999958],[-43.383935864999955,-22.766297579999957],[-43.383689211999979,-22.766243782999936],[-43.383556356999975,-22.766214804999947],[-43.383174041999951,-22.766122696999957],[-43.382956946999968,-22.766095176999954],[-43.382779931999949,-22.766072734999966],[-43.382388721999973,-22.766008081999928],[-43.382004381999934,-22.765947289999929],[-43.381611104999934,-22.765884691999929],[-43.381218106999938,-22.765831486999957],[-43.380836956999985,-22.765921274999982],[-43.380440291999946,-22.765889974999936],[-43.380062576999933,-22.765779574999954],[-43.379682561999971,-22.765690731999939],[-43.379309976999934,-22.765583181999943],[-43.378941722999969,-22.765517371999977],[-43.37891669499993,-22.765512899999976],[-43.37852754499994,-22.765414391999968],[-43.378132171999937,-22.765356186999952],[-43.377733991999946,-22.765313306999928],[-43.377340791999984,-22.765236336999976],[-43.376954404999935,-22.765159709999978],[-43.376561806999973,-22.765089429999932],[-43.376171391999947,-22.76503235499996],[-43.375780001999942,-22.764967139999953],[-43.375391674999946,-22.764881546999959],[-43.375011724999979,-22.764796129999979],[-43.374626721999959,-22.764701444999957],[-43.374249449999979,-22.764603679999937],[-43.373880679999957,-22.764486944999931],[-43.373539199999982,-22.76430284199995],[-43.373148366999942,-22.764231756999948],[-43.37274614699993,-22.764201556999978],[-43.372572634999983,-22.764160961999949],[-43.372518214999957,-22.764148229999932],[-43.372353031999978,-22.764109584999972],[-43.371961484999986,-22.764074434999941],[-43.371571459999984,-22.764108026999963],[-43.371187651999946,-22.764183944999957],[-43.370798019999938,-22.764143391999937],[-43.370286001999943,-22.764013159999934],[-43.370227331999956,-22.764003474999981],[-43.369519191999984,-22.763886574999958],[-43.36847380699993,-22.763565599999936],[-43.366250894999951,-22.763118698999961],[-43.365341974999978,-22.762935959999936],[-43.363725961999933,-22.762666569999965],[-43.36218265499997,-22.762535819999982],[-43.360040744999935,-22.762031154999931],[-43.356381625999973,-22.761288659999934],[-43.354551259999937,-22.760986326999955],[-43.354176677999931,-22.760906278999983],[-43.354023896999934,-22.760873629999935],[-43.350716069999976,-22.760306094999976],[-43.350404971999978,-22.760252191999939],[-43.349366759999953,-22.760005761999935],[-43.347606773999985,-22.759709614999963],[-43.346843969999952,-22.759581259999948],[-43.344816278999986,-22.759168530999943],[-43.34430578499996,-22.759064621999983],[-43.344036786999936,-22.759017384999936],[-43.342450979999967,-22.758738914999981],[-43.340605186999937,-22.758351989999937],[-43.339304843999969,-22.75814934999994],[-43.338743724999972,-22.758061906999956],[-43.33870873199993,-22.758056451999948],[-43.338624859999982,-22.758041219999939],[-43.335889685999973,-22.757544421999967],[-43.334811911999964,-22.757180756999958],[-43.334007535999945,-22.756946358999983],[-43.333939341999951,-22.75692648699993],[-43.333915226999977,-22.756917027999975],[-43.333700001999944,-22.756832601999974],[-43.333697061999942,-22.756831449999936],[-43.333346863999964,-22.756736426999964],[-43.332332485999984,-22.75659559199994],[-43.329935774999967,-22.756003591999956],[-43.329449634999946,-22.75590236499994],[-43.32945497999998,-22.756905539999934],[-43.32947642299996,-22.757489388999943],[-43.329523644999938,-22.758775134999951],[-43.329560619999938,-22.760517239999956],[-43.329561861999935,-22.761781151999969],[-43.329595666999978,-22.76344230199993],[-43.329595051999945,-22.764517381999951],[-43.329709836999939,-22.766352779999977],[-43.329727640999977,-22.767993067999953],[-43.329733344999966,-22.768518609999944],[-43.329800380999984,-22.769899883999983],[-43.329812521999941,-22.770150046999959],[-43.329853592999939,-22.771294808999983]],[[-43.335819712999978,-22.767779546999975],[-43.335698873999945,-22.766741733999936],[-43.335809036999933,-22.765889020999964],[-43.336057561999951,-22.765511231999938],[-43.336399633999974,-22.765277957999956],[-43.336666846999947,-22.765216154999962],[-43.337021601999936,-22.765295718999937],[-43.337874667999984,-22.765969601999927],[-43.338517787999933,-22.766176034999944],[-43.33899983799995,-22.766227112999957],[-43.339304843999969,-22.76635373199997],[-43.339500789999931,-22.766435076999983],[-43.339815126999952,-22.766663158999961],[-43.340384523999944,-22.767276761999938],[-43.341226205999931,-22.767557929999953],[-43.341401166999958,-22.767735279999954],[-43.341453998999953,-22.76821670399994],[-43.341286578999984,-22.769163375999938],[-43.341371704999972,-22.770018659999948],[-43.341352554999958,-22.77061789399994],[-43.341128768999965,-22.77135382299997],[-43.340776843999947,-22.771986696999932],[-43.34064800699997,-22.772495907999939],[-43.340305278999949,-22.772934672999952],[-43.339449894999973,-22.773458709999943],[-43.339304843999969,-22.773643662999973],[-43.338760133999983,-22.774338217999968],[-43.338308130999962,-22.774710604999939],[-43.338172007999958,-22.775060931999974],[-43.338187636999976,-22.775425562999942],[-43.338326552999945,-22.775574194999933],[-43.33888290699997,-22.775848329999974],[-43.339304843999969,-22.775956576999931],[-43.339590905999955,-22.776029965999953],[-43.339724281999963,-22.775926596999966],[-43.339965512999981,-22.775425236999979],[-43.339466439999967,-22.775675501999956],[-43.339304843999969,-22.775580463999972],[-43.33929778299995,-22.775576310999952],[-43.339278771999943,-22.775394000999938],[-43.339304843999969,-22.775326200999928],[-43.339464649999968,-22.77491062799993],[-43.33986213999998,-22.774249454999961],[-43.34020682299996,-22.773973166999951],[-43.340702236999959,-22.773807888999954],[-43.340982268999937,-22.773833941999953],[-43.341352467999968,-22.774048732999972],[-43.341478450999944,-22.774317974999974],[-43.341595384999948,-22.774917956999957],[-43.341614098999969,-22.77553113099998],[-43.341543359999946,-22.775925686999983],[-43.341009786999962,-22.776849597999956],[-43.33998625299995,-22.777438124999946],[-43.339444527999945,-22.777595648999977],[-43.339304843999969,-22.777605392999931],[-43.33889555199994,-22.777633943999945],[-43.338741702999982,-22.777244143999951],[-43.338393639999936,-22.776876784999956],[-43.337529648999976,-22.776377182999965],[-43.336995945999945,-22.775839893999944],[-43.33634066999997,-22.775539992999938],[-43.335767820999934,-22.775158490999956],[-43.335023872999955,-22.774456236999981],[-43.334653912999954,-22.773894939999934],[-43.334475004999945,-22.77307006999996],[-43.334558443999981,-22.772795692999978],[-43.33474721999994,-22.772619707999979],[-43.335155703999931,-22.772538577999967],[-43.335811028999956,-22.772585032999928],[-43.336546910999971,-22.772895632999962],[-43.336762478999958,-22.772747307999964],[-43.337115670999935,-22.772174051999968],[-43.337975487999984,-22.772057401999973],[-43.338260014999946,-22.77209234999998],[-43.338360197999975,-22.772219968999934],[-43.33835198099996,-22.772326100999976],[-43.337994695999953,-22.772833600999945],[-43.33756177999993,-22.773686103999978],[-43.337243055999977,-22.774015855999949],[-43.33686896699993,-22.774264098999936],[-43.336907339999982,-22.774354002999928],[-43.337061951999942,-22.774346172999969],[-43.337542225999982,-22.77392872799993],[-43.338087151999957,-22.773036605999948],[-43.338627748999954,-22.772498097999971],[-43.338834235999968,-22.772175172999937],[-43.338735754999959,-22.771968048999952],[-43.338194982999937,-22.771756],[-43.337675594999951,-22.771764698999959],[-43.337020379999956,-22.771495242999947],[-43.336430050999979,-22.771666463999964],[-43.335912049999934,-22.771676996999929],[-43.335624243999973,-22.771573509999939],[-43.335325384999976,-22.771296608999933],[-43.335212056999978,-22.771038898999961],[-43.335064175999946,-22.770041627999944],[-43.334839611999939,-22.769482778999929],[-43.334849306999956,-22.768926034999936],[-43.335018697999942,-22.768784442999959],[-43.335238741999945,-22.768797630999927],[-43.33627721199997,-22.769393509999929],[-43.336427430999947,-22.769255074999933],[-43.336630563999961,-22.768821131999971],[-43.336628018999932,-22.768605415999957],[-43.336529259999963,-22.768405075999965],[-43.335924603999956,-22.767954991999943],[-43.335819712999978,-22.767779546999975]],[[-43.340500170999974,-22.778639053999939],[-43.340634443999932,-22.778063298999939],[-43.340843751999955,-22.777830440999935],[-43.341643431999955,-22.77752563599995],[-43.342338362999953,-22.777506332999963],[-43.343951604999972,-22.777881763999972],[-43.344616830999939,-22.778176150999968],[-43.346128551999982,-22.779427665999947],[-43.34751158499995,-22.779581157999928],[-43.348067740999966,-22.77979449999998],[-43.34876630399998,-22.780377063999936],[-43.349153089999959,-22.781062133999967],[-43.349730316999967,-22.782536264999976],[-43.349716497999964,-22.782770888999949],[-43.349571103999949,-22.783144162999974],[-43.349067395999953,-22.783780286999956],[-43.348360397999954,-22.784234560999948],[-43.346850530999973,-22.783688969999957],[-43.346407242999931,-22.783624851999946],[-43.345963697999935,-22.783706807999977],[-43.345631812999954,-22.783678925999936],[-43.343967260999932,-22.782975749999935],[-43.343724508999969,-22.782695783999941],[-43.343636142999969,-22.782362448999947],[-43.343709745999945,-22.782181659999935],[-43.344178821999947,-22.781708824999953],[-43.344431335999957,-22.781219891999967],[-43.344647333999944,-22.77989790099997],[-43.344565708999937,-22.77970877599995],[-43.344392538999955,-22.77978055799997],[-43.344271950999939,-22.779949888999965],[-43.34396539599993,-22.780626057999939],[-43.343554516999973,-22.781828838999957],[-43.343278436999981,-22.782124623999948],[-43.342893970999967,-22.782307318999983],[-43.342378738999969,-22.782404923999934],[-43.341217667999956,-22.782430304999934],[-43.340788446999966,-22.782512538999981],[-43.340657950999969,-22.782407215999967],[-43.34058866099997,-22.782215062999967],[-43.340620959999967,-22.781756508999933],[-43.33932975099998,-22.781143583999949],[-43.339304843999969,-22.781150289999971],[-43.339087111999959,-22.781208916999958],[-43.338612858999966,-22.781505743999958],[-43.338257847999955,-22.78201232999993],[-43.337925985999959,-22.782260149999956],[-43.337541545999954,-22.782246115999953],[-43.337096008999936,-22.78195022899996],[-43.336818371999982,-22.781445161999955],[-43.336594876999982,-22.780743245999929],[-43.337519045999954,-22.779883119999965],[-43.337813034999954,-22.77938018499998],[-43.337958567999976,-22.778792688999943],[-43.338113165999971,-22.778534306999973],[-43.338296376999949,-22.778393971999947],[-43.338468105999937,-22.778392162999978],[-43.338744710999947,-22.778880679999929],[-43.339028560999964,-22.779190711999945],[-43.339192479999952,-22.779305419999957],[-43.339304843999969,-22.779326246999972],[-43.339429382999981,-22.779349330999935],[-43.33977708599997,-22.779336837999949],[-43.340080739999962,-22.779236071999946],[-43.34036899299997,-22.778965257999971],[-43.340500170999974,-22.778639053999939]],[[-43.334571429999983,-22.780493172999968],[-43.334645302999945,-22.780095711999934],[-43.33546288399998,-22.779590375999931],[-43.335675524999942,-22.779531591999955],[-43.335875286999965,-22.779576218999978],[-43.33584811299994,-22.779747105999945],[-43.335304213999962,-22.780132239999944],[-43.334990465999965,-22.78073483999998],[-43.334789174999969,-22.780836253999951],[-43.334571429999983,-22.780493172999968]],[[-43.33567377199995,-22.78093609299998],[-43.335734264999985,-22.780803693999928],[-43.336097652999968,-22.780759499999931],[-43.33632860199998,-22.780903895999927],[-43.336290232999943,-22.781167547999928],[-43.33578268499997,-22.781208667999977],[-43.33567377199995,-22.78093609299998]],[[-43.330851954999957,-22.783027367999978],[-43.33136880099994,-22.782692892999933],[-43.332318237999971,-22.782232849999957],[-43.332510059999947,-22.782027057999983],[-43.332784759999981,-22.781530995999958],[-43.333334751999985,-22.781266690999928],[-43.333650647999946,-22.78132769399997],[-43.334112588999972,-22.781735068999978],[-43.334607812999934,-22.781999263999978],[-43.335453958999949,-22.78236108599998],[-43.33647424399993,-22.782669560999977],[-43.336896751999973,-22.78299011799993],[-43.33760917099994,-22.783988068999975],[-43.337852186999953,-22.784859991999951],[-43.338573201999964,-22.785900572999935],[-43.338654418999965,-22.786379910999983],[-43.338584276999939,-22.786828362999927],[-43.338193473999979,-22.78720943299993],[-43.336780340999951,-22.787910690999979],[-43.335699388999956,-22.788212069999929],[-43.335556534999967,-22.787825457999929],[-43.335553980999975,-22.787551888999928],[-43.335933830999977,-22.787141051999981],[-43.336011356999961,-22.786658399999965],[-43.335938383999974,-22.786374241999965],[-43.335707899999932,-22.786190108999961],[-43.335411953999937,-22.786146782999936],[-43.335125028999983,-22.786233935999974],[-43.334587552999949,-22.786825358999977],[-43.334210190999954,-22.787058815999956],[-43.332804463999935,-22.787155745999939],[-43.332212781999942,-22.787072939999973],[-43.332070404999968,-22.786948350999978],[-43.331994491999978,-22.786724983999932],[-43.332126785999947,-22.786005289999935],[-43.332077211999945,-22.785757500999978],[-43.330754859999956,-22.784538427999962],[-43.330303656999945,-22.783742820999976],[-43.330353550999973,-22.783416859999932],[-43.330851954999957,-22.783027367999978]],[[-43.33141762799994,-22.790204888999938],[-43.331099149999943,-22.789678017999961],[-43.331103011999971,-22.789129397999943],[-43.331481413999938,-22.788745806999941],[-43.331890611999938,-22.788149352999937],[-43.332321377999961,-22.787806309999951],[-43.332788315999949,-22.787710116999961],[-43.333526886999948,-22.787744287999942],[-43.33384599599998,-22.787834766999936],[-43.334149519999983,-22.788138815999957],[-43.334459268999979,-22.789156537999929],[-43.333822073999954,-22.789937903999942],[-43.333403053999973,-22.79030458099993],[-43.332530907999967,-22.790638403999935],[-43.332065356999976,-22.790702783999961],[-43.33141762799994,-22.790204888999938]],[[-43.335533557999952,-22.792379780999966],[-43.335174783999946,-22.79134359699998],[-43.335135598999955,-22.790938657999959],[-43.335223227999961,-22.790600809999944],[-43.335428842999931,-22.790238613999975],[-43.335687105999966,-22.790027635999934],[-43.335892398999931,-22.789985244999968],[-43.336019910999937,-22.790021464999938],[-43.336096871999985,-22.790133425999954],[-43.335964269999977,-22.790934608999976],[-43.336154128999965,-22.791662043999963],[-43.336188313999969,-22.792090111999983],[-43.336050729999954,-22.792423171999928],[-43.335694921999959,-22.792592057999968],[-43.335533557999952,-22.792379780999966]],[[-43.33720541699995,-22.790012220999927],[-43.336903853999956,-22.789628965999952],[-43.336796622999941,-22.789199345999975],[-43.336870439999984,-22.788975778999941],[-43.337585700999966,-22.788403237999944],[-43.338001390999978,-22.788319064999939],[-43.338507654999944,-22.788354438999932],[-43.338884165999957,-22.788644697999928],[-43.339304843999969,-22.789304874999971],[-43.339472703999945,-22.789568299999928],[-43.339955099999941,-22.790024931999938],[-43.341080381999973,-22.790396045999955],[-43.341213879999941,-22.790363487999969],[-43.341469323999945,-22.79010247399998],[-43.341771387999984,-22.790004101999955],[-43.342374895999967,-22.790019431999951],[-43.342729818999942,-22.79017651099997],[-43.34292998799998,-22.790396335999958],[-43.343025414999943,-22.790789331999974],[-43.343024312999944,-22.791486003999978],[-43.342910960999973,-22.791991499999938],[-43.342626400999961,-22.792559444999938],[-43.342322524999929,-22.79295609199994],[-43.341518960999963,-22.793636980999963],[-43.341185822999932,-22.79381015499996],[-43.340663779999943,-22.79395403999996],[-43.340240121999955,-22.79382194599998],[-43.339419257999964,-22.793713153999931],[-43.339304843999969,-22.79372000099994],[-43.338170241999933,-22.793787898999938],[-43.33784108499998,-22.793530116999932],[-43.33773877699997,-22.793189249999955],[-43.337897207999958,-22.791452528999969],[-43.337845314999981,-22.790761840999949],[-43.337685006999948,-22.790473060999943],[-43.33720541699995,-22.790012220999927]],[[-43.341979056999946,-22.794669450999947],[-43.342174867999972,-22.794404956999983],[-43.343846528999961,-22.792785600999935],[-43.344150898999942,-22.792327166999939],[-43.344290584999953,-22.791602065999939],[-43.344451346999961,-22.791486488999965],[-43.344618934999971,-22.791622892999953],[-43.344874943999969,-22.792263885999944],[-43.345430505999957,-22.792686267999954],[-43.345557354999983,-22.792869937999967],[-43.345758546999946,-22.793901783999956],[-43.345836909999946,-22.794787915999962],[-43.345994085999962,-22.795139093999978],[-43.346574518999944,-22.795749176999948],[-43.34690120099998,-22.795906406999961],[-43.347724734999986,-22.796133574999942],[-43.348084358999984,-22.796427808999965],[-43.348223532999953,-22.796845091999955],[-43.348169669999947,-22.797673022999959],[-43.348024659999965,-22.797864425999933],[-43.347760127999948,-22.797855062999929],[-43.347580353999945,-22.797751115999972],[-43.347270746999982,-22.797326906999956],[-43.347024640999962,-22.797138976999975],[-43.345803296999975,-22.796858020999935],[-43.345732658999964,-22.796904163999955],[-43.346498355999984,-22.797727932999976],[-43.347911857999975,-22.798714458999939],[-43.348652129999948,-22.79903356899996],[-43.349839082999949,-22.799124706999976],[-43.348393347999945,-22.798551475999943],[-43.348135870999954,-22.798298471999942],[-43.348130376999961,-22.798116052999944],[-43.348318117999952,-22.798064884999974],[-43.348877166999955,-22.798204136999971],[-43.350190003999955,-22.798290362999978],[-43.350849281999956,-22.798514634999947],[-43.351531833999957,-22.798572901999933],[-43.353454108999983,-22.797615913999948],[-43.354072921999943,-22.797399940999981],[-43.354771946999961,-22.797745534999933],[-43.355329271999949,-22.79763995199994],[-43.35553704299997,-22.797680732999936],[-43.355652329999941,-22.797833717999936],[-43.355657267999959,-22.79812745299995],[-43.355501322999942,-22.798344979999968],[-43.355206972999952,-22.798412085999928],[-43.354209689999948,-22.798071363999952],[-43.353286391999973,-22.798706706999951],[-43.352778971999953,-22.798547093999957],[-43.352556358999948,-22.798549332999983],[-43.35257799599998,-22.799300797999933],[-43.352440702999957,-22.79965384299993],[-43.351717267999959,-22.800151280999955],[-43.351293659999953,-22.800678466999955],[-43.350925348999965,-22.800909922999949],[-43.34966875799995,-22.800955530999943],[-43.34935508999996,-22.80076884999994],[-43.348933562999946,-22.80064493499998],[-43.347648303999961,-22.80051046899996],[-43.347296741999969,-22.800325137999948],[-43.346352474999946,-22.799561686999937],[-43.34582413399994,-22.799318177999965],[-43.345111244999941,-22.79910839799993],[-43.344592407999983,-22.798479232999966],[-43.34368617399997,-22.797823014999949],[-43.343123599999956,-22.79692221199997],[-43.342134723999948,-22.795997884999963],[-43.341953263999983,-22.79546555099995],[-43.341908754999963,-22.795057286999963],[-43.341979056999946,-22.794669450999947]],[[-43.337108599999965,-22.796146046999979],[-43.337208299999929,-22.79550009299993],[-43.337487021999948,-22.795023211999933],[-43.337730382999951,-22.794880889999945],[-43.338411347999966,-22.794754331999968],[-43.339173763999952,-22.794752784999957],[-43.339304843999969,-22.794779645999938],[-43.340129588999957,-22.794948655999974],[-43.340435406999973,-22.79516388299993],[-43.340580987999942,-22.795399847999931],[-43.340765928999986,-22.796277921999945],[-43.340895651999972,-22.797688053999934],[-43.340834794999978,-22.798698351999974],[-43.340429290999964,-22.79943045899995],[-43.340166794999959,-22.799648902999934],[-43.339877595999951,-22.799745490999953],[-43.339304843999969,-22.799745955999981],[-43.33870471299997,-22.799746442999947],[-43.338432379999972,-22.799130137999953],[-43.338011757999936,-22.798524445999931],[-43.337719943999957,-22.797842819999971],[-43.337210142999936,-22.797112740999978],[-43.33711524499995,-22.796749858999931],[-43.337108599999965,-22.796146046999979]],[[-43.334157587999982,-22.797704331999967],[-43.334311696999976,-22.797030527999937],[-43.334406330999968,-22.79693562999995],[-43.334529541999984,-22.796951184999955],[-43.33485929099993,-22.797516343999973],[-43.33540813299993,-22.797903376999955],[-43.335530204999941,-22.79807578499998],[-43.335583043999975,-22.798571977999927],[-43.335465965999958,-22.799266322999927],[-43.335181374999934,-22.800180403999946],[-43.334550177999972,-22.801130948999969],[-43.333957340999973,-22.801521225999977],[-43.333199084999933,-22.801596974999939],[-43.332490158999974,-22.800199063999969],[-43.332474788999946,-22.799377360999927],[-43.332579640999938,-22.799083266999958],[-43.333164056999976,-22.798277062999944],[-43.333108747999972,-22.797749594999971],[-43.333275490999938,-22.797708131999968],[-43.333660295999948,-22.797839882999938],[-43.33396505099995,-22.797857250999982],[-43.334157587999982,-22.797704331999967]],[[-43.381930030999968,-22.796985301999939],[-43.381808439999929,-22.796579784999949],[-43.382059628999968,-22.795730245999948],[-43.382225941999934,-22.795459260999962],[-43.382507786999952,-22.795287083999938],[-43.382715373999986,-22.795279151999978],[-43.382969456999945,-22.795384997999975],[-43.383238654999957,-22.795794144999945],[-43.383523253999954,-22.796047985999962],[-43.384391455999946,-22.796217612999953],[-43.384562649999964,-22.796341674999951],[-43.384641623999983,-22.79673143499997],[-43.384621049999964,-22.797360374999982],[-43.384526304999952,-22.797638021999944],[-43.384336711999936,-22.797844323999982],[-43.384186652999972,-22.79793736299996],[-43.38401855199993,-22.797924323999951],[-43.383530156999939,-22.797277062999967],[-43.382913139999971,-22.797001648999981],[-43.382819592999965,-22.797142012999927],[-43.382667585999968,-22.798035110999933],[-43.382266511999944,-22.798399531999962],[-43.382352325999932,-22.798679053999933],[-43.382609038999931,-22.798852708999959],[-43.382819542999982,-22.798799068999983],[-43.383053218999976,-22.798312085999953],[-43.383294362999948,-22.798190335999948],[-43.383585264999965,-22.798240121999982],[-43.383922737999967,-22.798506050999947],[-43.384784669999931,-22.798735988999965],[-43.384814182999946,-22.799042210999971],[-43.384691808999946,-22.79921286299998],[-43.384550234999949,-22.799278208999965],[-43.383915748999982,-22.799318776999939],[-43.383359352999946,-22.799135814999943],[-43.383179071999962,-22.799163303999933],[-43.38317778399994,-22.79938496699998],[-43.383407378999948,-22.799804526999935],[-43.383558238999967,-22.799939449999954],[-43.383874126999956,-22.799974609999936],[-43.384326182999985,-22.799894636999966],[-43.384958923999932,-22.800122442999964],[-43.385795725999969,-22.799948238999946],[-43.386577232999969,-22.799258388999931],[-43.387423152999929,-22.79793308099994],[-43.387802110999985,-22.797709059999931],[-43.388011013999972,-22.797751870999946],[-43.388127926999971,-22.797996821999959],[-43.388317411999935,-22.798783665999963],[-43.388253594999981,-22.799424427999952],[-43.38808221599993,-22.799697097999967],[-43.38755591499995,-22.800201750999975],[-43.387130770999931,-22.800548421999963],[-43.386828978999972,-22.800691010999969],[-43.386022075999961,-22.800779555999952],[-43.384962857999938,-22.800422368999932],[-43.384727890999955,-22.800482363999947],[-43.384550607999984,-22.800738444999979],[-43.384481808999965,-22.801104572999975],[-43.384559199999956,-22.801306014999966],[-43.384989444999974,-22.801844973999948],[-43.385002516999975,-22.802103121999949],[-43.384780299999932,-22.802318395999976],[-43.384134390999975,-22.80239232699995],[-43.383904940999969,-22.802054993999946],[-43.383662393999941,-22.801844236999955],[-43.382880281999974,-22.801510187999952],[-43.382596203999981,-22.801286739999966],[-43.382393610999941,-22.800995383999975],[-43.381895775999965,-22.799557336999953],[-43.381132772999933,-22.799200914999972],[-43.38058764699997,-22.798629783999957],[-43.380535737999935,-22.798247467999943],[-43.380629392999936,-22.797896625999954],[-43.381307640999978,-22.797553836999953],[-43.382062807999944,-22.797450655999967],[-43.381930030999968,-22.796985301999939]],[[-43.377533741999969,-22.793427059999942],[-43.377959115999943,-22.793346650999979],[-43.37809438599993,-22.79352195499996],[-43.378170188999945,-22.794337722999956],[-43.378336947999969,-22.794760971999949],[-43.378803300999948,-22.794994108999958],[-43.37940516599997,-22.794994251999981],[-43.379362389999983,-22.795262802999957],[-43.378885512999943,-22.795622789999982],[-43.378796639999962,-22.795877728999983],[-43.379256673999976,-22.796818110999936],[-43.379549474999976,-22.797642332999942],[-43.379615581999985,-22.79813053099997],[-43.379569241999945,-22.798607861999983],[-43.378670654999951,-22.799612020999973],[-43.378232912999977,-22.799794636999934],[-43.377952929999935,-22.799726247999956],[-43.377649151999947,-22.799147292999976],[-43.37761338599995,-22.798471081999935],[-43.377696569999955,-22.798286695999934],[-43.377873697999974,-22.798191248999956],[-43.378433179999945,-22.798319670999945],[-43.378532881999945,-22.797831113999962],[-43.378516035999951,-22.797320343999957],[-43.378074565999952,-22.796635011999967],[-43.377762437999934,-22.795911788999945],[-43.37716876199994,-22.79534590399993],[-43.376803585999937,-22.795238298999948],[-43.376649206999957,-22.795413206999967],[-43.376220912999941,-22.796669132999966],[-43.375230517999967,-22.798504253999965],[-43.375196939999967,-22.798879951999936],[-43.375355015999958,-22.798874833999946],[-43.375766517999978,-22.798572304999936],[-43.376397929999939,-22.797872095999935],[-43.376727797999934,-22.79786401399997],[-43.376846039999975,-22.79796889499994],[-43.376856767999982,-22.798115509999946],[-43.376192732999982,-22.799569520999967],[-43.375454271999956,-22.800233943999956],[-43.375178216999984,-22.800357233999932],[-43.374806661999969,-22.800400972999967],[-43.37417817599993,-22.800037304999933],[-43.373878048999984,-22.79975806899995],[-43.373763551999957,-22.79948845499996],[-43.373750719999975,-22.799084273999938],[-43.373857716999964,-22.798630195999976],[-43.374517198999968,-22.797947271999931],[-43.374863337999955,-22.797362404999944],[-43.375275138999939,-22.796183429999928],[-43.375339328999985,-22.795724029999974],[-43.375252233999959,-22.794326732999934],[-43.375304502999938,-22.793753925999965],[-43.375522295999986,-22.793525948999957],[-43.376021633999983,-22.793406059999938],[-43.376327148999962,-22.793473690999974],[-43.376801747999934,-22.793804333999958],[-43.376989653999942,-22.79382026199994],[-43.377533741999969,-22.793427059999942]],[[-43.370520632999956,-22.792431668999939],[-43.371342734999985,-22.791667934999964],[-43.371833077999952,-22.791574365999963],[-43.372279886999934,-22.791655298999956],[-43.372636947999979,-22.791859871999975],[-43.372927119999986,-22.792230188999952],[-43.373002632999942,-22.792545725999958],[-43.372907686999952,-22.792822563999948],[-43.37213004399996,-22.793751575999977],[-43.371224282999947,-22.794030230999965],[-43.370547133999935,-22.794080877999932],[-43.370102815999985,-22.793899059999944],[-43.370007707999946,-22.793714776999934],[-43.37054608699998,-22.793407821999949],[-43.371222304999947,-22.793188767999936],[-43.371693669999956,-22.792832367999949],[-43.371799341999974,-22.792600222999965],[-43.371728675999975,-22.792478507999931],[-43.371581572999958,-22.792453954999928],[-43.370659814999954,-22.79285802499993],[-43.370297279999932,-22.792855951999968],[-43.370240103999947,-22.792673887999968],[-43.370520632999956,-22.792431668999939]],[[-43.365409753999984,-22.792915198999935],[-43.365478672999984,-22.792698899999948],[-43.36617855999998,-22.79166962599993],[-43.366905860999964,-22.791056108999953],[-43.36708645899995,-22.790980290999983],[-43.367260409999972,-22.791040023999983],[-43.367314972999964,-22.791346193999971],[-43.367014836999942,-22.791975195999953],[-43.366600852999966,-22.792249971999979],[-43.366189543999951,-22.792717254999957],[-43.365445376999958,-22.793080398999962],[-43.365409753999984,-22.792915198999935]],[[-43.377027258999931,-22.790297944999963],[-43.377588275999983,-22.789991540999949],[-43.377677768999945,-22.789788131999956],[-43.377789685999971,-22.788942858999974],[-43.378116,-22.78805074099995],[-43.37842987199997,-22.787570006999943],[-43.378875173999973,-22.787081837999949],[-43.379086126999937,-22.786935676999974],[-43.379249039999934,-22.786956076999957],[-43.379332727999952,-22.787087604999954],[-43.379323676999945,-22.787305483999944],[-43.378868546999968,-22.788006096999936],[-43.378560032999985,-22.78882187399995],[-43.37843023399995,-22.789488066999979],[-43.378091755999947,-22.790376187999982],[-43.377769654999952,-22.790700428999969],[-43.376825752999935,-22.791267257999948],[-43.37685308999994,-22.79138540699995],[-43.377095707999956,-22.791462593999938],[-43.377891043999966,-22.791282305999971],[-43.378486971999962,-22.791314475999968],[-43.378696869999942,-22.791522483999927],[-43.378620372999933,-22.791803006999942],[-43.378377525999952,-22.791943740999955],[-43.377717767999968,-22.792082108999978],[-43.376858349999964,-22.792476299999976],[-43.376458597999942,-22.792515571999957],[-43.376137145999962,-22.792263240999944],[-43.375822441999958,-22.791921137999964],[-43.375632634999931,-22.791570889999946],[-43.375507438999932,-22.791094646999966],[-43.375526866999962,-22.79071003699994],[-43.375679527999978,-22.790474187999962],[-43.375955932999943,-22.790319732999933],[-43.376777596999943,-22.790336657999944],[-43.377027258999931,-22.790297944999963]],[[-43.365624588999935,-22.790450702999976],[-43.365961288999983,-22.79023901599993],[-43.366249464999953,-22.790177847999928],[-43.366424618999986,-22.790288983999972],[-43.366434543999958,-22.790474490999941],[-43.366271338999979,-22.790651370999967],[-43.365571295999985,-22.790688449999948],[-43.365624588999935,-22.790450702999976]],[[-43.361975369999982,-22.789585670999941],[-43.362532422999948,-22.789579988999947],[-43.362829648999934,-22.789683518999936],[-43.362912589999951,-22.789854971999944],[-43.362886744999969,-22.790040547999979],[-43.362530886999934,-22.790501474999928],[-43.362458819999972,-22.790706783999951],[-43.362624276999952,-22.791311436999933],[-43.362553652999964,-22.791631128999938],[-43.362332334999962,-22.791652498999952],[-43.362060060999966,-22.791468798999972],[-43.36175430399993,-22.790779977999932],[-43.361579097999936,-22.790608489999954],[-43.361496689999967,-22.790676816999962],[-43.361499565999964,-22.79101525599998],[-43.361694618999934,-22.791560768999943],[-43.361807355999986,-22.792426015999979],[-43.36202398599994,-22.792839742999945],[-43.362173344999974,-22.792968196999936],[-43.362595648999957,-22.793017405999933],[-43.363146937999943,-22.792954961999953],[-43.363698735999947,-22.792696401999933],[-43.363816757999984,-22.79256795799995],[-43.363779679999936,-22.792395547999945],[-43.363481401999934,-22.792122893999931],[-43.36352593099997,-22.79191257399998],[-43.363784173999932,-22.791776222999943],[-43.364207724999972,-22.791808463999928],[-43.364695998999935,-22.79218061499995],[-43.364964965999945,-22.792697357999941],[-43.364945038999963,-22.793027762999941],[-43.364632969999946,-22.793481829999962],[-43.363961925999945,-22.794084612999939],[-43.36313998199995,-22.794456569999966],[-43.362745809999979,-22.794298314999935],[-43.361712266999973,-22.794229621999932],[-43.360967373999983,-22.793861756999945],[-43.360719893999942,-22.793608396999957],[-43.360642367999958,-22.793320137999956],[-43.360671744999934,-22.792929919999949],[-43.360837216999983,-22.792586781999944],[-43.360847896999985,-22.792374709999933],[-43.360347563999937,-22.791451369999947],[-43.360178871999949,-22.791317048999929],[-43.359966953999958,-22.791316837999943],[-43.359533469999974,-22.791697312999929],[-43.359229532999962,-22.791642164999928],[-43.358984419999956,-22.791409951999981],[-43.358678904999977,-22.79085582099998],[-43.358424276999983,-22.790088393999952],[-43.358467415999939,-22.789898253999979],[-43.358584244999975,-22.78978335499994],[-43.359061876999931,-22.789687182999955],[-43.360485532999974,-22.790113142999928],[-43.361975369999982,-22.789585670999941]],[[-43.35139557399998,-22.790144058999942],[-43.351403417999961,-22.790052598999978],[-43.351210993999985,-22.789872825999964],[-43.350717730999975,-22.789643431999934],[-43.350636452999936,-22.789481551999927],[-43.350645983999982,-22.789292898999975],[-43.350834964999933,-22.789013142999977],[-43.35106604899994,-22.788836577999973],[-43.35135676699997,-22.78876473899993],[-43.351652807999983,-22.788793960999953],[-43.352197512999965,-22.789046982999935],[-43.35239688799993,-22.789238128999955],[-43.352665466999952,-22.789751487999979],[-43.352940308999962,-22.790566941999941],[-43.352948517999948,-22.790840299999957],[-43.352713323999978,-22.791175874999965],[-43.352341769999953,-22.791404801999931],[-43.35109820699995,-22.791442570999948],[-43.350477829999932,-22.791045994999934],[-43.350380362999942,-22.790635592999934],[-43.35048459099994,-22.790370960999951],[-43.350671132999935,-22.790240648999941],[-43.350956211999971,-22.790189358999953],[-43.351260430999957,-22.790230422999969],[-43.35139557399998,-22.790144058999942]],[[-43.341246556999977,-22.783913574999929],[-43.34184672899994,-22.783480994999934],[-43.342296660999978,-22.783306295999978],[-43.342708158999983,-22.783278518999964],[-43.344233546999931,-22.784009399999945],[-43.34480481099996,-22.784552313999939],[-43.345643523999968,-22.785152367999956],[-43.345848073999946,-22.785167079999951],[-43.346537034999983,-22.784940826999957],[-43.346908630999962,-22.784894411999971],[-43.347272568999983,-22.784914020999963],[-43.347566050999944,-22.785052374999964],[-43.347719730999984,-22.785229679999929],[-43.34792895399994,-22.785706377999929],[-43.348022181999966,-22.786524535999945],[-43.348120565999977,-22.786828273999959],[-43.348733615999947,-22.787555187999942],[-43.349704678999956,-22.789110264999977],[-43.349863993999975,-22.790151437999953],[-43.34970865799994,-22.790670596999973],[-43.349503829999946,-22.79082492699996],[-43.349221046999958,-22.790876921999939],[-43.349010868999983,-22.79087911299996],[-43.348580245999983,-22.790727906999962],[-43.348102031999986,-22.790483474999974],[-43.347002711999949,-22.789527746999966],[-43.34677540399997,-22.788907345999974],[-43.346870918999969,-22.788453888999982],[-43.347037131999969,-22.788154485999939],[-43.346982013999934,-22.787892709999937],[-43.347049873999936,-22.787777336999966],[-43.347209804999977,-22.787760598999967],[-43.347487569999942,-22.787905881999961],[-43.347918723999953,-22.788500701999965],[-43.348285217999944,-22.788793169999963],[-43.347901485999955,-22.788270428999965],[-43.347420347999957,-22.787345733999928],[-43.347166921999985,-22.787286670999947],[-43.346902216999979,-22.787376044999974],[-43.346572325999944,-22.787654843999974],[-43.346297447999973,-22.788121797999963],[-43.346088514999963,-22.788295724999955],[-43.345372107999935,-22.788539141999934],[-43.344975891999979,-22.788536117999968],[-43.344446490999985,-22.788201235999964],[-43.343612161999943,-22.787990631999946],[-43.343119122999951,-22.787748564999958],[-43.341582205999941,-22.786629841999968],[-43.340569675999973,-22.786099319999948],[-43.340146340999979,-22.785703887999944],[-43.339714304999973,-22.785493651999957],[-43.339304843999969,-22.785154938999938],[-43.339286568999967,-22.785139821999962],[-43.338919777999934,-22.784557122999956],[-43.338921772999981,-22.784286397999949],[-43.339075373999947,-22.784192427999983],[-43.339304843999969,-22.784362138999938],[-43.339835549999975,-22.784754635999946],[-43.340305676999947,-22.784845691999976],[-43.340386877999947,-22.784745720999979],[-43.340141268999957,-22.784391364999976],[-43.34015022799997,-22.78425597599994],[-43.340347636999979,-22.784239443999979],[-43.340778363999959,-22.784408123999981],[-43.341246556999977,-22.783913574999929]],[[-43.339933679999945,-22.788508756999931],[-43.339339821999943,-22.787749099999928],[-43.339331955999967,-22.787493149999932],[-43.33945173199993,-22.787221659999943],[-43.339821077999943,-22.786909382999966],[-43.340264899999966,-22.786867492999932],[-43.340694774999974,-22.787003929999969],[-43.341683456999931,-22.787672739999948],[-43.342107252999938,-22.788149750999935],[-43.342156522999971,-22.788517941999942],[-43.342018991999964,-22.788822522999965],[-43.341336423999962,-22.789120829999945],[-43.340693850999969,-22.789155534999963],[-43.339933679999945,-22.788508756999931]],[[-43.354342797999948,-22.787181541999928],[-43.354686223999977,-22.786433498999941],[-43.35495478799993,-22.786342054999977],[-43.355260787999953,-22.786364498999944],[-43.355533368999943,-22.786588902999938],[-43.355742176999968,-22.787250932999939],[-43.356307221999941,-22.787044420999962],[-43.356504694999956,-22.787074638999968],[-43.356704784999977,-22.787211707999973],[-43.356829243999982,-22.787476246999972],[-43.356821497999931,-22.787805370999934],[-43.35649922999994,-22.788357172999952],[-43.355951450999953,-22.788783357999932],[-43.355089533999944,-22.788379820999978],[-43.354675242999974,-22.788051571999972],[-43.354361245999939,-22.787622358999954],[-43.354342797999948,-22.787181541999928]],[[-43.350507984999979,-22.78765029799996],[-43.350592709999944,-22.787521374999983],[-43.350733677999983,-22.787492492999945],[-43.350961988999984,-22.78765354899997],[-43.350967944999979,-22.787954217999982],[-43.350846979999972,-22.78807124399998],[-43.350590781999983,-22.788078428999938],[-43.350507984999979,-22.78765029799996]],[[-43.357292215999962,-22.77606454499994],[-43.357808985999952,-22.776023576999933],[-43.358209342999942,-22.776083458999949],[-43.358607689999985,-22.776597447999961],[-43.360014933999935,-22.777330331999963],[-43.360867753999969,-22.778102032999982],[-43.360977526999932,-22.778321454999968],[-43.361002293999945,-22.778642371999979],[-43.36083704899994,-22.779224816999943],[-43.360574996999958,-22.779497798999955],[-43.359585742999968,-22.779800254999941],[-43.359333591999984,-22.779949175999946],[-43.359269008999945,-22.78019143399996],[-43.359494737999967,-22.780432073999975],[-43.360190212999953,-22.780621510999936],[-43.360575928999936,-22.78087172599993],[-43.360741746999963,-22.780762188999972],[-43.361176131999969,-22.779971539999963],[-43.361518381999986,-22.779676020999943],[-43.361750014999984,-22.779627288999961],[-43.362056124999981,-22.779676751999943],[-43.362334818999955,-22.77981561699994],[-43.362518903999955,-22.780022977999977],[-43.362537349999968,-22.780296788999976],[-43.362336968999955,-22.780867860999933],[-43.362729584999954,-22.781440133999979],[-43.362792894999984,-22.781979932999946],[-43.362686593999967,-22.782352099999969],[-43.36239094299998,-22.78264308699994],[-43.361383863999947,-22.78308025399997],[-43.360682336999957,-22.783094651999932],[-43.360267519999979,-22.783001207999973],[-43.359815029999936,-22.782719690999954],[-43.359462921999977,-22.782378135999977],[-43.359271914999965,-22.782350070999939],[-43.358980996999946,-22.782503778999967],[-43.358758398999953,-22.782885333999957],[-43.358803407999972,-22.783116029999974],[-43.358979893999958,-22.783276107999939],[-43.360648564999963,-22.783808516999954],[-43.360888057999944,-22.784015847999967],[-43.360934884999949,-22.784497959999953],[-43.360628327999962,-22.785672853999927],[-43.360537138999973,-22.786567398999978],[-43.360731783999938,-22.786855034999974],[-43.361542045999954,-22.787330256999951],[-43.362299816999951,-22.788119969999968],[-43.362354597999968,-22.788330204999966],[-43.362298277999969,-22.788498696999966],[-43.361837955999931,-22.788806095999973],[-43.361123280999948,-22.789062341999966],[-43.36028195199998,-22.789098870999965],[-43.359829721999972,-22.788791974999981],[-43.359347,-22.788335930999949],[-43.359127828999931,-22.788040636999938],[-43.358948823999981,-22.787618001999931],[-43.358782695999935,-22.787469228999953],[-43.358263405999935,-22.78725286699995],[-43.357723951999958,-22.787331416999962],[-43.357404348999978,-22.78725060599993],[-43.356969047999939,-22.786787343999947],[-43.355916854999975,-22.785916451999981],[-43.355481920999978,-22.785634602999949],[-43.354577414999937,-22.785216657999968],[-43.353859368999963,-22.784350318999941],[-43.353011046999939,-22.783518668999932],[-43.351992092999978,-22.782933297999932],[-43.35128887299993,-22.782082570999933],[-43.350942413999974,-22.781431332999944],[-43.350838517999932,-22.780745413999966],[-43.350919148999935,-22.780353337999941],[-43.351117854999984,-22.779920984999933],[-43.351589184999966,-22.779108648999966],[-43.352377581999974,-22.778109197999981],[-43.352685756999961,-22.777915733999976],[-43.352906329999939,-22.777925579999931],[-43.353062612999963,-22.778049573999965],[-43.353242253999952,-22.778859275999935],[-43.353443261999985,-22.778766963999942],[-43.354148428999963,-22.77815142299994],[-43.35445305199994,-22.778005120999978],[-43.354883782999934,-22.778011658999958],[-43.355631565999943,-22.778233584999953],[-43.356084799999962,-22.778599067999949],[-43.356324918999974,-22.778892260999953],[-43.356780313999934,-22.779974378999952],[-43.357073211999932,-22.780056085999945],[-43.357319846999985,-22.779945683999983],[-43.357422170999939,-22.779756117999966],[-43.357419959999959,-22.779532643999971],[-43.356862778999982,-22.778025486999979],[-43.356633403999979,-22.77766642399996],[-43.356008712999937,-22.777063297999973],[-43.355924,-22.776868103999959],[-43.355954252999936,-22.776586992999967],[-43.356062921999978,-22.776436267999941],[-43.356206330999953,-22.776384180999969],[-43.356590066999956,-22.776450410999928],[-43.357292215999962,-22.77606454499994]],[[-43.344778849999955,-22.768543526999963],[-43.344642387999954,-22.768021163999947],[-43.344682214999978,-22.767589616999942],[-43.34511561599993,-22.767218346999982],[-43.345350529999962,-22.767128425999942],[-43.34561730799993,-22.767130485999928],[-43.346404820999965,-22.767301721999956],[-43.346713288999979,-22.767446129999939],[-43.347112164999942,-22.767835976999947],[-43.347411639999962,-22.768445739999947],[-43.347598620999975,-22.768584855999961],[-43.347832537999977,-22.76858649199994],[-43.349002318999965,-22.768150060999972],[-43.349343846999943,-22.76814324999998],[-43.349636028999953,-22.768234451999945],[-43.349984411999969,-22.768449076999957],[-43.35021829599998,-22.768695271999945],[-43.350460300999941,-22.769116260999965],[-43.35100018199995,-22.769547660999933],[-43.351018001999932,-22.769705293999948],[-43.350887864999947,-22.769807623999952],[-43.349980592999941,-22.769918943999983],[-43.349039105999964,-22.769894237999949],[-43.348330310999984,-22.769715266999981],[-43.349454379999941,-22.770819740999968],[-43.349774367999942,-22.770993180999938],[-43.350397448999956,-22.771153885999979],[-43.350547965999965,-22.771357516999956],[-43.350583886999971,-22.771637292999969],[-43.350523726999938,-22.771920085999966],[-43.349714733999974,-22.77264366299994],[-43.349513453999975,-22.773119994999945],[-43.349565656999971,-22.77344362499997],[-43.349439530999973,-22.773615696999968],[-43.348927663999973,-22.773868339999979],[-43.348697415999936,-22.773893074999933],[-43.347773973999949,-22.773181759999943],[-43.346729461999985,-22.772686365999959],[-43.346031723999943,-22.77258734399993],[-43.345799261999957,-22.772625243999983],[-43.34568360999998,-22.772729842999979],[-43.345755832999942,-22.77287453699995],[-43.346417563999978,-22.773206499999958],[-43.346730550999951,-22.773547508999968],[-43.34746131199995,-22.774056431999952],[-43.348452682999948,-22.774951963999968],[-43.349262670999963,-22.775483043999941],[-43.349496545999955,-22.775717890999942],[-43.34960936899995,-22.775998372999936],[-43.349647224999956,-22.776608861999932],[-43.349609319999956,-22.777015890999962],[-43.349490683999932,-22.777173754999978],[-43.34756552999994,-22.77745304299998],[-43.346907083999952,-22.777116135999961],[-43.346458457999972,-22.777132679999966],[-43.346313490999933,-22.777052167999955],[-43.346223233999979,-22.776898234999976],[-43.346227038999984,-22.776695280999945],[-43.346677214999943,-22.776216233999946],[-43.346766158999969,-22.775276577999932],[-43.34687882299994,-22.775021371999969],[-43.34703597999993,-22.774965841999972],[-43.347271460999934,-22.77505035799993],[-43.347792780999953,-22.775573708999957],[-43.347484590999954,-22.774956089999932],[-43.347105701999965,-22.774625651999941],[-43.346928400999957,-22.774640666999971],[-43.346351428999981,-22.774896435999949],[-43.345918983999979,-22.77518755899996],[-43.345703158999981,-22.775507292999976],[-43.345630511999957,-22.775959211999975],[-43.345489621999945,-22.776302057999942],[-43.345335562999935,-22.776497359999951],[-43.345132772999932,-22.776599672999964],[-43.343544816999952,-22.776564079999957],[-43.343039836999935,-22.776294469999982],[-43.342711645999941,-22.775936724999951],[-43.342525480999939,-22.775420230999941],[-43.342367123999963,-22.774646786999938],[-43.342317538999964,-22.773956324999972],[-43.342428285999972,-22.773767952999947],[-43.342753626999979,-22.773758961999931],[-43.343293787999983,-22.774155160999953],[-43.344049085999984,-22.774549213999933],[-43.344215808999934,-22.774716916999978],[-43.344329812999945,-22.775019672999974],[-43.344642891999968,-22.775034993999952],[-43.344923319999964,-22.774804307999943],[-43.344588641999962,-22.774207571999966],[-43.344290908999938,-22.773877535999929],[-43.343220575999965,-22.773237251999944],[-43.342900787999952,-22.772962802999928],[-43.342467694999982,-22.772377855999935],[-43.342110112999933,-22.771697687999961],[-43.34196147199998,-22.771261951999975],[-43.341924162999931,-22.770891817999939],[-43.342080897999949,-22.769758815999978],[-43.34211458599998,-22.768878678999954],[-43.341877070999942,-22.768150926999965],[-43.341891733999944,-22.767685323999956],[-43.342072770999948,-22.76748336299994],[-43.342399890999957,-22.767446851999978],[-43.343260510999983,-22.767748928999936],[-43.343565155999954,-22.76796990899993],[-43.34412288599998,-22.768701624999949],[-43.34449817999996,-22.76898443999994],[-43.344695594999962,-22.769005179999965],[-43.344828052999958,-22.768919590999928],[-43.344864766999933,-22.768785163999951],[-43.344778849999955,-22.768543526999963]],[[-43.368000980999966,-22.776990634999947],[-43.367701856999929,-22.77644149799994],[-43.367660402999945,-22.776146801999971],[-43.367780965999941,-22.776007696999955],[-43.36796080199997,-22.776027756999952],[-43.368215837999969,-22.776242921999938],[-43.368784087999984,-22.777077610999982],[-43.36881501299996,-22.777201413999933],[-43.36875099599996,-22.777328572999977],[-43.368407419999983,-22.777441757999952],[-43.368000980999966,-22.776990634999947]],[[-43.36793983299998,-22.773343454999974],[-43.36836492599997,-22.772733921999929],[-43.368649053999945,-22.772482192999973],[-43.368831627999953,-22.77241240799998],[-43.370030775999965,-22.772704574999977],[-43.37031286399997,-22.772867305999966],[-43.370509037999966,-22.773095219999959],[-43.37055874899994,-22.773366391999957],[-43.370465597999953,-22.77415994699993],[-43.37024672299998,-22.774700560999975],[-43.370120031999932,-22.775604245999943],[-43.369920404999959,-22.776120668999965],[-43.369953461999955,-22.776327408999975],[-43.370346447999964,-22.776796332999936],[-43.370501072999957,-22.777205356999957],[-43.37053137099997,-22.777652130999968],[-43.37041544899995,-22.777956820999975],[-43.370037046999983,-22.777489207999963],[-43.369455135999942,-22.77633941299996],[-43.369358186999932,-22.775217187999942],[-43.36921082899994,-22.774694763999946],[-43.36934550899997,-22.774136761999955],[-43.369308495999974,-22.773890141999971],[-43.369000869999979,-22.773551319999967],[-43.368653736999931,-22.773396852999952],[-43.368469588999972,-22.773469856999952],[-43.368070877999969,-22.773930956999948],[-43.367882340999984,-22.773974515999953],[-43.367814158999977,-22.773714525999935],[-43.36793983299998,-22.773343454999974]],[[-43.360128118999967,-22.773020971999983],[-43.360104930999967,-22.772652781999966],[-43.360230194999986,-22.772489495999935],[-43.360400317999961,-22.77251658199998],[-43.36073205799994,-22.772718435999934],[-43.361051007999947,-22.77312319899994],[-43.361113277999948,-22.773533360999977],[-43.361075066999945,-22.773918744999946],[-43.360961221999958,-22.774188889999948],[-43.360796694999976,-22.774337454999966],[-43.360128118999967,-22.773020971999983]],[[-43.355503863999957,-22.774774039999954],[-43.355242019999935,-22.774528038999961],[-43.355144505999931,-22.774243086999945],[-43.355195571999957,-22.77378049999993],[-43.355318115999978,-22.773604772999931],[-43.355764919999956,-22.773341770999934],[-43.356185738999955,-22.773286341999949],[-43.35660106399996,-22.773323898999934],[-43.356802910999932,-22.773475920999942],[-43.356798320999985,-22.773649162999959],[-43.356229826999936,-22.774244561999978],[-43.35663384399993,-22.774617628999977],[-43.35678939099995,-22.774861980999958],[-43.356627964999973,-22.774971019999953],[-43.356067807999978,-22.775012169999968],[-43.355503863999957,-22.774774039999954]],[[-43.357179611999982,-22.774589917999947],[-43.357444193999982,-22.774302918999979],[-43.357725886999958,-22.774178954999968],[-43.357940816999985,-22.774251939999942],[-43.357994177999956,-22.774377099999981],[-43.357951684999932,-22.774541169999964],[-43.357282443999964,-22.774841837999929],[-43.357179611999982,-22.774589917999947]],[[-43.349905250999939,-22.774100324999949],[-43.349887870999964,-22.773608877999948],[-43.350077847999955,-22.77336767099996],[-43.351010925999958,-22.772804836999967],[-43.351249296999981,-22.772834997999951],[-43.351372949999984,-22.772976239999934],[-43.351446521999947,-22.773283940999931],[-43.351482915999952,-22.774502089999942],[-43.351635486999953,-22.775107812999977],[-43.351532533999944,-22.77539390499993],[-43.351215386999968,-22.775578121999956],[-43.350655220999954,-22.775633643999981],[-43.350122923999947,-22.775287417999948],[-43.349491881999938,-22.774730500999965],[-43.349260892999951,-22.774365191999948],[-43.349270629999978,-22.774255843999981],[-43.349383690999957,-22.774190596999972],[-43.349796912999977,-22.77422983799994],[-43.349905250999939,-22.774100324999949]],[[-43.365548098999966,-22.772805600999959],[-43.365382970999974,-22.772590029999947],[-43.365245582999933,-22.77192845899998],[-43.365076353999939,-22.771492313999943],[-43.36509631399997,-22.771306329999959],[-43.365379393999945,-22.770707512999934],[-43.365559390999977,-22.770558046999952],[-43.36573543399993,-22.770721284999979],[-43.365853326999968,-22.771524804999956],[-43.36608578299996,-22.772095698999976],[-43.366024592999963,-22.772578224999961],[-43.365901,-22.772847764999938],[-43.365782713999977,-22.77294449599998],[-43.365548098999966,-22.772805600999959]],[[-43.379899057999978,-22.771578505999969],[-43.380374914999948,-22.771196284999974],[-43.380769248999968,-22.77101849099995],[-43.381715270999962,-22.770411019999983],[-43.382182383999975,-22.769908000999976],[-43.382461021999973,-22.769719075999944],[-43.382670229999974,-22.769694111999968],[-43.382922729999962,-22.769792927999958],[-43.383395012999983,-22.770308980999971],[-43.383454155999971,-22.770985146999976],[-43.383358901999941,-22.771732655999983],[-43.382010980999951,-22.773107166999978],[-43.381492818999959,-22.773306039999966],[-43.381012050999971,-22.773209423999958],[-43.380720002999965,-22.773235165999949],[-43.379990169999985,-22.773679369999968],[-43.379553554999973,-22.773762264999959],[-43.379237726999975,-22.773580549999963],[-43.378992925999967,-22.773327913999935],[-43.378854944999944,-22.773050671999954],[-43.378830591999986,-22.77281942299993],[-43.379108354999971,-22.772307712999975],[-43.379899057999978,-22.771578505999969]],[[-43.383388776999936,-22.773815443999979],[-43.383424390999949,-22.773648560999959],[-43.383003243999951,-22.77237215699995],[-43.38315750299995,-22.772252704999971],[-43.38344981399996,-22.772245287999965],[-43.383654069999977,-22.77232545399994],[-43.383922870999982,-22.772571682999967],[-43.38426359999994,-22.773205215999951],[-43.384396595999931,-22.774416598999949],[-43.384254963999979,-22.774779658999933],[-43.384010178999972,-22.774937445999967],[-43.383341585999972,-22.774936504999971],[-43.382507614999952,-22.775146910999979],[-43.382057295999971,-22.774735774999954],[-43.381751235999957,-22.774102033999952],[-43.381839935999949,-22.773857108999948],[-43.382216255999936,-22.773627866999959],[-43.382575378999945,-22.773674176999975],[-43.383201304999943,-22.77396340599995],[-43.383388776999936,-22.773815443999979]],[[-43.385482610999929,-22.773270798999931],[-43.385577104999982,-22.772681843999976],[-43.385872326999959,-22.772369677999961],[-43.38685763899997,-22.771903661999943],[-43.387296934999938,-22.771558456999969],[-43.387580309999976,-22.771524864999947],[-43.387901657999976,-22.771608741999955],[-43.388096283999971,-22.77182509499994],[-43.38840201599993,-22.772861995999961],[-43.388435254999933,-22.773816511999939],[-43.388342017999946,-22.774494691999962],[-43.38803864199997,-22.774865077999948],[-43.38738714699997,-22.775378726999975],[-43.386448280999957,-22.775457743999937],[-43.385558291999985,-22.774204109999971],[-43.385476912999934,-22.773807129999966],[-43.385482610999929,-22.773270798999931]],[[-43.38991219899998,-22.77546072399997],[-43.390144686999975,-22.774990509999952],[-43.390630262999935,-22.774565269999982],[-43.391112086999954,-22.774461043999963],[-43.391951925999933,-22.774516993999953],[-43.392136585999936,-22.774629043999937],[-43.392540443999962,-22.775333092999972],[-43.392626226999937,-22.775701165999976],[-43.392602582999984,-22.776120460999948],[-43.392382132999956,-22.776520174999973],[-43.392103684999938,-22.776757059999966],[-43.391709073999948,-22.776851409999949],[-43.391106612999977,-22.776859460999958],[-43.390131129999929,-22.776120116999948],[-43.389961092999954,-22.775842155999953],[-43.38991219899998,-22.77546072399997]],[[-43.374770635999937,-22.778097719999948],[-43.374419237999973,-22.777005595999981],[-43.37447106999997,-22.776730635999968],[-43.374667992999946,-22.776643627999931],[-43.375055764999956,-22.776810110999975],[-43.375431857999956,-22.777167963999943],[-43.375693136999985,-22.77759843299998],[-43.375761791999935,-22.778098335999971],[-43.375613158999954,-22.778533889999949],[-43.375326623999968,-22.778799551999953],[-43.374883352999973,-22.778980566999962],[-43.374229635999939,-22.779082156999948],[-43.373879122999938,-22.778844339999978],[-43.373652663999962,-22.77854401999997],[-43.373574005999956,-22.778154162999954],[-43.373590967999974,-22.777818252999964],[-43.373695377999979,-22.777737784999943],[-43.373788956999931,-22.777767012999959],[-43.374150775999965,-22.778201335999938],[-43.374523216999933,-22.778325510999935],[-43.374770635999937,-22.778097719999948]],[[-43.364191446999939,-22.778312853999978],[-43.364232036999965,-22.778130558999976],[-43.364588976999983,-22.777780479999933],[-43.364918842999941,-22.77776311599996],[-43.365299530999948,-22.777972090999981],[-43.365308140999957,-22.778062183999964],[-43.365220776999934,-22.778139010999951],[-43.364623350999977,-22.778385343999958],[-43.364250651999953,-22.778436369999952],[-43.364191446999939,-22.778312853999978]],[[-43.365062054999953,-22.779543411999953],[-43.365387134999935,-22.77920766099993],[-43.365678798999966,-22.778971142999978],[-43.365828678999947,-22.778997814999968],[-43.365815832999942,-22.779223761999958],[-43.365510158999939,-22.779566486999954],[-43.365282548999971,-22.779677925999977],[-43.365015362999941,-22.779703443999949],[-43.365062054999953,-22.779543411999953]],[[-43.380233013999941,-22.779455699999971],[-43.380718243999979,-22.779905957999972],[-43.381185638999966,-22.780157738999947],[-43.381426028999954,-22.780377955999938],[-43.381563590999974,-22.780703948999928],[-43.381550421999975,-22.781652453999982],[-43.381440717999965,-22.782119550999937],[-43.380839539999954,-22.782739550999963],[-43.380703067999946,-22.78298171299997],[-43.380680415999961,-22.783377191999932],[-43.380920539999977,-22.784015106999959],[-43.380845811999961,-22.784557936999931],[-43.380405269999983,-22.785078294999948],[-43.379736376999972,-22.785394483999937],[-43.379318029999979,-22.785455211999931],[-43.37870866399993,-22.784882874999937],[-43.378410173999953,-22.783901396999966],[-43.378362587999959,-22.782878494999977],[-43.378471357999956,-22.78226957499993],[-43.378947844999971,-22.781122090999929],[-43.37897677199993,-22.780625310999937],[-43.37887806699996,-22.780059972999936],[-43.378900478999981,-22.779777054999954],[-43.379172138999934,-22.779492601999948],[-43.379775456999937,-22.779497042999935],[-43.380233013999941,-22.779455699999971]],[[-43.365776463999964,-22.783367737999981],[-43.366080579999959,-22.782822176999957],[-43.366196677999937,-22.78243348899997],[-43.365852812999947,-22.78189083999996],[-43.365842210999972,-22.781457256999943],[-43.366132967999931,-22.781085287999929],[-43.36664499699998,-22.780640403999939],[-43.366834258999972,-22.78054200899993],[-43.367032123999934,-22.780548323999938],[-43.367943066999942,-22.780974704999949],[-43.368624584999964,-22.781187799999941],[-43.368834839999977,-22.781386812999983],[-43.36887730199993,-22.781533364999973],[-43.368532223999978,-22.782131653999954],[-43.369038296999975,-22.78258847799998],[-43.369324574999951,-22.783218176999981],[-43.369131902999982,-22.783829673999946],[-43.368743614999971,-22.78417787099994],[-43.368674821999946,-22.78437079899993],[-43.369141400999979,-22.784363945999928],[-43.369384274999959,-22.784464437999929],[-43.369486536999943,-22.784696359999941],[-43.369461835999971,-22.785065136999947],[-43.369365090999963,-22.785237911999957],[-43.369240875999935,-22.785301734999962],[-43.368751618999966,-22.785321006999936],[-43.368494551999959,-22.785215424999933],[-43.368237812999951,-22.784888275999947],[-43.36794957799998,-22.784839073999933],[-43.367277261999959,-22.785116559999949],[-43.367227229999969,-22.785307645999978],[-43.367972080999948,-22.785691657999962],[-43.368937079999966,-22.786608722999972],[-43.36933369299993,-22.786874698999952],[-43.369531303999963,-22.787637933999974],[-43.369779127999948,-22.788136926999982],[-43.370040918999962,-22.788378938999983],[-43.370394733999944,-22.788363832999948],[-43.371940848999941,-22.78743656499995],[-43.372442938999939,-22.787486422999962],[-43.372513821999974,-22.787625066999965],[-43.372449057999972,-22.787798343999953],[-43.372294122999961,-22.787978290999945],[-43.371841772999971,-22.78821710099993],[-43.371108764999974,-22.788814606999949],[-43.370705879999946,-22.788969437999981],[-43.37033142699994,-22.789020228999959],[-43.369682471999965,-22.788668814999937],[-43.36913700499997,-22.788187182999934],[-43.368335030999958,-22.78845236899997],[-43.368078067999932,-22.788473567999972],[-43.367161242999941,-22.78826010399996],[-43.36632302299995,-22.788238883999952],[-43.365618190999953,-22.787910131999979],[-43.365195858999982,-22.787439760999973],[-43.364463171999944,-22.785785957999963],[-43.364059017999978,-22.78506905699993],[-43.363473147999969,-22.784287694999932],[-43.363383736999936,-22.783928832999948],[-43.363547836999942,-22.783520364999958],[-43.363898739999968,-22.783203976999971],[-43.364342097999952,-22.783183182999949],[-43.364683984999942,-22.783277147999968],[-43.364966003999939,-22.783512902999973],[-43.365215508999938,-22.78386162399994],[-43.365466913999967,-22.783734152999955],[-43.365776463999964,-22.783367737999981]],[[-43.362208236999948,-22.786706513999945],[-43.361611693999976,-22.786019599999975],[-43.361515525999948,-22.785626303999948],[-43.361568245999933,-22.785328725999932],[-43.361731755999983,-22.785077442999977],[-43.362024060999943,-22.784858622999934],[-43.362437195999973,-22.784797490999949],[-43.362713683999971,-22.784902143999943],[-43.363203520999946,-22.785324654999954],[-43.363519967999935,-22.785919563999983],[-43.363536814999975,-22.78627712399998],[-43.363216698999963,-22.786927258999981],[-43.362980580999931,-22.787181176999979],[-43.362208236999948,-22.786706513999945]],[[-43.373417870999958,-22.78753209499996],[-43.373430510999981,-22.787285405999967],[-43.373764824999967,-22.786969282999962],[-43.374013908999984,-22.786960753999949],[-43.37411493899998,-22.787066512999957],[-43.374098844999935,-22.787214275999929],[-43.373765455999944,-22.787643054999933],[-43.373539918999938,-22.78778828399993],[-43.373417870999958,-22.78753209499996]],[[-43.383446534999962,-22.786958737999953],[-43.383304258999942,-22.786777035999933],[-43.383324841999979,-22.786596757999973],[-43.383488908999936,-22.786460881999972],[-43.38369894899995,-22.78648684999996],[-43.383778187999951,-22.78664208899994],[-43.383779905999972,-22.786898011999938],[-43.383617448999985,-22.786975189999964],[-43.383446534999962,-22.786958737999953]],[[-43.38201160999995,-22.792002649999972],[-43.382869182999968,-22.791046187999939],[-43.383335276999958,-22.790399514999933],[-43.384403514999974,-22.789372580999952],[-43.384719441999948,-22.788832383999932],[-43.384818458999973,-22.788427924999951],[-43.384856645999946,-22.787074363999977],[-43.384814590999952,-22.786729837999928],[-43.384620845999962,-22.786184409999976],[-43.384688078999943,-22.786033048999968],[-43.384905537999941,-22.786037526999962],[-43.38525259599993,-22.786345457999971],[-43.385622148999971,-22.78717676399998],[-43.385605384999963,-22.788912853999932],[-43.38549709199998,-22.789473671999929],[-43.384612663999974,-22.790325224999947],[-43.383880512999951,-22.790848379999943],[-43.38324425199994,-22.791625301999943],[-43.382958566999946,-22.792179725999972],[-43.382782761999977,-22.792748237999945],[-43.382305293999934,-22.793220343999963],[-43.382059820999984,-22.793333464999932],[-43.38156203799997,-22.793380249999927],[-43.380695931999981,-22.792779149999944],[-43.38045649299994,-22.792512248999969],[-43.380376836999972,-22.792316286999949],[-43.380395392999958,-22.791657016999977],[-43.380487973999948,-22.791396246999966],[-43.380830549999985,-22.791065569999944],[-43.381476212999985,-22.79081952699994],[-43.381914455999947,-22.790454635999936],[-43.382243494999955,-22.789938865999943],[-43.383134789999986,-22.789043505999928],[-43.383381358999941,-22.78836218999993],[-43.383691348999946,-22.787856323999961],[-43.383883810999976,-22.78782267899993],[-43.384013996999954,-22.787995141999943],[-43.38404733699997,-22.788413969999965],[-43.383967694999967,-22.788839225999936],[-43.383611256999984,-22.789468224999951],[-43.382825134999962,-22.790220488999978],[-43.38241267799998,-22.790810954999927],[-43.381525930999942,-22.79171942499994],[-43.38149637999993,-22.791999466999982],[-43.381640193999942,-22.792148666999935],[-43.381771562999973,-22.79217515199997],[-43.38201160999995,-22.792002649999972]],[[-43.379636450999953,-22.788662822999981],[-43.379541617999962,-22.788449747999948],[-43.379543293999973,-22.788239988999976],[-43.379618325999957,-22.788086917999976],[-43.379768642999977,-22.78805261499997],[-43.37997977699996,-22.788225095999962],[-43.380018194999934,-22.788592398999981],[-43.379868967999982,-22.788695005999955],[-43.379636450999953,-22.788662822999981]],[[-43.379217565999966,-22.790103167999973],[-43.379241647999947,-22.789636960999928],[-43.37931432299996,-22.789463864999959],[-43.379541661999951,-22.789399919999937],[-43.379664015999936,-22.78954472099997],[-43.379542777999973,-22.790179598999941],[-43.37944719199993,-22.790393693999931],[-43.379307490999963,-22.790467388999957],[-43.379217565999966,-22.790103167999973]],[[-43.386784514999931,-22.793688930999963],[-43.386963531999982,-22.793106863999981],[-43.387136412999951,-22.792353133999939],[-43.387242842999967,-22.792247974999952],[-43.38738518699995,-22.792264387999978],[-43.387661443999946,-22.792508290999933],[-43.387907821999931,-22.793091576999927],[-43.388222457999973,-22.79315706999995],[-43.38903957499997,-22.793680313999971],[-43.389238207999938,-22.793907438999952],[-43.389340493999953,-22.794205188999968],[-43.389241010999967,-22.794717486999957],[-43.38888461099998,-22.794938606999949],[-43.388554395999961,-22.794806483999935],[-43.388146664999965,-22.794303],[-43.387899607999941,-22.794318081999961],[-43.387799869999981,-22.794569774999957],[-43.387709961999974,-22.795470562999981],[-43.387585433999959,-22.795743014999971],[-43.387392224999985,-22.795881338999948],[-43.386838998999963,-22.795277312999929],[-43.386759723999944,-22.795087598999942],[-43.386784514999931,-22.793688930999963]],[[-43.385542144999931,-22.796119532999967],[-43.38568006099996,-22.79566641599996],[-43.38595063799994,-22.795454812999935],[-43.38616578999995,-22.795422826999982],[-43.386492376999968,-22.795635299999958],[-43.386873633999983,-22.796098900999937],[-43.387166127999933,-22.796135088999961],[-43.387540497999964,-22.796037087999935],[-43.387709867999945,-22.796203069999933],[-43.387707659999933,-22.796743491999962],[-43.387167080999973,-22.797895384999947],[-43.386826898999971,-22.798478405999958],[-43.386473588999934,-22.798730028999955],[-43.385577191999971,-22.798778005999964],[-43.38609564199993,-22.797218019999946],[-43.386021926999945,-22.796989771999961],[-43.385621681999964,-22.796521617999929],[-43.385542144999931,-22.796119532999967]],[[-43.390294147999953,-22.798398857999928],[-43.390146336999976,-22.797583606999979],[-43.389644531999977,-22.796346835999941],[-43.38922327399996,-22.795864896999944],[-43.389262540999937,-22.79553617199997],[-43.389417225999978,-22.795258648999948],[-43.389714384999934,-22.794990107999979],[-43.389947700999983,-22.794898504999935],[-43.390390810999975,-22.794952723999927],[-43.390749880999977,-22.795284933999937],[-43.390912339999943,-22.795626323999954],[-43.391036529999951,-22.796378157999982],[-43.391351700999962,-22.797266613999966],[-43.392200534999972,-22.797996925999939],[-43.392423232999931,-22.798253480999961],[-43.392495842999949,-22.798465795999959],[-43.39247284399994,-22.798741756999959],[-43.392320391999931,-22.798860434999938],[-43.391262825999945,-22.798957759999951],[-43.390699329999961,-22.79911720399997],[-43.390294147999953,-22.798398857999928]],[[-43.394507469999951,-22.800923529999977],[-43.394370246999983,-22.800708806999978],[-43.394334779999951,-22.800411554999982],[-43.394623489999958,-22.799765672999968],[-43.394689481999933,-22.799260458999981],[-43.394591245999948,-22.798667716999944],[-43.394374870999968,-22.798091197999952],[-43.394608661999939,-22.797062082999958],[-43.394456681999941,-22.796163306999972],[-43.394624893999946,-22.795895107999968],[-43.395125517999929,-22.795566758999939],[-43.395352490999983,-22.794869706999975],[-43.395877677999977,-22.794139471999927],[-43.396245943999929,-22.793832152999983],[-43.396640525999942,-22.793750817999978],[-43.396731185999954,-22.793789495999931],[-43.396741276999933,-22.793882516999929],[-43.396276862999969,-22.794195418999948],[-43.396091321999961,-22.794456354999966],[-43.395945351999956,-22.795904296999936],[-43.39546321499995,-22.796890779999956],[-43.395383725999977,-22.797487184999966],[-43.395432741999969,-22.798081986999932],[-43.395893679999972,-22.799295632999929],[-43.396020461999967,-22.800499234999961],[-43.396305649999931,-22.800993165999955],[-43.39642706799998,-22.801009017999945],[-43.396599439999932,-22.800848464999945],[-43.396827325999936,-22.800325227999963],[-43.397233352999933,-22.799707410999929],[-43.397197899999981,-22.799498866999954],[-43.396835172999943,-22.79904086199997],[-43.396604296999953,-22.798597196999935],[-43.396591808999972,-22.798386409999978],[-43.396798057999945,-22.798350091999964],[-43.397501339999963,-22.798754578999933],[-43.398007047999954,-22.798838977999935],[-43.398373174999961,-22.798724557999947],[-43.398852954999938,-22.797966874999929],[-43.399018884999975,-22.797830985999951],[-43.399195946999953,-22.797820851999973],[-43.399337448999972,-22.797912888999974],[-43.399360488999946,-22.798268708999956],[-43.39906472399997,-22.798841879999941],[-43.398899301999961,-22.799357062999945],[-43.398455188999947,-22.799932073999969],[-43.398224798999934,-22.800615810999943],[-43.397755606999965,-22.801465506999932],[-43.397402713999952,-22.802297998999961],[-43.397137916999952,-22.802607581999951],[-43.396808670999974,-22.802702101999955],[-43.395865246999961,-22.802780196999947],[-43.39566008099996,-22.802381689999947],[-43.395166784999958,-22.801865364999969],[-43.394507469999951,-22.800923529999977]],[[-43.396832003999975,-22.796541500999979],[-43.396771815999955,-22.79600226499997],[-43.396806052999978,-22.795018785999957],[-43.39690855799995,-22.794846059999941],[-43.397054387999958,-22.794794885999977],[-43.397188212999936,-22.794857548999971],[-43.397461147999934,-22.795290325999929],[-43.397783277999963,-22.796195404999935],[-43.397833237999976,-22.796516187999941],[-43.397789367999962,-22.796760026999948],[-43.39768100699996,-22.796903783999937],[-43.397444376999943,-22.797086192999927],[-43.397150734999968,-22.797195331999944],[-43.396832003999975,-22.796541500999979]],[[-43.402573386999961,-22.791053722999948],[-43.402829462999932,-22.790524766999965],[-43.402923624999971,-22.789993070999969],[-43.40338849099993,-22.789706537999962],[-43.403728399999977,-22.789615171999969],[-43.403921535999984,-22.789663724999969],[-43.404303372999948,-22.790020509999977],[-43.405377751999936,-22.790118678999931],[-43.405693681999935,-22.790211154999952],[-43.405990505999966,-22.790629842999977],[-43.406061715999954,-22.791087470999969],[-43.405637242999944,-22.792491939999934],[-43.405153433999942,-22.792943427999944],[-43.404715327999952,-22.793178586999943],[-43.404410188999975,-22.793589273999942],[-43.404025224999941,-22.793878457999938],[-43.40369620599995,-22.793634677999933],[-43.403623554999967,-22.793325825999943],[-43.40391242499993,-22.792780133999941],[-43.404444238999986,-22.792137232999949],[-43.40467710799993,-22.791670603999933],[-43.404662941999959,-22.791449358999955],[-43.404476819999957,-22.791232527999966],[-43.404257895999933,-22.791120586999966],[-43.404000160999942,-22.791092090999939],[-43.403774533999979,-22.791155604999972],[-43.403507790999981,-22.791415660999974],[-43.403299093999976,-22.79204072899995],[-43.402944202999947,-22.792658046999975],[-43.402567846999943,-22.792903657999943],[-43.402089836999949,-22.79289960899996],[-43.401867688999971,-22.792789235999976],[-43.401828738999939,-22.792646963999971],[-43.402250910999953,-22.791869467999959],[-43.402401878999967,-22.791352736999954],[-43.402573386999961,-22.791053722999948]],[[-43.391625819999945,-22.794703251999977],[-43.391666236999981,-22.794522946999962],[-43.392263296999943,-22.79374783399993],[-43.392513983999947,-22.792869071999974],[-43.392785302999982,-22.792754036999952],[-43.393115307999949,-22.792865339999935],[-43.393279271999972,-22.793067930999939],[-43.39339137199994,-22.793518640999935],[-43.39334568299995,-22.793693719999965],[-43.393010335999975,-22.794196566999972],[-43.392785960999959,-22.794485750999968],[-43.392450278999945,-22.794754931999933],[-43.39167492699994,-22.794837242999961],[-43.391625819999945,-22.794703251999977]],[[-43.395293434999985,-22.789286278999953],[-43.395506568999963,-22.789089322999928],[-43.396227263999947,-22.788730956999927],[-43.397500049999962,-22.788497725999946],[-43.397680625999953,-22.78851698099993],[-43.397789393999972,-22.788653481999972],[-43.397786794999945,-22.788915091999968],[-43.397469390999959,-22.789491965999957],[-43.397130183999934,-22.789591807999955],[-43.396650285999954,-22.78942353399998],[-43.396296892999942,-22.789435267999977],[-43.39613972199993,-22.789590422999936],[-43.396154138999975,-22.789878878999957],[-43.396471967999958,-22.790263912999933],[-43.397200401999953,-22.790502834999927],[-43.398144668999976,-22.791315949999955],[-43.398335389999943,-22.791406223999957],[-43.398566369999969,-22.791412669999943],[-43.398742273999972,-22.791341000999978],[-43.398748892999947,-22.79114534699994],[-43.397878035999952,-22.790508028999966],[-43.397744556999953,-22.79026136799996],[-43.397735489999945,-22.789927064999972],[-43.397840736999967,-22.789609865999978],[-43.398231806999945,-22.788980866999964],[-43.398687604999964,-22.78861083299995],[-43.398955985999976,-22.788618182999983],[-43.399042387999941,-22.78875179399995],[-43.399042440999949,-22.78894743099994],[-43.398844966999945,-22.789391313999943],[-43.398715132999939,-22.790023601999962],[-43.398875345999954,-22.790209746999949],[-43.39968246199993,-22.79036806299996],[-43.399944719999951,-22.790565342999969],[-43.400063887999977,-22.790872867999951],[-43.400083621999954,-22.791214682999964],[-43.399907233999954,-22.791877459999967],[-43.399659464999957,-22.792151123999929],[-43.399145744999942,-22.792421478999927],[-43.398033998999949,-22.792462831999956],[-43.397023058999935,-22.791371672999958],[-43.396622505999972,-22.791177772999959],[-43.396239714999979,-22.79127036899996],[-43.39600779999995,-22.791245352999965],[-43.395419759999982,-22.790754152999966],[-43.39507773899993,-22.790135373999931],[-43.39503246299995,-22.789932097999952],[-43.395082632999959,-22.789601102999939],[-43.395293434999985,-22.789286278999953]],[[-43.391876668999942,-22.791242126999975],[-43.391761509999981,-22.789768607999974],[-43.391137641999933,-22.788746555999978],[-43.391089872999942,-22.788597581999966],[-43.391149275999965,-22.788471426999934],[-43.391446536999979,-22.78859482699994],[-43.391897670999981,-22.789089890999946],[-43.39224952099994,-22.789952378999942],[-43.392385659999945,-22.790939467999976],[-43.392840924999973,-22.791606141999978],[-43.392813783999941,-22.791993851999962],[-43.392287880999959,-22.792405005999967],[-43.391876668999942,-22.791242126999975]],[[-43.393370660999949,-22.787948368999935],[-43.393131665999931,-22.787514366999972],[-43.392429705999973,-22.786791544999971],[-43.392263376999949,-22.786484881999968],[-43.392333027999939,-22.786303715999964],[-43.392668149999963,-22.786229771999956],[-43.393060365999929,-22.786336129999938],[-43.394224467999948,-22.787422620999962],[-43.394555486999934,-22.788035399999956],[-43.394613438999954,-22.788349453999956],[-43.394481448999954,-22.788684011999976],[-43.394180099999971,-22.788856752999948],[-43.393370660999949,-22.787948368999935]],[[-43.394907209999985,-22.786983342999974],[-43.394744933999959,-22.786191034999945],[-43.394456318999971,-22.785928275999936],[-43.393727769999941,-22.785770079999963],[-43.393538131999946,-22.78559033199997],[-43.393609298999934,-22.785322870999948],[-43.393766452999955,-22.785168656999929],[-43.394460976999937,-22.784812146999968],[-43.395037328999933,-22.784660934999977],[-43.395265314999961,-22.784690661999946],[-43.395436212999982,-22.784825486999978],[-43.395616773999961,-22.785354688999973],[-43.395611133999978,-22.787444040999958],[-43.395469030999948,-22.787836555999945],[-43.395257413999957,-22.788009156999976],[-43.394907209999985,-22.786983342999974]],[[-43.390507268999954,-22.79203227499994],[-43.390440401999967,-22.79173026899997],[-43.390466672999935,-22.791384626999957],[-43.390525053999966,-22.79126055699993],[-43.390634448999947,-22.791239760999929],[-43.390765133999935,-22.791364743999964],[-43.390794602999961,-22.791743145999931],[-43.390628919999983,-22.792053186999965],[-43.390538011999979,-22.792116419999957],[-43.390507268999954,-22.79203227499994]],[[-43.390537403999986,-22.803981799999974],[-43.390458075999959,-22.803174469999931],[-43.390731466999966,-22.802466139999979],[-43.390747787999942,-22.801889711999934],[-43.390655908999975,-22.801695084999949],[-43.390283144999955,-22.801320111999928],[-43.389373873999943,-22.79991413099998],[-43.389316922999967,-22.799502010999959],[-43.389351857999941,-22.79844650299998],[-43.38943160499997,-22.798082117999968],[-43.389557926999942,-22.79800215399996],[-43.389748145999931,-22.79807911599994],[-43.390068689999964,-22.798616640999967],[-43.390490802999977,-22.800011750999943],[-43.391197982999984,-22.800714752999966],[-43.391471863999982,-22.801294297999959],[-43.391547634999938,-22.80352684199994],[-43.391597717999957,-22.803769293999949],[-43.39171870499996,-22.803932954999937],[-43.391926874999967,-22.803997117999927],[-43.39214803599998,-22.803839130999961],[-43.392480413999976,-22.803028324999957],[-43.392534194999939,-22.802665399999967],[-43.39218614899994,-22.801667144999954],[-43.391760363999936,-22.801169764999941],[-43.391446065999958,-22.800637080999934],[-43.391272529999981,-22.799817206999933],[-43.391359859999966,-22.799592983999958],[-43.39181261899995,-22.799485532999938],[-43.39236184899994,-22.799603478999927],[-43.392482675999929,-22.799879487999931],[-43.392636889999949,-22.80080182699993],[-43.39321726999998,-22.801487916999974],[-43.393316888999948,-22.801757081999938],[-43.39326316599994,-22.802498194999941],[-43.393306548999931,-22.803435858999933],[-43.39297651499993,-22.804220209999983],[-43.392524004999984,-22.804914305999944],[-43.392117467999981,-22.805173711999942],[-43.391701119999937,-22.805298258999983],[-43.391503290999935,-22.805311664999977],[-43.391100188999985,-22.805148422999935],[-43.390797256999974,-22.804864653999971],[-43.390659723999931,-22.804230836999977],[-43.390537403999986,-22.803981799999974]],[[-43.395740584999942,-22.805353990999947],[-43.395385700999952,-22.80495613599993],[-43.395380841999952,-22.804616086999943],[-43.395672379999951,-22.804549005999945],[-43.396401048999962,-22.804886927999974],[-43.396853270999941,-22.805341404999979],[-43.396910199999979,-22.805558395999981],[-43.396808472999965,-22.805636045999961],[-43.395740584999942,-22.805353990999947]],[[-43.388630986999942,-22.804516504999981],[-43.388687665999953,-22.804268770999954],[-43.388600304999954,-22.804095557999972],[-43.387497982999946,-22.80326919099997],[-43.386474411999984,-22.803001255999959],[-43.386279488999946,-22.802815289999955],[-43.386308078999946,-22.802679024999975],[-43.387627554999938,-22.802703642999973],[-43.387881100999948,-22.802855472999966],[-43.388397368999961,-22.803426205999983],[-43.389152440999965,-22.803796476999935],[-43.389344103999974,-22.804127],[-43.389408278999952,-22.804685663999976],[-43.389365551999958,-22.805097804999946],[-43.389208390999954,-22.805382729999963],[-43.388787899999954,-22.805600830999936],[-43.388186886999961,-22.805684566999957],[-43.387674924999942,-22.804866955999955],[-43.387404975999971,-22.804584077999948],[-43.387102238999944,-22.804396868999959],[-43.386925365999957,-22.80442529499993],[-43.386369950999949,-22.804781558999935],[-43.38581972299994,-22.804856043999962],[-43.385076223999931,-22.804815796999947],[-43.384646757999974,-22.804515300999981],[-43.384336099999985,-22.804124153999965],[-43.384323906999953,-22.803687154999977],[-43.384683104999965,-22.803074057999936],[-43.384903899999983,-22.802941146999956],[-43.38510529499996,-22.802912272999947],[-43.385521163999954,-22.803123273999972],[-43.38583799099996,-22.803700478999929],[-43.386672167999961,-22.803688208999972],[-43.387262779999958,-22.803962861999935],[-43.387865608999959,-22.804382010999973],[-43.388389896999968,-22.804571071999931],[-43.388630986999942,-22.804516504999981]],[[-43.381508791999977,-22.803784582999981],[-43.381640385999958,-22.803540396999949],[-43.381674523999948,-22.803200420999929],[-43.381567210999947,-22.802692074999982],[-43.381594734999965,-22.802532535999944],[-43.381888004999951,-22.80234403399993],[-43.382190226999967,-22.802429478999954],[-43.382680794999942,-22.803035738999938],[-43.382967797999981,-22.803596194999955],[-43.383008941999947,-22.804092659999981],[-43.382739658999981,-22.804423788999941],[-43.382368756999938,-22.804718403999971],[-43.381953315999965,-22.804900286999953],[-43.38133583299998,-22.805324537999979],[-43.380942761999961,-22.805475555999976],[-43.380648635999933,-22.805281424999976],[-43.380291259999979,-22.804855153999938],[-43.379458671999942,-22.804454146999944],[-43.379133689999946,-22.80419762899993],[-43.378507594999974,-22.803417580999962],[-43.378027955999983,-22.802999424999939],[-43.377994046999959,-22.802864997999961],[-43.378064302999974,-22.802808576999951],[-43.378219134999938,-22.802838367999982],[-43.378875221999976,-22.803357637999966],[-43.379270011999949,-22.803485697999974],[-43.379701773999955,-22.803454396999939],[-43.380304088999935,-22.803147164999928],[-43.380477775999964,-22.803124470999933],[-43.380592683999964,-22.80322208399997],[-43.380825852999976,-22.803768108999975],[-43.381063894999954,-22.803941877999932],[-43.381257752999943,-22.803958568999974],[-43.381508791999977,-22.803784582999981]],[[-43.385556660999953,-22.801496887999974],[-43.385576886999957,-22.801317618999974],[-43.385754209999959,-22.801113706999956],[-43.385942247999935,-22.80111194999995],[-43.386036881999985,-22.801285547999953],[-43.38603059299993,-22.801545190999946],[-43.385890694999944,-22.801702185999943],[-43.385639685999934,-22.801758744999972],[-43.385556660999953,-22.801496887999974]],[[-43.377070020999952,-22.768190434999951],[-43.377151014999981,-22.767622006999943],[-43.377515907999964,-22.767282517999945],[-43.378041868999958,-22.767037977999962],[-43.378986112999939,-22.766792832999954],[-43.379351019999945,-22.766845187999934],[-43.38010092899998,-22.767412049999962],[-43.380570511999963,-22.767879112999935],[-43.380733120999935,-22.768134854999971],[-43.380800376999957,-22.768518180999934],[-43.380768486999955,-22.768943304999937],[-43.380442321999965,-22.769978794999929],[-43.380005954999945,-22.770419692999951],[-43.379364129999942,-22.770634841999936],[-43.379005554999935,-22.770686105999971],[-43.378436397999963,-22.77044677799995],[-43.378286206999974,-22.770337490999964],[-43.377268467999954,-22.769021117999955],[-43.37712742399998,-22.768716673999961],[-43.377070020999952,-22.768190434999951]],[[-43.36888830099997,-22.769046513999967],[-43.368046296999978,-22.767758349999951],[-43.368004445999929,-22.767460761999928],[-43.368076407999979,-22.767178446999935],[-43.368335009999953,-22.766753484999981],[-43.368695025999955,-22.765883843999973],[-43.36906808699996,-22.765600297999981],[-43.36925305699998,-22.765602353999952],[-43.371097645999953,-22.766134302999944],[-43.371392438999976,-22.766361768999957],[-43.371459681999966,-22.76685841699998],[-43.371347448999984,-22.76765196599996],[-43.371015197999952,-22.768274568999971],[-43.370373852999933,-22.768900738999946],[-43.37038913799995,-22.769038188999957],[-43.37076418099997,-22.769545076999975],[-43.370828968999945,-22.770036311999945],[-43.370456700999966,-22.770958722999978],[-43.370219837999969,-22.771182555999928],[-43.369492933999936,-22.771341218999964],[-43.369064148999939,-22.77135246499995],[-43.369005006999942,-22.771283140999969],[-43.369007441999941,-22.77097968299995],[-43.369707362999975,-22.77036899899997],[-43.369979626999964,-22.769873375999964],[-43.369998795999948,-22.769626632999973],[-43.36979533799996,-22.769228731999931],[-43.369628827999975,-22.769067054999937],[-43.369063683999968,-22.769144804999939],[-43.36888830099997,-22.769046513999967]],[[-43.362556090999931,-22.766230990999929],[-43.362548721999985,-22.765749807999953],[-43.362742922999985,-22.764947206999977],[-43.362845424999932,-22.764764173999936],[-43.363760167999942,-22.764438286999962],[-43.364133740999932,-22.764422309999929],[-43.365174896999974,-22.764881780999929],[-43.366185650999967,-22.765615200999946],[-43.366455938999934,-22.76601450499993],[-43.366475556999944,-22.766846659999942],[-43.366145546999974,-22.767568591999975],[-43.365883419999932,-22.767846243999941],[-43.365525994999985,-22.768030998999961],[-43.364529900999969,-22.768324598999982],[-43.364303358999962,-22.769095380999943],[-43.364112384999942,-22.769369561999952],[-43.363980893999951,-22.769221887999947],[-43.363853218999964,-22.768224252999971],[-43.363714070999947,-22.76814597799995],[-43.363467122999964,-22.768236145999936],[-43.363254636999955,-22.768467336999947],[-43.363028735999933,-22.76908926699997],[-43.362620364999941,-22.769707973999971],[-43.362413895999964,-22.769357160999959],[-43.362403742999959,-22.768789284999968],[-43.362766036999972,-22.767830882999931],[-43.363135327999942,-22.76729772799996],[-43.362556090999931,-22.766230990999929]],[[-43.342523949999929,-22.763291304999939],[-43.342626060999976,-22.762909686999933],[-43.343260243999964,-22.762038127999972],[-43.343775312999981,-22.76147974099996],[-43.344142089999934,-22.761302721999982],[-43.344462523999937,-22.761315554999953],[-43.344933691999984,-22.761804578999943],[-43.345107345999963,-22.76223263199995],[-43.345006215999945,-22.762692559999948],[-43.344569784999976,-22.763232924999954],[-43.344557279999947,-22.763422798999954],[-43.344631746999937,-22.763572029999978],[-43.344966777999957,-22.763584900999945],[-43.34534051199995,-22.763304538999932],[-43.345648675999939,-22.763214181999956],[-43.346272308999971,-22.763222693999978],[-43.346688572999938,-22.763330124999982],[-43.347588759999951,-22.763898768999979],[-43.348174980999943,-22.764551153999946],[-43.348298028999977,-22.764996963999977],[-43.348243611999976,-22.765480605999983],[-43.348117066999976,-22.765639617999966],[-43.34785399499998,-22.765751476999981],[-43.347000888999958,-22.765689901999963],[-43.345922550999944,-22.766487801999972],[-43.34472733399997,-22.766614337999954],[-43.344197234999967,-22.766804423999929],[-43.343359720999956,-22.766843106999943],[-43.342613646999951,-22.766065072999936],[-43.342506774999947,-22.765578325999968],[-43.342533080999942,-22.765171222999982],[-43.342679628999974,-22.764969539999981],[-43.34296483299994,-22.764783566999938],[-43.343890345999966,-22.764705437999964],[-43.344185146999962,-22.764608021999948],[-43.344289318999984,-22.764336556999979],[-43.344271441999979,-22.763997529999983],[-43.343963997999936,-22.763406265999947],[-43.343866462999983,-22.763356318999968],[-43.343702915999984,-22.763410691999979],[-43.343596486999957,-22.76366663999994],[-43.343617192999943,-22.764042203999963],[-43.344045112999936,-22.764385464999975],[-43.344087039999977,-22.764527316999931],[-43.344003404999967,-22.764629719999959],[-43.343818230999943,-22.764680318999979],[-43.343350764999968,-22.764635728999963],[-43.343177264999952,-22.764524716999972],[-43.342581498999948,-22.763749093999934],[-43.342523949999929,-22.763291304999939]],[[-43.335361095999986,-22.761180225999965],[-43.336503954999955,-22.760961431999931],[-43.337520311999981,-22.761210272999961],[-43.338259258999983,-22.761139525999965],[-43.338760399999956,-22.761188775999983],[-43.338969722999934,-22.761385060999942],[-43.339304843999969,-22.761980745999949],[-43.339432224999939,-22.762207167999975],[-43.340755213999955,-22.762945334999927],[-43.340930810999964,-22.763250467999967],[-43.340941566999959,-22.763514188999977],[-43.340169959999969,-22.764264426999944],[-43.339856920999978,-22.76512439399994],[-43.339730290999967,-22.765304210999943],[-43.33953431499998,-22.765412328999957],[-43.339304843999969,-22.765418920999934],[-43.338604934999978,-22.765439028999936],[-43.337622562999968,-22.764915720999966],[-43.336592975999963,-22.764504218999946],[-43.33589603799993,-22.764749962999929],[-43.335701682999968,-22.764756097999964],[-43.335551221999935,-22.764648431999944],[-43.335472323999966,-22.764458599999955],[-43.335556126999961,-22.763938457999927],[-43.335870642999964,-22.76366077199998],[-43.336457091999932,-22.763489552999943],[-43.336548352999955,-22.763368838999952],[-43.336331479999956,-22.76310990199994],[-43.335587282999938,-22.762869917999978],[-43.335235006999937,-22.76254036499995],[-43.334979515999976,-22.762052256999937],[-43.334932644999981,-22.761765124999954],[-43.335090926999953,-22.761423367999953],[-43.335361095999986,-22.761180225999965]],[[-43.353223293999974,-22.765734047999956],[-43.353002603999983,-22.765314109999963],[-43.353149583999937,-22.764832045999981],[-43.35345909199998,-22.764515770999935],[-43.353992738999978,-22.764322331999949],[-43.354337283999939,-22.764346392999983],[-43.355016416999945,-22.764615361999972],[-43.35516940499997,-22.764756869999928],[-43.355145874999948,-22.764871244999938],[-43.355014578999942,-22.76495147199995],[-43.353927965999958,-22.765127372999928],[-43.353902951999942,-22.765366983999968],[-43.354158731999973,-22.765607185999954],[-43.354763029999958,-22.765796634999958],[-43.355008251999948,-22.765642625999931],[-43.355322067999964,-22.765288862999967],[-43.35556175399995,-22.765216454999972],[-43.355782722999948,-22.765289681999946],[-43.355899205999947,-22.76550702399993],[-43.355855332999965,-22.765772095999978],[-43.355470313999945,-22.766291860999956],[-43.355099547999941,-22.766528010999934],[-43.354573678999941,-22.766688510999927],[-43.354454215999965,-22.766560071999947],[-43.353736053999967,-22.766253419999941],[-43.353223293999974,-22.765734047999956]],[[-43.35577425799994,-22.772106983999947],[-43.355391084999951,-22.771802330999947],[-43.355133943999931,-22.771321099999966],[-43.355089412999973,-22.770905110999934],[-43.355137575999947,-22.770225091999976],[-43.355490059999966,-22.76950052799998],[-43.355370358999949,-22.768924728999934],[-43.355381916999931,-22.768268037999974],[-43.355485615999953,-22.768083512999965],[-43.355821987999946,-22.767904939999937],[-43.356357278999951,-22.767831262999948],[-43.357183887999952,-22.767904182999928],[-43.358551480999949,-22.768530074999944],[-43.35877237099993,-22.768825222999965],[-43.359043609999958,-22.770003476999932],[-43.359020341999951,-22.77068165999998],[-43.358693046999974,-22.771135332999961],[-43.357829728999945,-22.771988853999972],[-43.357316595999976,-22.772312252999939],[-43.35577425799994,-22.772106983999947]],[[-43.368131303999974,-22.770346513999982],[-43.368283872999939,-22.769803535999927],[-43.368586279999931,-22.769459089999941],[-43.368839028999957,-22.769415735999928],[-43.368990219999944,-22.769574089999935],[-43.369037605999949,-22.769778982999981],[-43.368949395999948,-22.770447383999965],[-43.368578250999974,-22.770762071999968],[-43.36819367399994,-22.770846853999956],[-43.368131303999974,-22.770346513999982]],[[-43.366320862999942,-22.77186034999994],[-43.366192479999938,-22.77156004099993],[-43.366244288999951,-22.770856569999978],[-43.366309288999958,-22.770662890999972],[-43.366437538999946,-22.770560621999948],[-43.366659958999946,-22.770717838999929],[-43.366926776999946,-22.771658565999928],[-43.366841955999973,-22.771956318999969],[-43.366612298999939,-22.772171730999958],[-43.366320862999942,-22.77186034999994]],[[-43.350019870999972,-22.783813276999979],[-43.350705284999947,-22.783241086999965],[-43.35096873699996,-22.783175326999981],[-43.352973189999943,-22.784471749999966],[-43.353291017999936,-22.784805744999971],[-43.353617043999975,-22.785432030999971],[-43.353668619999951,-22.786002835999966],[-43.353539954999974,-22.786452025999949],[-43.353014470999938,-22.786768691999953],[-43.352185347999978,-22.787028979999945],[-43.351339748999976,-22.786658760999956],[-43.350278052999954,-22.785659064999948],[-43.349957349999954,-22.785119984999938],[-43.349836941999968,-22.78475029699996],[-43.34982212999995,-22.784419513999978],[-43.349875464999968,-22.784088882999981],[-43.350019870999972,-22.783813276999979]],[[-43.354763682999931,-22.795471586999952],[-43.354341683999962,-22.794960432999972],[-43.353401488999964,-22.794236530999967],[-43.353352987999983,-22.79384648599995],[-43.353612813999973,-22.79338015299993],[-43.353757377999955,-22.792924822999964],[-43.353656341999965,-22.792570188999946],[-43.353666153999939,-22.792275895999978],[-43.353802620999943,-22.791938870999957],[-43.353998730999933,-22.791694320999966],[-43.354293642999949,-22.791521198999931],[-43.354757655999947,-22.79143427799994],[-43.355000882999946,-22.791502358999935],[-43.355356241999971,-22.791742786999976],[-43.35557304799994,-22.792019146999962],[-43.356144529999938,-22.793776142999945],[-43.356060757999956,-22.794649712999956],[-43.355821054999979,-22.795136827999954],[-43.355002699999943,-22.795526864999943],[-43.354763682999931,-22.795471586999952]],[[-43.362162288999968,-22.795973808999975],[-43.362343158999977,-22.795848795999973],[-43.36256074299996,-22.795842470999958],[-43.362849644999983,-22.795554337999931],[-43.36303329499998,-22.795508849999976],[-43.36315985799996,-22.795670432999941],[-43.363325724999982,-22.796370758999956],[-43.364210275999937,-22.796270723999953],[-43.364448120999953,-22.796343579999927],[-43.36474420899998,-22.796588024999949],[-43.364843633999953,-22.796788913999933],[-43.364710149999951,-22.797226120999937],[-43.364764762999982,-22.797516802999951],[-43.365717125999936,-22.798537365999948],[-43.366301755999984,-22.799639172999946],[-43.366383319999954,-22.80022159899994],[-43.366284123999947,-22.800642430999972],[-43.366109660999939,-22.80069650799993],[-43.365540707999969,-22.800651972999958],[-43.365153268999961,-22.800387912999952],[-43.36494146299998,-22.800366088999965],[-43.364600561999964,-22.800535066999942],[-43.363661459999946,-22.801311769999927],[-43.362749641999983,-22.801506658999983],[-43.362227449999978,-22.801536595999949],[-43.361222476999956,-22.80123373899994],[-43.361120623999966,-22.80088217399998],[-43.361108635999983,-22.800018211999941],[-43.361162906999937,-22.799706542999957],[-43.361298854999973,-22.799545371999955],[-43.36171124599997,-22.799452573999929],[-43.362748316999955,-22.799423499999932],[-43.363381584999956,-22.799703461999968],[-43.364219796999976,-22.79927689799996],[-43.364347082999984,-22.799118409999949],[-43.364292474999957,-22.798871700999939],[-43.364025329999947,-22.798539532999939],[-43.363378080999951,-22.797940964999952],[-43.362999073999958,-22.79776779499997],[-43.362602104999951,-22.797834986999931],[-43.362365988999954,-22.798072547999936],[-43.362359623999964,-22.798324052999931],[-43.362662677999936,-22.798660634999976],[-43.362587183999949,-22.798801726999955],[-43.362390894999976,-22.798906246999934],[-43.361665611999967,-22.799101338999947],[-43.360805821999975,-22.798849554999947],[-43.360603252999965,-22.798667337999973],[-43.360265288999983,-22.79768456499994],[-43.360289655999964,-22.796800177999955],[-43.360397732999957,-22.796403894999969],[-43.360718318999943,-22.796164781999948],[-43.36103832799995,-22.79615690299994],[-43.361330607999946,-22.796293249999962],[-43.361965019999957,-22.796780384999977],[-43.362162288999968,-22.795973808999975]],[[-43.354510408999943,-22.796073022999963],[-43.354508804999966,-22.79581910099995],[-43.354657047999979,-22.795681027999933],[-43.354823644999954,-22.795670273999974],[-43.354966495999975,-22.795783449999931],[-43.354984784999942,-22.796055115999934],[-43.354864336999981,-22.796222324999974],[-43.354643077999981,-22.796355954999967],[-43.354510408999943,-22.796073022999963]],[[-43.349029123999969,-22.796234410999944],[-43.348104556999942,-22.79552665999995],[-43.347729594999976,-22.795137444999966],[-43.346922211999981,-22.794006517999946],[-43.346866496999951,-22.793596974999957],[-43.346998578999944,-22.793181594999965],[-43.347132061999957,-22.792996122999966],[-43.347507114999985,-22.792832189999956],[-43.348245302999942,-22.792822651999927],[-43.348790502999975,-22.792773169999975],[-43.349302717999933,-22.792633789999968],[-43.349710289999962,-22.792650453999954],[-43.350507991999962,-22.792917535999948],[-43.350860033999936,-22.793271022999932],[-43.35115348599993,-22.794127131999971],[-43.351155812999934,-22.794402115999958],[-43.350987166999971,-22.794615234999981],[-43.350362305999965,-22.794788307999966],[-43.350096577999977,-22.795012876999976],[-43.350090177999959,-22.79516315099994],[-43.350504967999939,-22.795440803999952],[-43.35058655399996,-22.795857607999949],[-43.350419151999972,-22.796126005999952],[-43.34994715299996,-22.796432669999945],[-43.349029123999969,-22.796234410999944]],[[-43.357516465999936,-22.800226891999955],[-43.35754308099996,-22.799825222999971],[-43.35786699199997,-22.799333160999936],[-43.358352044999947,-22.798988268999949],[-43.35883509699994,-22.798889548999966],[-43.359137641999951,-22.798975839999969],[-43.359180502999948,-22.799162138999975],[-43.358442163999939,-22.799741119999965],[-43.358255027999974,-22.799974577999933],[-43.358252,-22.800173002999941],[-43.358581245999972,-22.800260459999947],[-43.359398868999961,-22.800088238999933],[-43.359598645999938,-22.80014637499994],[-43.359673236999981,-22.800272647999975],[-43.359573492999971,-22.800457899999969],[-43.359213544999932,-22.80072086499996],[-43.358351087999949,-22.801137594999943],[-43.357726567999975,-22.800573763999978],[-43.357516465999936,-22.800226891999955]],[[-43.367025411999975,-22.797959291999973],[-43.367066480999938,-22.796624205999933],[-43.367166509999947,-22.796228843999927],[-43.367366146999984,-22.796061383999927],[-43.367599465999945,-22.795995006999931],[-43.36834805899997,-22.795906966999951],[-43.368537972999945,-22.795954649999942],[-43.368817709999973,-22.796682945999976],[-43.369775353999955,-22.798653969999975],[-43.370003330999964,-22.79888488499995],[-43.371246717999952,-22.799676611999928],[-43.371337254999958,-22.79992997599993],[-43.371287350999978,-22.800208073999954],[-43.370279639999978,-22.801358388999972],[-43.369914251999944,-22.801396960999966],[-43.369497862999935,-22.801275373999943],[-43.368021346999967,-22.801414552999972],[-43.367658182999946,-22.80047428599994],[-43.367403087999946,-22.799270296999964],[-43.367079184999966,-22.798644392999961],[-43.367025411999975,-22.797959291999973]],[[-43.370733818999952,-22.797317946999954],[-43.370487521999962,-22.797160771999927],[-43.370497334999982,-22.796958329999939],[-43.371122251999964,-22.796707660999971],[-43.372341993999953,-22.79585928299997],[-43.372537924999961,-22.795833561999927],[-43.372762364999971,-22.795903572999975],[-43.373148162999939,-22.796109289999947],[-43.373295773999985,-22.796285723999972],[-43.37330536199994,-22.797223646999953],[-43.373164455999984,-22.797681162999936],[-43.372628685999985,-22.79862600499996],[-43.372291716999939,-22.79895477499997],[-43.371826284999941,-22.799234213999966],[-43.371654153999941,-22.799285072999965],[-43.371258968999939,-22.799036026999943],[-43.371096031999969,-22.798906264999971],[-43.370995013999959,-22.798687394999945],[-43.371050806999961,-22.798408865999932],[-43.371641505999946,-22.797873962999972],[-43.371732118999944,-22.797594054999934],[-43.37169264399995,-22.797423480999953],[-43.371509353999954,-22.797362264999947],[-43.371117285999958,-22.797447152999951],[-43.370733818999952,-22.797317946999954]],[[-43.381268767999984,-22.807961963999958],[-43.38149031599994,-22.807211065999979],[-43.381717503999937,-22.807117687999948],[-43.381974755999977,-22.807220564999966],[-43.382328865999966,-22.807956474999969],[-43.382279387999972,-22.808373816999961],[-43.382098098999961,-22.808730425999954],[-43.381799600999955,-22.809029193999947],[-43.381516752999971,-22.809183980999933],[-43.381220187999929,-22.809247080999967],[-43.380546400999947,-22.809264729999938],[-43.380005805999986,-22.80859875799996],[-43.378832031999934,-22.807878071999937],[-43.37872417799997,-22.80756495199995],[-43.378923043999976,-22.807382529999927],[-43.379258512999968,-22.807395011999972],[-43.380796124999961,-22.808149119999939],[-43.381023862999939,-22.808197286999928],[-43.381268767999984,-22.807961963999958]],[[-43.383097367999937,-22.809224965999931],[-43.383360306999975,-22.808827208999958],[-43.384359666999956,-22.807899126999928],[-43.384720952999942,-22.807640250999953],[-43.385927045999949,-22.807135603999939],[-43.38620435699994,-22.807201164999981],[-43.38677546599996,-22.807696533999945],[-43.387027716999967,-22.808013433999974],[-43.387004506999972,-22.808190525999976],[-43.386674546999984,-22.808310546999962],[-43.385450750999951,-22.808381441999927],[-43.384843215999979,-22.808629936999978],[-43.384426099999985,-22.809009442999979],[-43.384252887999935,-22.809383447999949],[-43.384291572999985,-22.809509816999935],[-43.384667090999983,-22.809530377999977],[-43.385609024999951,-22.809121803999972],[-43.386011542999938,-22.809065724999982],[-43.38631679599996,-22.809125718999951],[-43.387264086999949,-22.80954732999993],[-43.387613305999935,-22.809576897999932],[-43.38792377599998,-22.809517447999951],[-43.388092183999959,-22.809231136999983],[-43.388055706999978,-22.808801931999938],[-43.387906870999984,-22.808676652999964],[-43.387397998999973,-22.808496065999975],[-43.387228682999933,-22.808228916999951],[-43.387312333999944,-22.807962152999949],[-43.387643665999974,-22.807848661999969],[-43.387976524999942,-22.807819073999951],[-43.388260867999975,-22.807946421999929],[-43.388600276999966,-22.808317502999955],[-43.388726327999962,-22.808628888999976],[-43.388715567999952,-22.809790040999928],[-43.388593070999946,-22.810308998999972],[-43.388334913999984,-22.810577266999928],[-43.387561655999946,-22.810852251999961],[-43.387299629999973,-22.810832408999943],[-43.386639558999946,-22.810194811999963],[-43.386221365999972,-22.809640943999966],[-43.386045279999962,-22.809536008999942],[-43.385755232999941,-22.809551032999934],[-43.385572827999965,-22.809681257999955],[-43.38543696499994,-22.809873677999974],[-43.385294633999933,-22.810335790999943],[-43.385157886999934,-22.810492196999974],[-43.384279668999966,-22.81058844699993],[-43.383825313999978,-22.810556712999983],[-43.383607518999952,-22.810463198999969],[-43.383207424999966,-22.809993561999931],[-43.38304709099998,-22.809546066999928],[-43.383097367999937,-22.809224965999931]]]]}},
{"type":"Feature","properties":{"OBJECTID":20,"municipio":"SÃO JOÃO DE MERITI","uf":"RJ","processo":"Deslizamento","classe":"Baixa","obs":null,"fonte":"Produto obtido através da modelagem (ver Nota Técnica Explicativa do projeto) validado por trabalho de campo pela CPRM no ano de 2012 a 2014.","execucao":"SGB-CPRM (2013)","projeto":"Cartas de Suscetibilidade a Movimentos Gravitacionais de Massa e Inundações. Tema: Movimento de massa.","shape_Length":0.0022050301078764978,"shape_Area":2.0989690244428504e-07},"geometry":{"type":"MultiPolygon","coordinates":[[[[-43.338662366999984,-22.790225976999977],[-43.33917082399995,-22.790859355999942],[-43.339285324999935,-22.79070348099998],[-43.339261737999948,-22.790510608999966],[-43.338934026999937,-22.790184088999979],[-43.338640476999956,-22.790020643999981],[-43.338662366999984,-22.790225976999977]]]]}},
{"type":"Feature","properties":{"OBJECTID":23,"municipio":"SÃO JOÃO DE MERITI","uf":"RJ","processo":"Deslizamento","classe":"Média","obs":null,"fonte":"Produto obtido através da modelagem (ver Nota Técnica Explicativa do projeto) validado por trabalho de campo pela CPRM no ano de 2012 a 2014.","execucao":"SGB-CPRM (2013)","projeto":"Cartas de Suscetibilidade a Movimentos Gravitacionais de Massa e Inundações. Tema: Movimento de massa.","shape_Length":0.0044441266171272665,"shape_Area":1.0758305628297813e-06},"geometry":{"type":"MultiPolygon","coordinates":[[[[-43.360128118999967,-22.773020971999983],[-43.360796694999976,-22.774337454999966],[-43.360961221999958,-22.774188889999948],[-43.361075066999945,-22.773918744999946],[-43.361113277999948,-22.773533360999977],[-43.361051007999947,-22.77312319899994],[-43.36073205799994,-22.772718435999934],[-43.360400317999961,-22.77251658199998],[-43.360230194999986,-22.772489495999935],[-43.360104930999967,-22.772652781999966],[-43.360128118999967,-22.773020971999983]]]]}},
{"type":"Feature","properties":{"OBJECTID":24,"municipio":"SÃO JOÃO DE MERITI","uf":"RJ","processo":"Deslizamento","classe":"Média","obs":null,"fonte":"Produto obtido através da modelagem (ver Nota Técnica Explicativa do projeto) validado por trabalho de campo pela CPRM no ano de 2012 a 2014.","execucao":"SGB-CPRM (2013)","projeto":"Cartas de Suscetibilidade a Movimentos Gravitacionais de Massa e Inundações. Tema: Movimento de massa.","shape_Length":0.015217305630227461,"shape_Area":5.6893555138462994e-06},"geometry":{"type":"MultiPolygon","coordinates":[[[[-43.36793983299998,-22.773343454999974],[-43.367814158999977,-22.773714525999935],[-43.367882340999984,-22.773974515999953],[-43.368070877999969,-22.773930956999948],[-43.368469588999972,-22.773469856999952],[-43.368653736999931,-22.773396852999952],[-43.369000869999979,-22.773551319999967],[-43.369308495999974,-22.773890141999971],[-43.36934550899997,-22.774136761999955],[-43.36921082899994,-22.774694763999946],[-43.369358186999932,-22.775217187999942],[-43.369455135999942,-22.77633941299996],[-43.370037046999983,-22.777489207999963],[-43.37041544899995,-22.777956820999975],[-43.37053137099997,-22.777652130999968],[-43.370501072999957,-22.777205356999957],[-43.370346447999964,-22.776796332999936],[-43.369953461999955,-22.776327408999975],[-43.369920404999959,-22.776120668999965],[-43.370120031999932,-22.775604245999943],[-43.37024672299998,-22.774700560999975],[-43.370465597999953,-22.77415994699993],[-43.37055874899994,-22.773366391999957],[-43.370509037999966,-22.773095219999959],[-43.37031286399997,-22.772867305999966],[-43.370030775999965,-22.772704574999977],[-43.368831627999953,-22.77241240799998],[-43.368649053999945,-22.772482192999973],[-43.36836492599997,-22.772733921999929],[-43.36793983299998,-22.773343454999974]]]]}},
{"type":"Feature","properties":{"OBJECTID":25,"municipio":"SÃO JOÃO DE MERITI","uf":"RJ","processo":"Deslizamento","classe":"Média","obs":null,"fonte":"Produto obtido através da modelagem (ver Nota Técnica Explicativa do projeto) validado por trabalho de campo pela CPRM no ano de 2012 a 2014.","execucao":"SGB-CPRM (2013)","projeto":"Cartas de Suscetibilidade a Movimentos Gravitacionais de Massa e Inundações. Tema: Movimento de massa.","shape_Length":0.069543743200453936,"shape_Area":5.6355664739907499e-05},"geometry":{"type":"MultiPolygon","coordinates":[[[[-43.344778849999955,-22.768543526999963],[-43.344864766999933,-22.768785163999951],[-43.344828052999958,-22.768919590999928],[-43.344695594999962,-22.769005179999965],[-43.34449817999996,-22.76898443999994],[-43.34412288599998,-22.768701624999949],[-43.343565155999954,-22.76796990899993],[-43.343260510999983,-22.767748928999936],[-43.342399890999957,-22.767446851999978],[-43.342072770999948,-22.76748336299994],[-43.341891733999944,-22.767685323999956],[-43.341877070999942,-22.768150926999965],[-43.34211458599998,-22.768878678999954],[-43.342080897999949,-22.769758815999978],[-43.341924162999931,-22.770891817999939],[-43.34196147199998,-22.771261951999975],[-43.342110112999933,-22.771697687999961],[-43.342467694999982,-22.772377855999935],[-43.342900787999952,-22.772962802999928],[-43.343220575999965,-22.773237251999944],[-43.344290908999938,-22.773877535999929],[-43.344588641999962,-22.774207571999966],[-43.344923319999964,-22.774804307999943],[-43.344642891999968,-22.775034993999952],[-43.344329812999945,-22.775019672999974],[-43.344215808999934,-22.774716916999978],[-43.344049085999984,-22.774549213999933],[-43.343293787999983,-22.774155160999953],[-43.342753626999979,-22.773758961999931],[-43.342428285999972,-22.773767952999947],[-43.342317538999964,-22.773956324999972],[-43.342367123999963,-22.774646786999938],[-43.342525480999939,-22.775420230999941],[-43.342711645999941,-22.775936724999951],[-43.343039836999935,-22.776294469999982],[-43.343544816999952,-22.776564079999957],[-43.345132772999932,-22.776599672999964],[-43.345335562999935,-22.776497359999951],[-43.345489621999945,-22.776302057999942],[-43.345630511999957,-22.775959211999975],[-43.345703158999981,-22.775507292999976],[-43.345918983999979,-22.77518755899996],[-43.346351428999981,-22.774896435999949],[-43.346928400999957,-22.774640666999971],[-43.347105701999965,-22.774625651999941],[-43.347484590999954,-22.774956089999932],[-43.347792780999953,-22.775573708999957],[-43.347271460999934,-22.77505035799993],[-43.34703597999993,-22.774965841999972],[-43.34687882299994,-22.775021371999969],[-43.346766158999969,-22.775276577999932],[-43.346677214999943,-22.776216233999946],[-43.346227038999984,-22.776695280999945],[-43.346223233999979,-22.776898234999976],[-43.346313490999933,-22.777052167999955],[-43.346458457999972,-22.777132679999966],[-43.346907083999952,-22.777116135999961],[-43.34756552999994,-22.77745304299998],[-43.349490683999932,-22.777173754999978],[-43.349609319999956,-22.777015890999962],[-43.349647224999956,-22.776608861999932],[-43.34960936899995,-22.775998372999936],[-43.349496545999955,-22.775717890999942],[-43.349262670999963,-22.775483043999941],[-43.348452682999948,-22.774951963999968],[-43.34746131199995,-22.774056431999952],[-43.346730550999951,-22.773547508999968],[-43.346417563999978,-22.773206499999958],[-43.345755832999942,-22.77287453699995],[-43.34568360999998,-22.772729842999979],[-43.345799261999957,-22.772625243999983],[-43.346031723999943,-22.77258734399993],[-43.346729461999985,-22.772686365999959],[-43.347773973999949,-22.773181759999943],[-43.348697415999936,-22.773893074999933],[-43.348927663999973,-22.773868339999979],[-43.349439530999973,-22.773615696999968],[-43.349565656999971,-22.77344362499997],[-43.349513453999975,-22.773119994999945],[-43.349714733999974,-22.77264366299994],[-43.350523726999938,-22.771920085999966],[-43.350583886999971,-22.771637292999969],[-43.350547965999965,-22.771357516999956],[-43.350397448999956,-22.771153885999979],[-43.349774367999942,-22.770993180999938],[-43.349454379999941,-22.770819740999968],[-43.348330310999984,-22.769715266999981],[-43.349039105999964,-22.769894237999949],[-43.349980592999941,-22.769918943999983],[-43.350887864999947,-22.769807623999952],[-43.351018001999932,-22.769705293999948],[-43.35100018199995,-22.769547660999933],[-43.350460300999941,-22.769116260999965],[-43.35021829599998,-22.768695271999945],[-43.349984411999969,-22.768449076999957],[-43.349636028999953,-22.768234451999945],[-43.349343846999943,-22.76814324999998],[-43.349002318999965,-22.768150060999972],[-43.347832537999977,-22.76858649199994],[-43.347598620999975,-22.768584855999961],[-43.347411639999962,-22.768445739999947],[-43.347112164999942,-22.767835976999947],[-43.346713288999979,-22.767446129999939],[-43.346404820999965,-22.767301721999956],[-43.34561730799993,-22.767130485999928],[-43.345350529999962,-22.767128425999942],[-43.34511561599993,-22.767218346999982],[-43.344682214999978,-22.767589616999942],[-43.344642387999954,-22.768021163999947],[-43.344778849999955,-22.768543526999963]],[[-43.346182688999932,-22.77061404799997],[-43.345367278999959,-22.770392762999961],[-43.345289326999932,-22.770186336999927],[-43.345843979999984,-22.769986296999946],[-43.346147826999982,-22.77005192799993],[-43.346527545999948,-22.770264505999933],[-43.346650909999937,-22.770424426999966],[-43.346650016999945,-22.770672472999934],[-43.346476963999976,-22.77080394199993],[-43.346182688999932,-22.77061404799997]],[[-43.343082846999948,-22.772412670999927],[-43.342766878999953,-22.771795039999972],[-43.342393067999978,-22.770664949999968],[-43.34244068299995,-22.77037951799997],[-43.342570257999967,-22.770245642999953],[-43.342783873999963,-22.770271850999961],[-43.343013570999972,-22.770470647999957],[-43.343601898999964,-22.771296441999937],[-43.344127885999967,-22.772352887999944],[-43.344227979999971,-22.772870347999969],[-43.34411647099995,-22.772954855999956],[-43.343821165999941,-22.772989008999957],[-43.343082846999948,-22.772412670999927]]]]}},
{"type":"Feature","properties":{"OBJECTID":27,"municipio":"SÃO JOÃO DE MERITI","uf":"RJ","processo":"Deslizamento","classe":"Alta","obs":null,"fonte":"Produto obtido através da modelagem (ver Nota Técnica Explicativa do projeto) validado por trabalho de campo pela CPRM no ano de 2012 a 2014.","execucao":"SGB-CPRM (2013)","projeto":"Cartas de Suscetibilidade a Movimentos Gravitacionais de Massa e Inundações. Tema: Movimento de massa.","shape_Length":0.0082219441098043654,"shape_Area":2.5501294971232599e-06},"geometry":{"type":"MultiPolygon","coordinates":[[[[-43.344643793999978,-22.787567075999959],[-43.344832396999948,-22.787676727999951],[-43.344939004999958,-22.787625572999957],[-43.344983851999984,-22.787490469999966],[-43.34490285499993,-22.78733131599995],[-43.344573052999976,-22.787052208999967],[-43.343734052999935,-22.786591974999965],[-43.342756178999934,-22.785860219999961],[-43.34208124099996,-22.785616779999941],[-43.341828264999947,-22.785670549999963],[-43.341563397999948,-22.785873022999965],[-43.341673276999984,-22.78612200699996],[-43.342820092999943,-22.786956649999979],[-43.343828868999935,-22.787463156999934],[-43.344132122999952,-22.787540940999975],[-43.344643793999978,-22.787567075999959]]]]}},
{"type":"Feature","properties":{"OBJECTID":31,"municipio":"SÃO JOÃO DE MERITI","uf":"RJ","processo":"Deslizamento","classe":"Média","obs":null,"fonte":"Produto obtido através da modelagem (ver Nota Técnica Explicativa do projeto) validado por trabalho de campo pela CPRM no ano de 2012 a 2014.","execucao":"SGB-CPRM (2013)","projeto":"Cartas de Suscetibilidade a Movimentos Gravitacionais de Massa e Inundações. Tema: Movimento de massa.","shape_Length":0.030216712820163989,"shape_Area":1.1513445817452641e-05},"geometry":{"type":"MultiPolygon","coordinates":[[[[-43.38201160999995,-22.792002649999972],[-43.381771562999973,-22.79217515199997],[-43.381640193999942,-22.792148666999935],[-43.38149637999993,-22.791999466999982],[-43.381525930999942,-22.79171942499994],[-43.38241267799998,-22.790810954999927],[-43.382825134999962,-22.790220488999978],[-43.383611256999984,-22.789468224999951],[-43.383967694999967,-22.788839225999936],[-43.38404733699997,-22.788413969999965],[-43.384013996999954,-22.787995141999943],[-43.383883810999976,-22.78782267899993],[-43.383691348999946,-22.787856323999961],[-43.383381358999941,-22.78836218999993],[-43.383134789999986,-22.789043505999928],[-43.382243494999955,-22.789938865999943],[-43.381914455999947,-22.790454635999936],[-43.381476212999985,-22.79081952699994],[-43.380830549999985,-22.791065569999944],[-43.380487973999948,-22.791396246999966],[-43.380395392999958,-22.791657016999977],[-43.380376836999972,-22.792316286999949],[-43.38045649299994,-22.792512248999969],[-43.380695931999981,-22.792779149999944],[-43.38156203799997,-22.793380249999927],[-43.382059820999984,-22.793333464999932],[-43.382305293999934,-22.793220343999963],[-43.382782761999977,-22.792748237999945],[-43.382958566999946,-22.792179725999972],[-43.38324425199994,-22.791625301999943],[-43.383880512999951,-22.790848379999943],[-43.384612663999974,-22.790325224999947],[-43.38549709199998,-22.789473671999929],[-43.385605384999963,-22.788912853999932],[-43.385622148999971,-22.78717676399998],[-43.38525259599993,-22.786345457999971],[-43.384905537999941,-22.786037526999962],[-43.384688078999943,-22.786033048999968],[-43.384620845999962,-22.786184409999976],[-43.384814590999952,-22.786729837999928],[-43.384856645999946,-22.787074363999977],[-43.384818458999973,-22.788427924999951],[-43.384719441999948,-22.788832383999932],[-43.384403514999974,-22.789372580999952],[-43.383335276999958,-22.790399514999933],[-43.382869182999968,-22.791046187999939],[-43.38201160999995,-22.792002649999972]]]]}},
{"type":"Feature","properties":{"OBJECTID":35,"municipio":"SÃO JOÃO DE MERITI","uf":"RJ","processo":"Deslizamento","classe":"Alta","obs":null,"fonte":"Produto obtido através da modelagem (ver Nota Técnica Explicativa do projeto) validado por trabalho de campo pela CPRM no ano de 2012 a 2014.","execucao":"SGB-CPRM (2013)","projeto":"Cartas de Suscetibilidade a Movimentos Gravitacionais de Massa e Inundações. Tema: Movimento de massa.","shape_Length":0.0076345264382474722,"shape_Area":2.3052898604310816e-06},"geometry":{"type":"MultiPolygon","coordinates":[[[[-43.34805879299995,-22.782461587999933],[-43.348138824999978,-22.782504280999945],[-43.348242767999977,-22.782374980999975],[-43.348245025999972,-22.78161849199995],[-43.348149551999938,-22.781148456999972],[-43.347943715999975,-22.780866584999956],[-43.347378049999975,-22.780580500999974],[-43.347066978999976,-22.780514581999967],[-43.345941902999982,-22.780643345999977],[-43.345556252999984,-22.780823906999956],[-43.345514733999948,-22.780976296999938],[-43.345631732999948,-22.781090680999966],[-43.347407507999947,-22.781549990999963],[-43.34769246999997,-22.78184860999994],[-43.34805879299995,-22.782461587999933]]]]}},
{"type":"Feature","properties":{"OBJECTID":37,"municipio":"SÃO JOÃO DE MERITI","uf":"RJ","processo":"Deslizamento","classe":"Média","obs":null,"fonte":"Produto obtido através da modelagem (ver Nota Técnica Explicativa do projeto) validado por trabalho de campo pela CPRM no ano de 2012 a 2014.","execucao":"SGB-CPRM (2013)","projeto":"Cartas de Suscetibilidade a Movimentos Gravitacionais de Massa e Inundações. Tema: Movimento de massa.","shape_Length":0.0096714104742354184,"shape_Area":2.7061429773613055e-06},"geometry":{"type":"MultiPolygon","coordinates":[[[[-43.329999954999948,-22.789015893999931],[-43.330453728999942,-22.788691941999957],[-43.330716636999966,-22.788136450999957],[-43.330722241999979,-22.787343766999982],[-43.330506738999929,-22.786662587999956],[-43.330714782999962,-22.785852180999939],[-43.330419587999984,-22.785257731999934],[-43.329826331999982,-22.784494310999946],[-43.329999954999948,-22.789015893999931]]]]}},
{"type":"Feature","properties":{"OBJECTID":45,"municipio":"SÃO JOÃO DE MERITI","uf":"RJ","processo":"Deslizamento","classe":"Baixa","obs":null,"fonte":"Produto obtido através da modelagem (ver Nota Técnica Explicativa do projeto) validado por trabalho de campo pela CPRM no ano de 2012 a 2014.","execucao":"SGB-CPRM (2013)","projeto":"Cartas de Suscetibilidade a Movimentos Gravitacionais de Massa e Inundações. Tema: Movimento de massa.","shape_Length":0.0031560970186394295,"shape_Area":1.8345718253252681e-07},"geometry":{"type":"MultiPolygon","coordinates":[[[[-43.32964745299995,-22.778587271999982],[-43.329631940999946,-22.77891275099995],[-43.33026605799995,-22.777820430999952],[-43.330286576999981,-22.777508112999953],[-43.32964745299995,-22.778587271999982]]]]}},
{"type":"Feature","properties":{"OBJECTID":46,"municipio":"SÃO JOÃO DE MERITI","uf":"RJ","processo":"Deslizamento","classe":"Média","obs":null,"fonte":"Produto obtido através da modelagem (ver Nota Técnica Explicativa do projeto) validado por trabalho de campo pela CPRM no ano de 2012 a 2014.","execucao":"SGB-CPRM (2013)","projeto":"Cartas de Suscetibilidade a Movimentos Gravitacionais de Massa e Inundações. Tema: Movimento de massa.","shape_Length":0.0018254140960915826,"shape_Area":2.3832146638795428e-07},"geometry":{"type":"MultiPolygon","coordinates":[[[[-43.379636450999953,-22.788662822999981],[-43.379868967999982,-22.788695005999955],[-43.380018194999934,-22.788592398999981],[-43.37997977699996,-22.788225095999962],[-43.379768642999977,-22.78805261499997],[-43.379618325999957,-22.788086917999976],[-43.379543293999973,-22.788239988999976],[-43.379541617999962,-22.788449747999948],[-43.379636450999953,-22.788662822999981]]]]}},
{"type":"Feature","properties":{"OBJECTID":47,"municipio":"SÃO JOÃO DE MERITI","uf":"RJ","processo":"Deslizamento","classe":"Média","obs":null,"fonte":"Produto obtido através da modelagem (ver Nota Técnica Explicativa do projeto) validado por trabalho de campo pela CPRM no ano de 2012 a 2014.","execucao":"SGB-CPRM (2013)","projeto":"Cartas de Suscetibilidade a Movimentos Gravitacionais de Massa e Inundações. Tema: Movimento de massa.","shape_Length":0.0084134708775783912,"shape_Area":2.402348662965917e-06},"geometry":{"type":"MultiPolygon","coordinates":[[[[-43.357516465999936,-22.800226891999955],[-43.357726567999975,-22.800573763999978],[-43.358351087999949,-22.801137594999943],[-43.359213544999932,-22.80072086499996],[-43.359573492999971,-22.800457899999969],[-43.359673236999981,-22.800272647999975],[-43.359598645999938,-22.80014637499994],[-43.359398868999961,-22.800088238999933],[-43.358581245999972,-22.800260459999947],[-43.358252,-22.800173002999941],[-43.358255027999974,-22.799974577999933],[-43.358442163999939,-22.799741119999965],[-43.359180502999948,-22.799162138999975],[-43.359137641999951,-22.798975839999969],[-43.35883509699994,-22.798889548999966],[-43.358352044999947,-22.798988268999949],[-43.35786699199997,-22.799333160999936],[-43.35754308099996,-22.799825222999971],[-43.357516465999936,-22.800226891999955]]]]}},
{"type":"Feature","properties":{"OBJECTID":52,"municipio":"SÃO JOÃO DE MERITI","uf":"RJ","processo":"Deslizamento","classe":"Média","obs":null,"fonte":"Produto obtido através da modelagem (ver Nota Técnica Explicativa do projeto) validado por trabalho de campo pela CPRM no ano de 2012 a 2014.","execucao":"SGB-CPRM (2013)","projeto":"Cartas de Suscetibilidade a Movimentos Gravitacionais de Massa e Inundações. Tema: Movimento de massa.","shape_Length":0.062275136024643997,"shape_Area":4.2789267317076108e-05},"geometry":{"type":"MultiPolygon","coordinates":[[[[-43.340500170999974,-22.778639053999939],[-43.34036899299997,-22.778965257999971],[-43.340080739999962,-22.779236071999946],[-43.33977708599997,-22.779336837999949],[-43.339429382999981,-22.779349330999935],[-43.339304843999969,-22.779326246999972],[-43.339192479999952,-22.779305419999957],[-43.339028560999964,-22.779190711999945],[-43.338744710999947,-22.778880679999929],[-43.338468105999937,-22.778392162999978],[-43.338296376999949,-22.778393971999947],[-43.338113165999971,-22.778534306999973],[-43.337958567999976,-22.778792688999943],[-43.337813034999954,-22.77938018499998],[-43.337519045999954,-22.779883119999965],[-43.336594876999982,-22.780743245999929],[-43.336818371999982,-22.781445161999955],[-43.337096008999936,-22.78195022899996],[-43.337541545999954,-22.782246115999953],[-43.337925985999959,-22.782260149999956],[-43.338257847999955,-22.78201232999993],[-43.338612858999966,-22.781505743999958],[-43.339087111999959,-22.781208916999958],[-43.339304843999969,-22.781150289999971],[-43.33932975099998,-22.781143583999949],[-43.340620959999967,-22.781756508999933],[-43.34058866099997,-22.782215062999967],[-43.340657950999969,-22.782407215999967],[-43.340788446999966,-22.782512538999981],[-43.341217667999956,-22.782430304999934],[-43.342378738999969,-22.782404923999934],[-43.342893970999967,-22.782307318999983],[-43.343278436999981,-22.782124623999948],[-43.343554516999973,-22.781828838999957],[-43.34396539599993,-22.780626057999939],[-43.344271950999939,-22.779949888999965],[-43.344392538999955,-22.77978055799997],[-43.344565708999937,-22.77970877599995],[-43.344647333999944,-22.77989790099997],[-43.344431335999957,-22.781219891999967],[-43.344178821999947,-22.781708824999953],[-43.343709745999945,-22.782181659999935],[-43.343636142999969,-22.782362448999947],[-43.343724508999969,-22.782695783999941],[-43.343967260999932,-22.782975749999935],[-43.345631812999954,-22.783678925999936],[-43.345963697999935,-22.783706807999977],[-43.346407242999931,-22.783624851999946],[-43.346850530999973,-22.783688969999957],[-43.348360397999954,-22.784234560999948],[-43.349067395999953,-22.783780286999956],[-43.349571103999949,-22.783144162999974],[-43.349716497999964,-22.782770888999949],[-43.349730316999967,-22.782536264999976],[-43.349153089999959,-22.781062133999967],[-43.34876630399998,-22.780377063999936],[-43.348067740999966,-22.77979449999998],[-43.34751158499995,-22.779581157999928],[-43.346128551999982,-22.779427665999947],[-43.344616830999939,-22.778176150999968],[-43.343951604999972,-22.777881763999972],[-43.342338362999953,-22.777506332999963],[-43.341643431999955,-22.77752563599995],[-43.340843751999955,-22.777830440999935],[-43.340634443999932,-22.778063298999939],[-43.340500170999974,-22.778639053999939]],[[-43.342335650999985,-22.778915004999931],[-43.342418291999934,-22.778744366999945],[-43.342832081999973,-22.778715208999927],[-43.343127057999936,-22.778885509999952],[-43.343131998999979,-22.779001780999977],[-43.343049617999952,-22.77908249199993],[-43.342476462999969,-22.779114978999928],[-43.342335650999985,-22.778915004999931]],[[-43.34805879299995,-22.782461587999933],[-43.34769246999997,-22.78184860999994],[-43.347407507999947,-22.781549990999963],[-43.345631732999948,-22.781090680999966],[-43.345514733999948,-22.780976296999938],[-43.345556252999984,-22.780823906999956],[-43.345941902999982,-22.780643345999977],[-43.347066978999976,-22.780514581999967],[-43.347378049999975,-22.780580500999974],[-43.347943715999975,-22.780866584999956],[-43.348149551999938,-22.781148456999972],[-43.348245025999972,-22.78161849199995],[-43.348242767999977,-22.782374980999975],[-43.348138824999978,-22.782504280999945],[-43.34805879299995,-22.782461587999933]],[[-43.344425901999955,-22.782616336999979],[-43.344404507999968,-22.782304947999933],[-43.344691399999931,-22.781945396999959],[-43.344838194999966,-22.781922241999951],[-43.345271490999949,-22.782269127999939],[-43.346490729999971,-22.782410358999982],[-43.34669667299994,-22.782498258999965],[-43.346793389999959,-22.78262776899993],[-43.346734409999954,-22.782814182999971],[-43.346548817999974,-22.782913826999959],[-43.345400699999971,-22.783064363999927],[-43.344425901999955,-22.782616336999979]],[[-43.347566300999972,-22.783315094999978],[-43.34712353599997,-22.782721670999933],[-43.347295165999981,-22.782761851999965],[-43.347961639999937,-22.783340947999932],[-43.348300613999982,-22.783548205999978],[-43.348003064999943,-22.783563865999952],[-43.347566300999972,-22.783315094999978]],[[-43.338724430999946,-22.780166347999966],[-43.33905157099997,-22.780078518999971],[-43.339286597999944,-22.780143364999958],[-43.339255629999968,-22.780271214999971],[-43.339047668999967,-22.780444846999956],[-43.338092647999986,-22.780944317999968],[-43.337832047999939,-22.781009500999971],[-43.338724430999946,-22.780166347999966]]]]}},
{"type":"Feature","properties":{"OBJECTID":54,"municipio":"SÃO JOÃO DE MERITI","uf":"RJ","processo":"Deslizamento","classe":"Média","obs":null,"fonte":"Produto obtido através da modelagem (ver Nota Técnica Explicativa do projeto) validado por trabalho de campo pela CPRM no ano de 2012 a 2014.","execucao":"SGB-CPRM (2013)","projeto":"Cartas de Suscetibilidade a Movimentos Gravitacionais de Massa e Inundações. Tema: Movimento de massa.","shape_Length":0.0098041801725315333,"shape_Area":7.1323797162985124e-06},"geometry":{"type":"MultiPolygon","coordinates":[[[[-43.33141762799994,-22.790204888999938],[-43.332065356999976,-22.790702783999961],[-43.332530907999967,-22.790638403999935],[-43.333403053999973,-22.79030458099993],[-43.333822073999954,-22.789937903999942],[-43.334459268999979,-22.789156537999929],[-43.334149519999983,-22.788138815999957],[-43.33384599599998,-22.787834766999936],[-43.333526886999948,-22.787744287999942],[-43.332788315999949,-22.787710116999961],[-43.332321377999961,-22.787806309999951],[-43.331890611999938,-22.788149352999937],[-43.331481413999938,-22.788745806999941],[-43.331103011999971,-22.789129397999943],[-43.331099149999943,-22.789678017999961],[-43.33141762799994,-22.790204888999938]]]]}},
{"type":"Feature","properties":{"OBJECTID":55,"municipio":"SÃO JOÃO DE MERITI","uf":"RJ","processo":"Deslizamento","classe":"Média","obs":null,"fonte":"Produto obtido através da modelagem (ver Nota Técnica Explicativa do projeto) validado por trabalho de campo pela CPRM no ano de 2012 a 2014.","execucao":"SGB-CPRM (2013)","projeto":"Cartas de Suscetibilidade a Movimentos Gravitacionais de Massa e Inundações. Tema: Movimento de massa.","shape_Length":0.0078214071362887033,"shape_Area":4.2412381263914984e-06},"geometry":{"type":"MultiPolygon","coordinates":[[[[-43.339933679999945,-22.788508756999931],[-43.340693850999969,-22.789155534999963],[-43.341336423999962,-22.789120829999945],[-43.342018991999964,-22.788822522999965],[-43.342156522999971,-22.788517941999942],[-43.342107252999938,-22.788149750999935],[-43.341683456999931,-22.787672739999948],[-43.340694774999974,-22.787003929999969],[-43.340264899999966,-22.786867492999932],[-43.339821077999943,-22.786909382999966],[-43.33945173199993,-22.787221659999943],[-43.339331955999967,-22.787493149999932],[-43.339339821999943,-22.787749099999928],[-43.339933679999945,-22.788508756999931]]]]}},
{"type":"Feature","properties":{"OBJECTID":56,"municipio":"SÃO JOÃO DE MERITI","uf":"RJ","processo":"Deslizamento","classe":"Média","obs":null,"fonte":"Produto obtido através da modelagem (ver Nota Técnica Explicativa do projeto) validado por trabalho de campo pela CPRM no ano de 2012 a 2014.","execucao":"SGB-CPRM (2013)","projeto":"Cartas de Suscetibilidade a Movimentos Gravitacionais de Massa e Inundações. Tema: Movimento de massa.","shape_Length":0.038097401769233243,"shape_Area":1.9742990133976834e-05},"geometry":{"type":"MultiPolygon","coordinates":[[[[-43.381930030999968,-22.796985301999939],[-43.382062807999944,-22.797450655999967],[-43.381307640999978,-22.797553836999953],[-43.380629392999936,-22.797896625999954],[-43.380535737999935,-22.798247467999943],[-43.38058764699997,-22.798629783999957],[-43.381132772999933,-22.799200914999972],[-43.381895775999965,-22.799557336999953],[-43.382393610999941,-22.800995383999975],[-43.382596203999981,-22.801286739999966],[-43.382880281999974,-22.801510187999952],[-43.383662393999941,-22.801844236999955],[-43.383904940999969,-22.802054993999946],[-43.384134390999975,-22.80239232699995],[-43.384780299999932,-22.802318395999976],[-43.385002516999975,-22.802103121999949],[-43.384989444999974,-22.801844973999948],[-43.384559199999956,-22.801306014999966],[-43.384481808999965,-22.801104572999975],[-43.384550607999984,-22.800738444999979],[-43.384727890999955,-22.800482363999947],[-43.384962857999938,-22.800422368999932],[-43.386022075999961,-22.800779555999952],[-43.386828978999972,-22.800691010999969],[-43.387130770999931,-22.800548421999963],[-43.38755591499995,-22.800201750999975],[-43.38808221599993,-22.799697097999967],[-43.388253594999981,-22.799424427999952],[-43.388317411999935,-22.798783665999963],[-43.388127926999971,-22.797996821999959],[-43.388011013999972,-22.797751870999946],[-43.387802110999985,-22.797709059999931],[-43.387423152999929,-22.79793308099994],[-43.386577232999969,-22.799258388999931],[-43.385795725999969,-22.799948238999946],[-43.384958923999932,-22.800122442999964],[-43.384326182999985,-22.799894636999966],[-43.383874126999956,-22.799974609999936],[-43.383558238999967,-22.799939449999954],[-43.383407378999948,-22.799804526999935],[-43.38317778399994,-22.79938496699998],[-43.383179071999962,-22.799163303999933],[-43.383359352999946,-22.799135814999943],[-43.383915748999982,-22.799318776999939],[-43.384550234999949,-22.799278208999965],[-43.384691808999946,-22.79921286299998],[-43.384814182999946,-22.799042210999971],[-43.384784669999931,-22.798735988999965],[-43.383922737999967,-22.798506050999947],[-43.383585264999965,-22.798240121999982],[-43.383294362999948,-22.798190335999948],[-43.383053218999976,-22.798312085999953],[-43.382819542999982,-22.798799068999983],[-43.382609038999931,-22.798852708999959],[-43.382352325999932,-22.798679053999933],[-43.382266511999944,-22.798399531999962],[-43.382667585999968,-22.798035110999933],[-43.382819592999965,-22.797142012999927],[-43.382913139999971,-22.797001648999981],[-43.383530156999939,-22.797277062999967],[-43.38401855199993,-22.797924323999951],[-43.384186652999972,-22.79793736299996],[-43.384336711999936,-22.797844323999982],[-43.384526304999952,-22.797638021999944],[-43.384621049999964,-22.797360374999982],[-43.384641623999983,-22.79673143499997],[-43.384562649999964,-22.796341674999951],[-43.384391455999946,-22.796217612999953],[-43.383523253999954,-22.796047985999962],[-43.383238654999957,-22.795794144999945],[-43.382969456999945,-22.795384997999975],[-43.382715373999986,-22.795279151999978],[-43.382507786999952,-22.795287083999938],[-43.382225941999934,-22.795459260999962],[-43.382059628999968,-22.795730245999948],[-43.381808439999929,-22.796579784999949],[-43.381930030999968,-22.796985301999939]]]]}},
{"type":"Feature","properties":{"OBJECTID":57,"municipio":"SÃO JOÃO DE MERITI","uf":"RJ","processo":"Deslizamento","classe":"Média","obs":null,"fonte":"Produto obtido através da modelagem (ver Nota Técnica Explicativa do projeto) validado por trabalho de campo pela CPRM no ano de 2012 a 2014.","execucao":"SGB-CPRM (2013)","projeto":"Cartas de Suscetibilidade a Movimentos Gravitacionais de Massa e Inundações. Tema: Movimento de massa.","shape_Length":0.0059273668319679536,"shape_Area":1.5204312844801811e-06},"geometry":{"type":"MultiPolygon","coordinates":[[[[-43.365409753999984,-22.792915198999935],[-43.365445376999958,-22.793080398999962],[-43.366189543999951,-22.792717254999957],[-43.366600852999966,-22.792249971999979],[-43.367014836999942,-22.791975195999953],[-43.367314972999964,-22.791346193999971],[-43.367260409999972,-22.791040023999983],[-43.36708645899995,-22.790980290999983],[-43.366905860999964,-22.791056108999953],[-43.36617855999998,-22.79166962599993],[-43.365478672999984,-22.792698899999948],[-43.365409753999984,-22.792915198999935]]]]}},
{"type":"Feature","properties":{"OBJECTID":59,"municipio":"SÃO JOÃO DE MERITI","uf":"RJ","processo":"Deslizamento","classe":"Média","obs":null,"fonte":"Produto obtido através da modelagem (ver Nota Técnica Explicativa do projeto) validado por trabalho de campo pela CPRM no ano de 2012 a 2014.","execucao":"SGB-CPRM (2013)","projeto":"Cartas de Suscetibilidade a Movimentos Gravitacionais de Massa e Inundações. Tema: Movimento de massa.","shape_Length":0.0089499491970320474,"shape_Area":3.3732504739938286e-06},"geometry":{"type":"MultiPolygon","coordinates":[[[[-43.394907209999985,-22.786983342999974],[-43.395257413999957,-22.788009156999976],[-43.395469030999948,-22.787836555999945],[-43.395611133999978,-22.787444040999958],[-43.395616773999961,-22.785354688999973],[-43.395436212999982,-22.784825486999978],[-43.395265314999961,-22.784690661999946],[-43.395037328999933,-22.784660934999977],[-43.394460976999937,-22.784812146999968],[-43.393766452999955,-22.785168656999929],[-43.393609298999934,-22.785322870999948],[-43.393538131999946,-22.78559033199997],[-43.393727769999941,-22.785770079999963],[-43.394456318999971,-22.785928275999936],[-43.394744933999959,-22.786191034999945],[-43.394907209999985,-22.786983342999974]]]]}},
{"type":"Feature","properties":{"OBJECTID":60,"municipio":"SÃO JOÃO DE MERITI","uf":"RJ","processo":"Deslizamento","classe":"Baixa","obs":null,"fonte":"Produto obtido através da modelagem (ver Nota Técnica Explicativa do projeto) validado por trabalho de campo pela CPRM no ano de 2012 a 2014.","execucao":"SGB-CPRM (2013)","projeto":"Cartas de Suscetibilidade a Movimentos Gravitacionais de Massa e Inundações. Tema: Movimento de massa.","shape_Length":0.0048989636995713532,"shape_Area":1.5621781507722221e-06},"geometry":{"type":"MultiPolygon","coordinates":[[[[-43.391201052999975,-22.809902941999951],[-43.392171362999932,-22.809924605999981],[-43.392622294999967,-22.809864920999928],[-43.392950258999974,-22.80958570599995],[-43.392979372999946,-22.809302991999971],[-43.392781534999983,-22.809055933999957],[-43.392489223999974,-22.808934595999972],[-43.391413316999945,-22.808959315999971],[-43.391241306999973,-22.809065977999978],[-43.39118654899994,-22.809212306999939],[-43.391201052999975,-22.809902941999951]]]]}},
{"type":"Feature","properties":{"OBJECTID":64,"municipio":"SÃO JOÃO DE MERITI","uf":"RJ","processo":"Deslizamento","classe":"Baixa","obs":null,"fonte":"Produto obtido através da modelagem (ver Nota Técnica Explicativa do projeto) validado por trabalho de campo pela CPRM no ano de 2012 a 2014.","execucao":"SGB-CPRM (2013)","projeto":"Cartas de Suscetibilidade a Movimentos Gravitacionais de Massa e Inundações. Tema: Movimento de massa.","shape_Length":0.0041841101018798418,"shape_Area":9.5606748864413579e-07},"geometry":{"type":"MultiPolygon","coordinates":[[[[-43.391623651999964,-22.811541959999943],[-43.392483980999941,-22.810594720999973],[-43.392026484999974,-22.810409010999933],[-43.391333725999971,-22.810718244999975],[-43.390931429999966,-22.810718090999956],[-43.390892832999953,-22.810992273999943],[-43.391007818999981,-22.811222750999946],[-43.391144512999972,-22.811344800999962],[-43.391446500999962,-22.811404423999932],[-43.391623651999964,-22.811541959999943]]]]}},
{"type":"Feature","properties":{"OBJECTID":65,"municipio":"SÃO JOÃO DE MERITI","uf":"RJ","processo":"Deslizamento","classe":"Baixa","obs":null,"fonte":"Produto obtido através da modelagem (ver Nota Técnica Explicativa do projeto) validado por trabalho de campo pela CPRM no ano de 2012 a 2014.","execucao":"SGB-CPRM (2013)","projeto":"Cartas de Suscetibilidade a Movimentos Gravitacionais de Massa e Inundações. Tema: Movimento de massa.","shape_Length":0.0047071423412569473,"shape_Area":1.1647569836658932e-06},"geometry":{"type":"MultiPolygon","coordinates":[[[[-43.339304843999969,-22.798030293999943],[-43.339377673999934,-22.79813936499994],[-43.339646989999949,-22.798030399999959],[-43.339752310999984,-22.797645250999949],[-43.339608419999934,-22.797297319999927],[-43.339439933999984,-22.796492349999937],[-43.339304843999969,-22.796354053999949],[-43.339192048999962,-22.796238581999944],[-43.33892594699995,-22.796202893999975],[-43.338728310999954,-22.796346783999979],[-43.338684339999929,-22.796506430999955],[-43.339117415999965,-22.797749600999964],[-43.339304843999969,-22.798030293999943]]]]}},
{"type":"Feature","properties":{"OBJECTID":66,"municipio":"SÃO JOÃO DE MERITI","uf":"RJ","processo":"Deslizamento","classe":"Média","obs":null,"fonte":"Produto obtido através da modelagem (ver Nota Técnica Explicativa do projeto) validado por trabalho de campo pela CPRM no ano de 2012 a 2014.","execucao":"SGB-CPRM (2013)","projeto":"Cartas de Suscetibilidade a Movimentos Gravitacionais de Massa e Inundações. Tema: Movimento de massa.","shape_Length":0.0057839711520238906,"shape_Area":1.6510620720801607e-06},"geometry":{"type":"MultiPolygon","coordinates":[[[[-43.399269477999951,-22.803123104999941],[-43.400906262999968,-22.801320641999951],[-43.399926792999963,-22.801191905999929],[-43.399285363999979,-22.801605277999954],[-43.399116096999933,-22.801845915999934],[-43.399061396999969,-22.802080518999958],[-43.399269477999951,-22.803123104999941]]]]}},
{"type":"Feature","properties":{"OBJECTID":67,"municipio":"SÃO JOÃO DE MERITI","uf":"RJ","processo":"Deslizamento","classe":"Alta","obs":null,"fonte":"Produto obtido através da modelagem (ver Nota Técnica Explicativa do projeto) validado por trabalho de campo pela CPRM no ano de 2012 a 2014.","execucao":"SGB-CPRM (2013)","projeto":"Cartas de Suscetibilidade a Movimentos Gravitacionais de Massa e Inundações. Tema: Movimento de massa.","shape_Length":0.0032014209418541801,"shape_Area":3.5147708595883514e-07},"geometry":{"type":"MultiPolygon","coordinates":[[[[-43.351315070999931,-22.785793287999979],[-43.351891033999948,-22.78625791099995],[-43.352342953999937,-22.786205996999968],[-43.352487529999962,-22.786068935999936],[-43.351790972999936,-22.785843288999956],[-43.351320647999955,-22.785499107999954],[-43.351151410999933,-22.785515683999961],[-43.351315070999931,-22.785793287999979]]]]}},
{"type":"Feature","properties":{"OBJECTID":68,"municipio":"SÃO JOÃO DE MERITI","uf":"RJ","processo":"Deslizamento","classe":"Média","obs":null,"fonte":"Produto obtido através da modelagem (ver Nota Técnica Explicativa do projeto) validado por trabalho de campo pela CPRM no ano de 2012 a 2014.","execucao":"SGB-CPRM (2013)","projeto":"Cartas de Suscetibilidade a Movimentos Gravitacionais de Massa e Inundações. Tema: Movimento de massa.","shape_Length":0.0039413274716476199,"shape_Area":6.8591653536289223e-07},"geometry":{"type":"MultiPolygon","coordinates":[[[[-43.334571429999983,-22.780493172999968],[-43.334789174999969,-22.780836253999951],[-43.334990465999965,-22.78073483999998],[-43.335304213999962,-22.780132239999944],[-43.33584811299994,-22.779747105999945],[-43.335875286999965,-22.779576218999978],[-43.335675524999942,-22.779531591999955],[-43.33546288399998,-22.779590375999931],[-43.334645302999945,-22.780095711999934],[-43.334571429999983,-22.780493172999968]]]]}},
{"type":"Feature","properties":{"OBJECTID":69,"municipio":"SÃO JOÃO DE MERITI","uf":"RJ","processo":"Deslizamento","classe":"Média","obs":null,"fonte":"Produto obtido através da modelagem (ver Nota Técnica Explicativa do projeto) validado por trabalho de campo pela CPRM no ano de 2012 a 2014.","execucao":"SGB-CPRM (2013)","projeto":"Cartas de Suscetibilidade a Movimentos Gravitacionais de Massa e Inundações. Tema: Movimento de massa.","shape_Length":0.010038964165160086,"shape_Area":4.2364528822258613e-06},"geometry":{"type":"MultiPolygon","coordinates":[[[[-43.383388776999936,-22.773815443999979],[-43.383201304999943,-22.77396340599995],[-43.382575378999945,-22.773674176999975],[-43.382216255999936,-22.773627866999959],[-43.381839935999949,-22.773857108999948],[-43.381751235999957,-22.774102033999952],[-43.382057295999971,-22.774735774999954],[-43.382507614999952,-22.775146910999979],[-43.383341585999972,-22.774936504999971],[-43.384010178999972,-22.774937445999967],[-43.384254963999979,-22.774779658999933],[-43.384396595999931,-22.774416598999949],[-43.38426359999994,-22.773205215999951],[-43.383922870999982,-22.772571682999967],[-43.383654069999977,-22.77232545399994],[-43.38344981399996,-22.772245287999965],[-43.38315750299995,-22.772252704999971],[-43.383003243999951,-22.77237215699995],[-43.383424390999949,-22.773648560999959],[-43.383388776999936,-22.773815443999979]]]]}},
{"type":"Feature","properties":{"OBJECTID":70,"municipio":"SÃO JOÃO DE MERITI","uf":"RJ","processo":"Deslizamento","classe":"Média","obs":null,"fonte":"Produto obtido através da modelagem (ver Nota Técnica Explicativa do projeto) validado por trabalho de campo pela CPRM no ano de 2012 a 2014.","execucao":"SGB-CPRM (2013)","projeto":"Cartas de Suscetibilidade a Movimentos Gravitacionais de Massa e Inundações. Tema: Movimento de massa.","shape_Length":0.0089878250574439624,"shape_Area":2.0606729842619554e-06},"geometry":{"type":"MultiPolygon","coordinates":[[[[-43.391876668999942,-22.791242126999975],[-43.392287880999959,-22.792405005999967],[-43.392813783999941,-22.791993851999962],[-43.392840924999973,-22.791606141999978],[-43.392385659999945,-22.790939467999976],[-43.39224952099994,-22.789952378999942],[-43.391897670999981,-22.789089890999946],[-43.391446536999979,-22.78859482699994],[-43.391149275999965,-22.788471426999934],[-43.391089872999942,-22.788597581999966],[-43.391137641999933,-22.788746555999978],[-43.391761509999981,-22.789768607999974],[-43.391876668999942,-22.791242126999975]]]]}},
{"type":"Feature","properties":{"OBJECTID":73,"municipio":"SÃO JOÃO DE MERITI","uf":"RJ","processo":"Deslizamento","classe":"Média","obs":null,"fonte":"Produto obtido através da modelagem (ver Nota Técnica Explicativa do projeto) validado por trabalho de campo pela CPRM no ano de 2012 a 2014.","execucao":"SGB-CPRM (2013)","projeto":"Cartas de Suscetibilidade a Movimentos Gravitacionais de Massa e Inundações. Tema: Movimento de massa.","shape_Length":0.0018531727411886926,"shape_Area":2.3083237448099768e-07},"geometry":{"type":"MultiPolygon","coordinates":[[[[-43.33567377199995,-22.78093609299998],[-43.33578268499997,-22.781208667999977],[-43.336290232999943,-22.781167547999928],[-43.33632860199998,-22.780903895999927],[-43.336097652999968,-22.780759499999931],[-43.335734264999985,-22.780803693999928],[-43.33567377199995,-22.78093609299998]]]]}},
{"type":"Feature","properties":{"OBJECTID":74,"municipio":"SÃO JOÃO DE MERITI","uf":"RJ","processo":"Deslizamento","classe":"Média","obs":null,"fonte":"Produto obtido através da modelagem (ver Nota Técnica Explicativa do projeto) validado por trabalho de campo pela CPRM no ano de 2012 a 2014.","execucao":"SGB-CPRM (2013)","projeto":"Cartas de Suscetibilidade a Movimentos Gravitacionais de Massa e Inundações. Tema: Movimento de massa.","shape_Length":0.035051566742809612,"shape_Area":1.9032774946683291e-05},"geometry":{"type":"MultiPolygon","coordinates":[[[[-43.377533741999969,-22.793427059999942],[-43.376989653999942,-22.79382026199994],[-43.376801747999934,-22.793804333999958],[-43.376327148999962,-22.793473690999974],[-43.376021633999983,-22.793406059999938],[-43.375522295999986,-22.793525948999957],[-43.375304502999938,-22.793753925999965],[-43.375252233999959,-22.794326732999934],[-43.375339328999985,-22.795724029999974],[-43.375275138999939,-22.796183429999928],[-43.374863337999955,-22.797362404999944],[-43.374517198999968,-22.797947271999931],[-43.373857716999964,-22.798630195999976],[-43.373750719999975,-22.799084273999938],[-43.373763551999957,-22.79948845499996],[-43.373878048999984,-22.79975806899995],[-43.37417817599993,-22.800037304999933],[-43.374806661999969,-22.800400972999967],[-43.375178216999984,-22.800357233999932],[-43.375454271999956,-22.800233943999956],[-43.376192732999982,-22.799569520999967],[-43.376856767999982,-22.798115509999946],[-43.376846039999975,-22.79796889499994],[-43.376727797999934,-22.79786401399997],[-43.376397929999939,-22.797872095999935],[-43.375766517999978,-22.798572304999936],[-43.375355015999958,-22.798874833999946],[-43.375196939999967,-22.798879951999936],[-43.375230517999967,-22.798504253999965],[-43.376220912999941,-22.796669132999966],[-43.376649206999957,-22.795413206999967],[-43.376803585999937,-22.795238298999948],[-43.37716876199994,-22.79534590399993],[-43.377762437999934,-22.795911788999945],[-43.378074565999952,-22.796635011999967],[-43.378516035999951,-22.797320343999957],[-43.378532881999945,-22.797831113999962],[-43.378433179999945,-22.798319670999945],[-43.377873697999974,-22.798191248999956],[-43.377696569999955,-22.798286695999934],[-43.37761338599995,-22.798471081999935],[-43.377649151999947,-22.799147292999976],[-43.377952929999935,-22.799726247999956],[-43.378232912999977,-22.799794636999934],[-43.378670654999951,-22.799612020999973],[-43.379569241999945,-22.798607861999983],[-43.379615581999985,-22.79813053099997],[-43.379549474999976,-22.797642332999942],[-43.379256673999976,-22.796818110999936],[-43.378796639999962,-22.795877728999983],[-43.378885512999943,-22.795622789999982],[-43.379362389999983,-22.795262802999957],[-43.37940516599997,-22.794994251999981],[-43.378803300999948,-22.794994108999958],[-43.378336947999969,-22.794760971999949],[-43.378170188999945,-22.794337722999956],[-43.37809438599993,-22.79352195499996],[-43.377959115999943,-22.793346650999979],[-43.377533741999969,-22.793427059999942]]]]}},
{"type":"Feature","properties":{"OBJECTID":78,"municipio":"SÃO JOÃO DE MERITI","uf":"RJ","processo":"Deslizamento","classe":"Média","obs":null,"fonte":"Produto obtido através da modelagem (ver Nota Técnica Explicativa do projeto) validado por trabalho de campo pela CPRM no ano de 2012 a 2014.","execucao":"SGB-CPRM (2013)","projeto":"Cartas de Suscetibilidade a Movimentos Gravitacionais de Massa e Inundações. Tema: Movimento de massa.","shape_Length":0.070147646037500955,"shape_Area":5.038148197524825e-05},"geometry":{"type":"MultiPolygon","coordinates":[[[[-43.335819712999978,-22.767779546999975],[-43.335924603999956,-22.767954991999943],[-43.336529259999963,-22.768405075999965],[-43.336628018999932,-22.768605415999957],[-43.336630563999961,-22.768821131999971],[-43.336427430999947,-22.769255074999933],[-43.33627721199997,-22.769393509999929],[-43.335238741999945,-22.768797630999927],[-43.335018697999942,-22.768784442999959],[-43.334849306999956,-22.768926034999936],[-43.334839611999939,-22.769482778999929],[-43.335064175999946,-22.770041627999944],[-43.335212056999978,-22.771038898999961],[-43.335325384999976,-22.771296608999933],[-43.335624243999973,-22.771573509999939],[-43.335912049999934,-22.771676996999929],[-43.336430050999979,-22.771666463999964],[-43.337020379999956,-22.771495242999947],[-43.337675594999951,-22.771764698999959],[-43.338194982999937,-22.771756],[-43.338735754999959,-22.771968048999952],[-43.338834235999968,-22.772175172999937],[-43.338627748999954,-22.772498097999971],[-43.338087151999957,-22.773036605999948],[-43.337542225999982,-22.77392872799993],[-43.337061951999942,-22.774346172999969],[-43.336907339999982,-22.774354002999928],[-43.33686896699993,-22.774264098999936],[-43.337243055999977,-22.774015855999949],[-43.33756177999993,-22.773686103999978],[-43.337994695999953,-22.772833600999945],[-43.33835198099996,-22.772326100999976],[-43.338360197999975,-22.772219968999934],[-43.338260014999946,-22.77209234999998],[-43.337975487999984,-22.772057401999973],[-43.337115670999935,-22.772174051999968],[-43.336762478999958,-22.772747307999964],[-43.336546910999971,-22.772895632999962],[-43.335811028999956,-22.772585032999928],[-43.335155703999931,-22.772538577999967],[-43.33474721999994,-22.772619707999979],[-43.334558443999981,-22.772795692999978],[-43.334475004999945,-22.77307006999996],[-43.334653912999954,-22.773894939999934],[-43.335023872999955,-22.774456236999981],[-43.335767820999934,-22.775158490999956],[-43.33634066999997,-22.775539992999938],[-43.336995945999945,-22.775839893999944],[-43.337529648999976,-22.776377182999965],[-43.338393639999936,-22.776876784999956],[-43.338741702999982,-22.777244143999951],[-43.33889555199994,-22.777633943999945],[-43.339304843999969,-22.777605392999931],[-43.339444527999945,-22.777595648999977],[-43.33998625299995,-22.777438124999946],[-43.341009786999962,-22.776849597999956],[-43.341543359999946,-22.775925686999983],[-43.341614098999969,-22.77553113099998],[-43.341595384999948,-22.774917956999957],[-43.341478450999944,-22.774317974999974],[-43.341352467999968,-22.774048732999972],[-43.340982268999937,-22.773833941999953],[-43.340702236999959,-22.773807888999954],[-43.34020682299996,-22.773973166999951],[-43.33986213999998,-22.774249454999961],[-43.339464649999968,-22.77491062799993],[-43.339304843999969,-22.775326200999928],[-43.339278771999943,-22.775394000999938],[-43.33929778299995,-22.775576310999952],[-43.339304843999969,-22.775580463999972],[-43.339466439999967,-22.775675501999956],[-43.339965512999981,-22.775425236999979],[-43.339724281999963,-22.775926596999966],[-43.339590905999955,-22.776029965999953],[-43.339304843999969,-22.775956576999931],[-43.33888290699997,-22.775848329999974],[-43.338326552999945,-22.775574194999933],[-43.338187636999976,-22.775425562999942],[-43.338172007999958,-22.775060931999974],[-43.338308130999962,-22.774710604999939],[-43.338760133999983,-22.774338217999968],[-43.339304843999969,-22.773643662999973],[-43.339449894999973,-22.773458709999943],[-43.340305278999949,-22.772934672999952],[-43.34064800699997,-22.772495907999939],[-43.340776843999947,-22.771986696999932],[-43.341128768999965,-22.77135382299997],[-43.341352554999958,-22.77061789399994],[-43.341371704999972,-22.770018659999948],[-43.341286578999984,-22.769163375999938],[-43.341453998999953,-22.76821670399994],[-43.341401166999958,-22.767735279999954],[-43.341226205999931,-22.767557929999953],[-43.340384523999944,-22.767276761999938],[-43.339815126999952,-22.766663158999961],[-43.339500789999931,-22.766435076999983],[-43.339304843999969,-22.76635373199997],[-43.33899983799995,-22.766227112999957],[-43.338517787999933,-22.766176034999944],[-43.337874667999984,-22.765969601999927],[-43.337021601999936,-22.765295718999937],[-43.336666846999947,-22.765216154999962],[-43.336399633999974,-22.765277957999956],[-43.336057561999951,-22.765511231999938],[-43.335809036999933,-22.765889020999964],[-43.335698873999945,-22.766741733999936],[-43.335819712999978,-22.767779546999975]],[[-43.339707730999976,-22.770851695999966],[-43.340115810999976,-22.769951428999946],[-43.340163421999932,-22.769660777999945],[-43.339975095999932,-22.769100415999958],[-43.339527972999974,-22.768487164999954],[-43.339333375999956,-22.76797787299995],[-43.339412110999945,-22.767831194999928],[-43.339667526999961,-22.767786815999955],[-43.340315474999954,-22.767952327999978],[-43.340655777999984,-22.768214647999969],[-43.340758001999973,-22.768602602999977],[-43.340784087999964,-22.769379778999962],[-43.340764366999963,-22.770593057999974],[-43.340668888999971,-22.770936106999955],[-43.340290191999941,-22.771369897999932],[-43.339694322999947,-22.771669588999941],[-43.339707730999976,-22.770851695999966]],[[-43.335595581999939,-22.774480480999955],[-43.335229177999963,-22.773887879999961],[-43.33650870799994,-22.774711568999976],[-43.336959600999933,-22.775150057999952],[-43.336856481999973,-22.77530190899995],[-43.336439771999949,-22.775350602999936],[-43.335595581999939,-22.774480480999955]]]]}},
{"type":"Feature","properties":{"OBJECTID":79,"municipio":"SÃO JOÃO DE MERITI","uf":"RJ","processo":"Deslizamento","classe":"Média","obs":null,"fonte":"Produto obtido através da modelagem (ver Nota Técnica Explicativa do projeto) validado por trabalho de campo pela CPRM no ano de 2012 a 2014.","execucao":"SGB-CPRM (2013)","projeto":"Cartas de Suscetibilidade a Movimentos Gravitacionais de Massa e Inundações. Tema: Movimento de massa.","shape_Length":0.0040735398545229699,"shape_Area":8.9333936153015331e-07},"geometry":{"type":"MultiPolygon","coordinates":[[[[-43.395740584999942,-22.805353990999947],[-43.396808472999965,-22.805636045999961],[-43.396910199999979,-22.805558395999981],[-43.396853270999941,-22.805341404999979],[-43.396401048999962,-22.804886927999974],[-43.395672379999951,-22.804549005999945],[-43.395380841999952,-22.804616086999943],[-43.395385700999952,-22.80495613599993],[-43.395740584999942,-22.805353990999947]]]]}},
{"type":"Feature","properties":{"OBJECTID":80,"municipio":"SÃO JOÃO DE MERITI","uf":"RJ","processo":"Deslizamento","classe":"Média","obs":null,"fonte":"Produto obtido através da modelagem (ver Nota Técnica Explicativa do projeto) validado por trabalho de campo pela CPRM no ano de 2012 a 2014.","execucao":"SGB-CPRM (2013)","projeto":"Cartas de Suscetibilidade a Movimentos Gravitacionais de Massa e Inundações. Tema: Movimento de massa.","shape_Length":0.0038703062293679868,"shape_Area":8.2013307820225942e-07},"geometry":{"type":"MultiPolygon","coordinates":[[[[-43.368000980999966,-22.776990634999947],[-43.368407419999983,-22.777441757999952],[-43.36875099599996,-22.777328572999977],[-43.36881501299996,-22.777201413999933],[-43.368784087999984,-22.777077610999982],[-43.368215837999969,-22.776242921999938],[-43.36796080199997,-22.776027756999952],[-43.367780965999941,-22.776007696999955],[-43.367660402999945,-22.776146801999971],[-43.367701856999929,-22.77644149799994],[-43.368000980999966,-22.776990634999947]]]]}},
{"type":"Feature","properties":{"OBJECTID":81,"municipio":"SÃO JOÃO DE MERITI","uf":"RJ","processo":"Deslizamento","classe":"Média","obs":null,"fonte":"Produto obtido através da modelagem (ver Nota Técnica Explicativa do projeto) validado por trabalho de campo pela CPRM no ano de 2012 a 2014.","execucao":"SGB-CPRM (2013)","projeto":"Cartas de Suscetibilidade a Movimentos Gravitacionais de Massa e Inundações. Tema: Movimento de massa.","shape_Length":0.013091441556244468,"shape_Area":8.5719454457553743e-06},"geometry":{"type":"MultiPolygon","coordinates":[[[[-43.385482610999929,-22.773270798999931],[-43.385476912999934,-22.773807129999966],[-43.385558291999985,-22.774204109999971],[-43.386448280999957,-22.775457743999937],[-43.38738714699997,-22.775378726999975],[-43.38803864199997,-22.774865077999948],[-43.388342017999946,-22.774494691999962],[-43.388435254999933,-22.773816511999939],[-43.38840201599993,-22.772861995999961],[-43.388096283999971,-22.77182509499994],[-43.387901657999976,-22.771608741999955],[-43.387580309999976,-22.771524864999947],[-43.387296934999938,-22.771558456999969],[-43.38685763899997,-22.771903661999943],[-43.385872326999959,-22.772369677999961],[-43.385577104999982,-22.772681843999976],[-43.385482610999929,-22.773270798999931]],[[-43.386635063999961,-22.773690765999959],[-43.386967280999954,-22.77335919799998],[-43.387213929999973,-22.77356888099996],[-43.387282781999943,-22.773743215999957],[-43.386950541999965,-22.774146832999975],[-43.386635063999961,-22.773690765999959]]]]}},
{"type":"Feature","properties":{"OBJECTID":83,"municipio":"SÃO JOÃO DE MERITI","uf":"RJ","processo":"Deslizamento","classe":"Média","obs":null,"fonte":"Produto obtido através da modelagem (ver Nota Técnica Explicativa do projeto) validado por trabalho de campo pela CPRM no ano de 2012 a 2014.","execucao":"SGB-CPRM (2013)","projeto":"Cartas de Suscetibilidade a Movimentos Gravitacionais de Massa e Inundações. Tema: Movimento de massa.","shape_Length":0.01149701897181241,"shape_Area":4.2277829000175596e-06},"geometry":{"type":"MultiPolygon","coordinates":[[[[-43.370520632999956,-22.792431668999939],[-43.370240103999947,-22.792673887999968],[-43.370297279999932,-22.792855951999968],[-43.370659814999954,-22.79285802499993],[-43.371581572999958,-22.792453954999928],[-43.371728675999975,-22.792478507999931],[-43.371799341999974,-22.792600222999965],[-43.371693669999956,-22.792832367999949],[-43.371222304999947,-22.793188767999936],[-43.37054608699998,-22.793407821999949],[-43.370007707999946,-22.793714776999934],[-43.370102815999985,-22.793899059999944],[-43.370547133999935,-22.794080877999932],[-43.371224282999947,-22.794030230999965],[-43.37213004399996,-22.793751575999977],[-43.372907686999952,-22.792822563999948],[-43.373002632999942,-22.792545725999958],[-43.372927119999986,-22.792230188999952],[-43.372636947999979,-22.791859871999975],[-43.372279886999934,-22.791655298999956],[-43.371833077999952,-22.791574365999963],[-43.371342734999985,-22.791667934999964],[-43.370520632999956,-22.792431668999939]]]]}},
{"type":"Feature","properties":{"OBJECTID":84,"municipio":"SÃO JOÃO DE MERITI","uf":"RJ","processo":"Deslizamento","classe":"Média","obs":null,"fonte":"Produto obtido através da modelagem (ver Nota Técnica Explicativa do projeto) validado por trabalho de campo pela CPRM no ano de 2012 a 2014.","execucao":"SGB-CPRM (2013)","projeto":"Cartas de Suscetibilidade a Movimentos Gravitacionais de Massa e Inundações. Tema: Movimento de massa.","shape_Length":0.0066517074540884194,"shape_Area":3.1841128984194796e-06},"geometry":{"type":"MultiPolygon","coordinates":[[[[-43.362208236999948,-22.786706513999945],[-43.362980580999931,-22.787181176999979],[-43.363216698999963,-22.786927258999981],[-43.363536814999975,-22.78627712399998],[-43.363519967999935,-22.785919563999983],[-43.363203520999946,-22.785324654999954],[-43.362713683999971,-22.784902143999943],[-43.362437195999973,-22.784797490999949],[-43.362024060999943,-22.784858622999934],[-43.361731755999983,-22.785077442999977],[-43.361568245999933,-22.785328725999932],[-43.361515525999948,-22.785626303999948],[-43.361611693999976,-22.786019599999975],[-43.362208236999948,-22.786706513999945]]]]}},
{"type":"Feature","properties":{"OBJECTID":85,"municipio":"SÃO JOÃO DE MERITI","uf":"RJ","processo":"Deslizamento","classe":"Média","obs":null,"fonte":"Produto obtido através da modelagem (ver Nota Técnica Explicativa do projeto) validado por trabalho de campo pela CPRM no ano de 2012 a 2014.","execucao":"SGB-CPRM (2013)","projeto":"Cartas de Suscetibilidade a Movimentos Gravitacionais de Massa e Inundações. Tema: Movimento de massa.","shape_Length":0.092112109948262882,"shape_Area":7.2904242771375179e-05},"geometry":{"type":"MultiPolygon","coordinates":[[[[-43.357292215999962,-22.77606454499994],[-43.356590066999956,-22.776450410999928],[-43.356206330999953,-22.776384180999969],[-43.356062921999978,-22.776436267999941],[-43.355954252999936,-22.776586992999967],[-43.355924,-22.776868103999959],[-43.356008712999937,-22.777063297999973],[-43.356633403999979,-22.77766642399996],[-43.356862778999982,-22.778025486999979],[-43.357419959999959,-22.779532643999971],[-43.357422170999939,-22.779756117999966],[-43.357319846999985,-22.779945683999983],[-43.357073211999932,-22.780056085999945],[-43.356780313999934,-22.779974378999952],[-43.356324918999974,-22.778892260999953],[-43.356084799999962,-22.778599067999949],[-43.355631565999943,-22.778233584999953],[-43.354883782999934,-22.778011658999958],[-43.35445305199994,-22.778005120999978],[-43.354148428999963,-22.77815142299994],[-43.353443261999985,-22.778766963999942],[-43.353242253999952,-22.778859275999935],[-43.353062612999963,-22.778049573999965],[-43.352906329999939,-22.777925579999931],[-43.352685756999961,-22.777915733999976],[-43.352377581999974,-22.778109197999981],[-43.351589184999966,-22.779108648999966],[-43.351117854999984,-22.779920984999933],[-43.350919148999935,-22.780353337999941],[-43.350838517999932,-22.780745413999966],[-43.350942413999974,-22.781431332999944],[-43.35128887299993,-22.782082570999933],[-43.351992092999978,-22.782933297999932],[-43.353011046999939,-22.783518668999932],[-43.353859368999963,-22.784350318999941],[-43.354577414999937,-22.785216657999968],[-43.355481920999978,-22.785634602999949],[-43.355916854999975,-22.785916451999981],[-43.356969047999939,-22.786787343999947],[-43.357404348999978,-22.78725060599993],[-43.357723951999958,-22.787331416999962],[-43.358263405999935,-22.78725286699995],[-43.358782695999935,-22.787469228999953],[-43.358948823999981,-22.787618001999931],[-43.359127828999931,-22.788040636999938],[-43.359347,-22.788335930999949],[-43.359829721999972,-22.788791974999981],[-43.36028195199998,-22.789098870999965],[-43.361123280999948,-22.789062341999966],[-43.361837955999931,-22.788806095999973],[-43.362298277999969,-22.788498696999966],[-43.362354597999968,-22.788330204999966],[-43.362299816999951,-22.788119969999968],[-43.361542045999954,-22.787330256999951],[-43.360731783999938,-22.786855034999974],[-43.360537138999973,-22.786567398999978],[-43.360628327999962,-22.785672853999927],[-43.360934884999949,-22.784497959999953],[-43.360888057999944,-22.784015847999967],[-43.360648564999963,-22.783808516999954],[-43.358979893999958,-22.783276107999939],[-43.358803407999972,-22.783116029999974],[-43.358758398999953,-22.782885333999957],[-43.358980996999946,-22.782503778999967],[-43.359271914999965,-22.782350070999939],[-43.359462921999977,-22.782378135999977],[-43.359815029999936,-22.782719690999954],[-43.360267519999979,-22.783001207999973],[-43.360682336999957,-22.783094651999932],[-43.361383863999947,-22.78308025399997],[-43.36239094299998,-22.78264308699994],[-43.362686593999967,-22.782352099999969],[-43.362792894999984,-22.781979932999946],[-43.362729584999954,-22.781440133999979],[-43.362336968999955,-22.780867860999933],[-43.362537349999968,-22.780296788999976],[-43.362518903999955,-22.780022977999977],[-43.362334818999955,-22.77981561699994],[-43.362056124999981,-22.779676751999943],[-43.361750014999984,-22.779627288999961],[-43.361518381999986,-22.779676020999943],[-43.361176131999969,-22.779971539999963],[-43.360741746999963,-22.780762188999972],[-43.360575928999936,-22.78087172599993],[-43.360190212999953,-22.780621510999936],[-43.359494737999967,-22.780432073999975],[-43.359269008999945,-22.78019143399996],[-43.359333591999984,-22.779949175999946],[-43.359585742999968,-22.779800254999941],[-43.360574996999958,-22.779497798999955],[-43.36083704899994,-22.779224816999943],[-43.361002293999945,-22.778642371999979],[-43.360977526999932,-22.778321454999968],[-43.360867753999969,-22.778102032999982],[-43.360014933999935,-22.777330331999963],[-43.358607689999985,-22.776597447999961],[-43.358209342999942,-22.776083458999949],[-43.357808985999952,-22.776023576999933],[-43.357292215999962,-22.77606454499994]],[[-43.35812823699996,-22.779532213999971],[-43.358486325999934,-22.779026610999949],[-43.358645299999978,-22.778990575999956],[-43.358725926999966,-22.779206526999928],[-43.358392543999969,-22.779905304999943],[-43.35812823699996,-22.779532213999971]],[[-43.355151184999954,-22.781055034999952],[-43.354289163999965,-22.780844479999928],[-43.354162169999938,-22.780758115999959],[-43.354141268999967,-22.780639330999975],[-43.354270987999939,-22.780518909999955],[-43.35475921799997,-22.780338241999971],[-43.355055806999985,-22.780322818999934],[-43.355665402999932,-22.780819161999943],[-43.355635421999978,-22.781130106999967],[-43.355457543999933,-22.781237322999971],[-43.355151184999954,-22.781055034999952]],[[-43.355856256999971,-22.781441119999954],[-43.355787585999963,-22.781029889999957],[-43.355844573999946,-22.78057102899993],[-43.355977181999947,-22.78043949399995],[-43.35613154999993,-22.780546062999974],[-43.356400964999978,-22.781007308999961],[-43.356787500999985,-22.781458168999961],[-43.35672706899993,-22.781623114999945],[-43.356591176999984,-22.781706720999978],[-43.356026519999944,-22.781775251999932],[-43.355856256999971,-22.781441119999954]],[[-43.353981283999985,-22.782325389999983],[-43.354168924999954,-22.781924988999947],[-43.354400559999931,-22.781737595999971],[-43.354609355999969,-22.781737340999939],[-43.354933011999947,-22.781955207999943],[-43.355218994999973,-22.782271838999975],[-43.355702494999946,-22.783028684999977],[-43.356083029999979,-22.783425530999978],[-43.356967209999937,-22.784949883999957],[-43.357868864999944,-22.785906934999957],[-43.358553272999984,-22.786333483999954],[-43.358695299999965,-22.786523770999963],[-43.35869678499995,-22.786640783999928],[-43.358557618999953,-22.786687898999958],[-43.357864438999968,-22.786301597999966],[-43.357189514999959,-22.786088478999943],[-43.356339868999953,-22.785522165999964],[-43.356061206999982,-22.785130801999969],[-43.355971458999932,-22.78442311799995],[-43.355871821999983,-22.784238228999982],[-43.35502384199998,-22.784396361999939],[-43.354661907999969,-22.784366484999964],[-43.354452082999956,-22.784268705999978],[-43.35414855199997,-22.783917360999965],[-43.353578426999945,-22.782744229999935],[-43.353410433999954,-22.782700593999948],[-43.352929142999983,-22.782802372999981],[-43.35262950799995,-22.782732958999929],[-43.352249728999936,-22.782381975999954],[-43.352174659999946,-22.781996865999929],[-43.352239658999963,-22.781839399999967],[-43.352404895999939,-22.781794390999949],[-43.35321653099993,-22.78215563599997],[-43.353681120999966,-22.782086457999981],[-43.353911386999982,-22.782330718999958],[-43.353981283999985,-22.782325389999983]],[[-43.356617584999981,-22.782785075999982],[-43.356554560999939,-22.78241735499995],[-43.356640220999964,-22.78223793899997],[-43.356896230999951,-22.782299279999961],[-43.357207805999963,-22.782804945999942],[-43.35727237499998,-22.783081090999929],[-43.357179819999942,-22.783323995999979],[-43.356617584999981,-22.782785075999982]],[[-43.360089144999961,-22.787438852999969],[-43.360017117999973,-22.787148512999977],[-43.360086270999943,-22.786951357999953],[-43.360211637999953,-22.78698679699994],[-43.360363107999945,-22.787159001999953],[-43.360504773999935,-22.787566241999968],[-43.360908091999931,-22.788114728999972],[-43.360926038999935,-22.788283642999943],[-43.360089144999961,-22.787438852999969]]]]}},
{"type":"Feature","properties":{"OBJECTID":86,"municipio":"SÃO JOÃO DE MERITI","uf":"RJ","processo":"Deslizamento","classe":"Média","obs":null,"fonte":"Produto obtido através da modelagem (ver Nota Técnica Explicativa do projeto) validado por trabalho de campo pela CPRM no ano de 2012 a 2014.","execucao":"SGB-CPRM (2013)","projeto":"Cartas de Suscetibilidade a Movimentos Gravitacionais de Massa e Inundações. Tema: Movimento de massa.","shape_Length":0.010121420493990264,"shape_Area":3.8862195171257079e-06},"geometry":{"type":"MultiPolygon","coordinates":[[[[-43.381268767999984,-22.807961963999958],[-43.381023862999939,-22.808197286999928],[-43.380796124999961,-22.808149119999939],[-43.379258512999968,-22.807395011999972],[-43.378923043999976,-22.807382529999927],[-43.37872417799997,-22.80756495199995],[-43.378832031999934,-22.807878071999937],[-43.380005805999986,-22.80859875799996],[-43.380546400999947,-22.809264729999938],[-43.381220187999929,-22.809247080999967],[-43.381516752999971,-22.809183980999933],[-43.381799600999955,-22.809029193999947],[-43.382098098999961,-22.808730425999954],[-43.382279387999972,-22.808373816999961],[-43.382328865999966,-22.807956474999969],[-43.381974755999977,-22.807220564999966],[-43.381717503999937,-22.807117687999948],[-43.38149031599994,-22.807211065999979],[-43.381268767999984,-22.807961963999958]]]]}},
{"type":"Feature","properties":{"OBJECTID":87,"municipio":"SÃO JOÃO DE MERITI","uf":"RJ","processo":"Deslizamento","classe":"Baixa","obs":null,"fonte":"Produto obtido através da modelagem (ver Nota Técnica Explicativa do projeto) validado por trabalho de campo pela CPRM no ano de 2012 a 2014.","execucao":"SGB-CPRM (2013)","projeto":"Cartas de Suscetibilidade a Movimentos Gravitacionais de Massa e Inundações. Tema: Movimento de massa.","shape_Length":0.0019792720727393898,"shape_Area":1.78832898784049e-07},"geometry":{"type":"MultiPolygon","coordinates":[[[[-43.391021402999968,-22.775788344999967],[-43.391872699999965,-22.775796215999947],[-43.391616967999937,-22.77553914799995],[-43.391371654999944,-22.775499402999969],[-43.391114527999946,-22.775551534999977],[-43.391021402999968,-22.775788344999967]]]]}},
{"type":"Feature","properties":{"OBJECTID":91,"municipio":"SÃO JOÃO DE MERITI","uf":"RJ","processo":"Deslizamento","classe":"Média","obs":null,"fonte":"Produto obtido através da modelagem (ver Nota Técnica Explicativa do projeto) validado por trabalho de campo pela CPRM no ano de 2012 a 2014.","execucao":"SGB-CPRM (2013)","projeto":"Cartas de Suscetibilidade a Movimentos Gravitacionais de Massa e Inundações. Tema: Movimento de massa.","shape_Length":0.016764644670642995,"shape_Area":1.1205737863765171e-05},"geometry":{"type":"MultiPolygon","coordinates":[[[[-43.36888830099997,-22.769046513999967],[-43.369063683999968,-22.769144804999939],[-43.369628827999975,-22.769067054999937],[-43.36979533799996,-22.769228731999931],[-43.369998795999948,-22.769626632999973],[-43.369979626999964,-22.769873375999964],[-43.369707362999975,-22.77036899899997],[-43.369007441999941,-22.77097968299995],[-43.369005006999942,-22.771283140999969],[-43.369064148999939,-22.77135246499995],[-43.369492933999936,-22.771341218999964],[-43.370219837999969,-22.771182555999928],[-43.370456700999966,-22.770958722999978],[-43.370828968999945,-22.770036311999945],[-43.37076418099997,-22.769545076999975],[-43.37038913799995,-22.769038188999957],[-43.370373852999933,-22.768900738999946],[-43.371015197999952,-22.768274568999971],[-43.371347448999984,-22.76765196599996],[-43.371459681999966,-22.76685841699998],[-43.371392438999976,-22.766361768999957],[-43.371097645999953,-22.766134302999944],[-43.36925305699998,-22.765602353999952],[-43.36906808699996,-22.765600297999981],[-43.368695025999955,-22.765883843999973],[-43.368335009999953,-22.766753484999981],[-43.368076407999979,-22.767178446999935],[-43.368004445999929,-22.767460761999928],[-43.368046296999978,-22.767758349999951],[-43.36888830099997,-22.769046513999967]]]]}},
{"type":"Feature","properties":{"OBJECTID":93,"municipio":"SÃO JOÃO DE MERITI","uf":"RJ","processo":"Deslizamento","classe":"Média","obs":null,"fonte":"Produto obtido através da modelagem (ver Nota Técnica Explicativa do projeto) validado por trabalho de campo pela CPRM no ano de 2012 a 2014.","execucao":"SGB-CPRM (2013)","projeto":"Cartas de Suscetibilidade a Movimentos Gravitacionais de Massa e Inundações. Tema: Movimento de massa.","shape_Length":0.014008495782766667,"shape_Area":1.0380263897580191e-05},"geometry":{"type":"MultiPolygon","coordinates":[[[[-43.377070020999952,-22.768190434999951],[-43.37712742399998,-22.768716673999961],[-43.377268467999954,-22.769021117999955],[-43.378286206999974,-22.770337490999964],[-43.378436397999963,-22.77044677799995],[-43.379005554999935,-22.770686105999971],[-43.379364129999942,-22.770634841999936],[-43.380005954999945,-22.770419692999951],[-43.380442321999965,-22.769978794999929],[-43.380768486999955,-22.768943304999937],[-43.380800376999957,-22.768518180999934],[-43.380733120999935,-22.768134854999971],[-43.380570511999963,-22.767879112999935],[-43.38010092899998,-22.767412049999962],[-43.379351019999945,-22.766845187999934],[-43.378986112999939,-22.766792832999954],[-43.378041868999958,-22.767037977999962],[-43.377515907999964,-22.767282517999945],[-43.377151014999981,-22.767622006999943],[-43.377070020999952,-22.768190434999951]],[[-43.378795841999931,-22.768717834999961],[-43.378796234999982,-22.768425775999958],[-43.378935257999956,-22.768307714999935],[-43.379084082999952,-22.76839100199993],[-43.379172104999952,-22.768934404999982],[-43.379298415999983,-22.769141017999971],[-43.379073267999956,-22.769188122999935],[-43.378795841999931,-22.768717834999961]]]]}},
{"type":"Feature","properties":{"OBJECTID":94,"municipio":"SÃO JOÃO DE MERITI","uf":"RJ","processo":"Deslizamento","classe":"Média","obs":null,"fonte":"Produto obtido através da modelagem (ver Nota Técnica Explicativa do projeto) validado por trabalho de campo pela CPRM no ano de 2012 a 2014.","execucao":"SGB-CPRM (2013)","projeto":"Cartas de Suscetibilidade a Movimentos Gravitacionais de Massa e Inundações. Tema: Movimento de massa.","shape_Length":0.029444991036859935,"shape_Area":2.0492804045904333e-05},"geometry":{"type":"MultiPolygon","coordinates":[[[[-43.362162288999968,-22.795973808999975],[-43.361965019999957,-22.796780384999977],[-43.361330607999946,-22.796293249999962],[-43.36103832799995,-22.79615690299994],[-43.360718318999943,-22.796164781999948],[-43.360397732999957,-22.796403894999969],[-43.360289655999964,-22.796800177999955],[-43.360265288999983,-22.79768456499994],[-43.360603252999965,-22.798667337999973],[-43.360805821999975,-22.798849554999947],[-43.361665611999967,-22.799101338999947],[-43.362390894999976,-22.798906246999934],[-43.362587183999949,-22.798801726999955],[-43.362662677999936,-22.798660634999976],[-43.362359623999964,-22.798324052999931],[-43.362365988999954,-22.798072547999936],[-43.362602104999951,-22.797834986999931],[-43.362999073999958,-22.79776779499997],[-43.363378080999951,-22.797940964999952],[-43.364025329999947,-22.798539532999939],[-43.364292474999957,-22.798871700999939],[-43.364347082999984,-22.799118409999949],[-43.364219796999976,-22.79927689799996],[-43.363381584999956,-22.799703461999968],[-43.362748316999955,-22.799423499999932],[-43.36171124599997,-22.799452573999929],[-43.361298854999973,-22.799545371999955],[-43.361162906999937,-22.799706542999957],[-43.361108635999983,-22.800018211999941],[-43.361120623999966,-22.80088217399998],[-43.361222476999956,-22.80123373899994],[-43.362227449999978,-22.801536595999949],[-43.362749641999983,-22.801506658999983],[-43.363661459999946,-22.801311769999927],[-43.364600561999964,-22.800535066999942],[-43.36494146299998,-22.800366088999965],[-43.365153268999961,-22.800387912999952],[-43.365540707999969,-22.800651972999958],[-43.366109660999939,-22.80069650799993],[-43.366284123999947,-22.800642430999972],[-43.366383319999954,-22.80022159899994],[-43.366301755999984,-22.799639172999946],[-43.365717125999936,-22.798537365999948],[-43.364764762999982,-22.797516802999951],[-43.364710149999951,-22.797226120999937],[-43.364843633999953,-22.796788913999933],[-43.36474420899998,-22.796588024999949],[-43.364448120999953,-22.796343579999927],[-43.364210275999937,-22.796270723999953],[-43.363325724999982,-22.796370758999956],[-43.36315985799996,-22.795670432999941],[-43.36303329499998,-22.795508849999976],[-43.362849644999983,-22.795554337999931],[-43.36256074299996,-22.795842470999958],[-43.362343158999977,-22.795848795999973],[-43.362162288999968,-22.795973808999975]]]]}},
{"type":"Feature","properties":{"OBJECTID":99,"municipio":"SÃO JOÃO DE MERITI","uf":"RJ","processo":"Deslizamento","classe":"Média","obs":null,"fonte":"Produto obtido através da modelagem (ver Nota Técnica Explicativa do projeto) validado por trabalho de campo pela CPRM no ano de 2012 a 2014.","execucao":"SGB-CPRM (2013)","projeto":"Cartas de Suscetibilidade a Movimentos Gravitacionais de Massa e Inundações. Tema: Movimento de massa.","shape_Length":0.010952528781137163,"shape_Area":3.6522750361903811e-06},"geometry":{"type":"MultiPolygon","coordinates":[[[[-43.353223293999974,-22.765734047999956],[-43.353736053999967,-22.766253419999941],[-43.354454215999965,-22.766560071999947],[-43.354573678999941,-22.766688510999927],[-43.355099547999941,-22.766528010999934],[-43.355470313999945,-22.766291860999956],[-43.355855332999965,-22.765772095999978],[-43.355899205999947,-22.76550702399993],[-43.355782722999948,-22.765289681999946],[-43.35556175399995,-22.765216454999972],[-43.355322067999964,-22.765288862999967],[-43.355008251999948,-22.765642625999931],[-43.354763029999958,-22.765796634999958],[-43.354158731999973,-22.765607185999954],[-43.353902951999942,-22.765366983999968],[-43.353927965999958,-22.765127372999928],[-43.355014578999942,-22.76495147199995],[-43.355145874999948,-22.764871244999938],[-43.35516940499997,-22.764756869999928],[-43.355016416999945,-22.764615361999972],[-43.354337283999939,-22.764346392999983],[-43.353992738999978,-22.764322331999949],[-43.35345909199998,-22.764515770999935],[-43.353149583999937,-22.764832045999981],[-43.353002603999983,-22.765314109999963],[-43.353223293999974,-22.765734047999956]]]]}},
{"type":"Feature","properties":{"OBJECTID":100,"municipio":"SÃO JOÃO DE MERITI","uf":"RJ","processo":"Deslizamento","classe":"Baixa","obs":null,"fonte":"Produto obtido através da modelagem (ver Nota Técnica Explicativa do projeto) validado por trabalho de campo pela CPRM no ano de 2012 a 2014.","execucao":"SGB-CPRM (2013)","projeto":"Cartas de Suscetibilidade a Movimentos Gravitacionais de Massa e Inundações. Tema: Movimento de massa.","shape_Length":0.0038081761118062738,"shape_Area":3.5514946032754685e-07},"geometry":{"type":"MultiPolygon","coordinates":[[[[-43.345259589999955,-22.764821471999937],[-43.344224084999951,-22.765800714999955],[-43.344495566999967,-22.765704065999955],[-43.345265472999984,-22.765165619999948],[-43.345655600999976,-22.764977513999952],[-43.345719712999937,-22.764894660999971],[-43.345702806999952,-22.764756361999957],[-43.345537741999976,-22.764699785999937],[-43.345259589999955,-22.764821471999937]]]]}},
{"type":"Feature","properties":{"OBJECTID":101,"municipio":"SÃO JOÃO DE MERITI","uf":"RJ","processo":"Deslizamento","classe":"Média","obs":null,"fonte":"Produto obtido através da modelagem (ver Nota Técnica Explicativa do projeto) validado por trabalho de campo pela CPRM no ano de 2012 a 2014.","execucao":"SGB-CPRM (2013)","projeto":"Cartas de Suscetibilidade a Movimentos Gravitacionais de Massa e Inundações. Tema: Movimento de massa.","shape_Length":0.019459878189714161,"shape_Area":1.2957125524048027e-05},"geometry":{"type":"MultiPolygon","coordinates":[[[[-43.362556090999931,-22.766230990999929],[-43.363135327999942,-22.76729772799996],[-43.362766036999972,-22.767830882999931],[-43.362403742999959,-22.768789284999968],[-43.362413895999964,-22.769357160999959],[-43.362620364999941,-22.769707973999971],[-43.363028735999933,-22.76908926699997],[-43.363254636999955,-22.768467336999947],[-43.363467122999964,-22.768236145999936],[-43.363714070999947,-22.76814597799995],[-43.363853218999964,-22.768224252999971],[-43.363980893999951,-22.769221887999947],[-43.364112384999942,-22.769369561999952],[-43.364303358999962,-22.769095380999943],[-43.364529900999969,-22.768324598999982],[-43.365525994999985,-22.768030998999961],[-43.365883419999932,-22.767846243999941],[-43.366145546999974,-22.767568591999975],[-43.366475556999944,-22.766846659999942],[-43.366455938999934,-22.76601450499993],[-43.366185650999967,-22.765615200999946],[-43.365174896999974,-22.764881780999929],[-43.364133740999932,-22.764422309999929],[-43.363760167999942,-22.764438286999962],[-43.362845424999932,-22.764764173999936],[-43.362742922999985,-22.764947206999977],[-43.362548721999985,-22.765749807999953],[-43.362556090999931,-22.766230990999929]],[[-43.364394535999963,-22.766806665999979],[-43.364349470999969,-22.766474502999927],[-43.364228964999938,-22.766279385999951],[-43.364716854999983,-22.766274582999927],[-43.364788989999965,-22.766448626999932],[-43.364781720999986,-22.766738124999961],[-43.364621126999964,-22.766819932999965],[-43.364394535999963,-22.766806665999979]]]]}},
{"type":"Feature","properties":{"OBJECTID":102,"municipio":"SÃO JOÃO DE MERITI","uf":"RJ","processo":"Deslizamento","classe":"Alta","obs":null,"fonte":"Produto obtido através da modelagem (ver Nota Técnica Explicativa do projeto) validado por trabalho de campo pela CPRM no ano de 2012 a 2014.","execucao":"SGB-CPRM (2013)","projeto":"Cartas de Suscetibilidade a Movimentos Gravitacionais de Massa e Inundações. Tema: Movimento de massa.","shape_Length":0.0027024240245920083,"shape_Area":2.7614006350737919e-07},"geometry":{"type":"MultiPolygon","coordinates":[[[[-43.34090901899998,-22.792791415999943],[-43.340895157999967,-22.79294935799993],[-43.34150967599993,-22.79290302499993],[-43.341971729999955,-22.792630481999936],[-43.342047911999941,-22.79248546499997],[-43.341884335999964,-22.792435615999977],[-43.341568841999958,-22.792599442999972],[-43.341036871999961,-22.792694427999947],[-43.34090901899998,-22.792791415999943]]]]}},
{"type":"Feature","properties":{"OBJECTID":104,"municipio":"SÃO JOÃO DE MERITI","uf":"RJ","processo":"Deslizamento","classe":"Média","obs":null,"fonte":"Produto obtido através da modelagem (ver Nota Técnica Explicativa do projeto) validado por trabalho de campo pela CPRM no ano de 2012 a 2014.","execucao":"SGB-CPRM (2013)","projeto":"Cartas de Suscetibilidade a Movimentos Gravitacionais de Massa e Inundações. Tema: Movimento de massa.","shape_Length":0.0059491140737566112,"shape_Area":1.9351281793081935e-06},"geometry":{"type":"MultiPolygon","coordinates":[[[[-43.391625819999945,-22.794703251999977],[-43.39167492699994,-22.794837242999961],[-43.392450278999945,-22.794754931999933],[-43.392785960999959,-22.794485750999968],[-43.393010335999975,-22.794196566999972],[-43.39334568299995,-22.793693719999965],[-43.39339137199994,-22.793518640999935],[-43.393279271999972,-22.793067930999939],[-43.393115307999949,-22.792865339999935],[-43.392785302999982,-22.792754036999952],[-43.392513983999947,-22.792869071999974],[-43.392263296999943,-22.79374783399993],[-43.391666236999981,-22.794522946999962],[-43.391625819999945,-22.794703251999977]]]]}},
{"type":"Feature","properties":{"OBJECTID":105,"municipio":"SÃO JOÃO DE MERITI","uf":"RJ","processo":"Deslizamento","classe":"Média","obs":null,"fonte":"Produto obtido através da modelagem (ver Nota Técnica Explicativa do projeto) validado por trabalho de campo pela CPRM no ano de 2012 a 2014.","execucao":"SGB-CPRM (2013)","projeto":"Cartas de Suscetibilidade a Movimentos Gravitacionais de Massa e Inundações. Tema: Movimento de massa.","shape_Length":0.0016186749760620316,"shape_Area":1.9442249255937455e-07},"geometry":{"type":"MultiPolygon","coordinates":[[[[-43.383446534999962,-22.786958737999953],[-43.383617448999985,-22.786975189999964],[-43.383779905999972,-22.786898011999938],[-43.383778187999951,-22.78664208899994],[-43.38369894899995,-22.78648684999996],[-43.383488908999936,-22.786460881999972],[-43.383324841999979,-22.786596757999973],[-43.383304258999942,-22.786777035999933],[-43.383446534999962,-22.786958737999953]]]]}},
{"type":"Feature","properties":{"OBJECTID":106,"municipio":"SÃO JOÃO DE MERITI","uf":"RJ","processo":"Deslizamento","classe":"Média","obs":null,"fonte":"Produto obtido através da modelagem (ver Nota Técnica Explicativa do projeto) validado por trabalho de campo pela CPRM no ano de 2012 a 2014.","execucao":"SGB-CPRM (2013)","projeto":"Cartas de Suscetibilidade a Movimentos Gravitacionais de Massa e Inundações. Tema: Movimento de massa.","shape_Length":0.028970718173824964,"shape_Area":1.8235663652216922e-05},"geometry":{"type":"MultiPolygon","coordinates":[[[[-43.342523949999929,-22.763291304999939],[-43.342581498999948,-22.763749093999934],[-43.343177264999952,-22.764524716999972],[-43.343350764999968,-22.764635728999963],[-43.343818230999943,-22.764680318999979],[-43.344003404999967,-22.764629719999959],[-43.344087039999977,-22.764527316999931],[-43.344045112999936,-22.764385464999975],[-43.343617192999943,-22.764042203999963],[-43.343596486999957,-22.76366663999994],[-43.343702915999984,-22.763410691999979],[-43.343866462999983,-22.763356318999968],[-43.343963997999936,-22.763406265999947],[-43.344271441999979,-22.763997529999983],[-43.344289318999984,-22.764336556999979],[-43.344185146999962,-22.764608021999948],[-43.343890345999966,-22.764705437999964],[-43.34296483299994,-22.764783566999938],[-43.342679628999974,-22.764969539999981],[-43.342533080999942,-22.765171222999982],[-43.342506774999947,-22.765578325999968],[-43.342613646999951,-22.766065072999936],[-43.343359720999956,-22.766843106999943],[-43.344197234999967,-22.766804423999929],[-43.34472733399997,-22.766614337999954],[-43.345922550999944,-22.766487801999972],[-43.347000888999958,-22.765689901999963],[-43.34785399499998,-22.765751476999981],[-43.348117066999976,-22.765639617999966],[-43.348243611999976,-22.765480605999983],[-43.348298028999977,-22.764996963999977],[-43.348174980999943,-22.764551153999946],[-43.347588759999951,-22.763898768999979],[-43.346688572999938,-22.763330124999982],[-43.346272308999971,-22.763222693999978],[-43.345648675999939,-22.763214181999956],[-43.34534051199995,-22.763304538999932],[-43.344966777999957,-22.763584900999945],[-43.344631746999937,-22.763572029999978],[-43.344557279999947,-22.763422798999954],[-43.344569784999976,-22.763232924999954],[-43.345006215999945,-22.762692559999948],[-43.345107345999963,-22.76223263199995],[-43.344933691999984,-22.761804578999943],[-43.344462523999937,-22.761315554999953],[-43.344142089999934,-22.761302721999982],[-43.343775312999981,-22.76147974099996],[-43.343260243999964,-22.762038127999972],[-43.342626060999976,-22.762909686999933],[-43.342523949999929,-22.763291304999939]],[[-43.345259589999955,-22.764821471999937],[-43.345537741999976,-22.764699785999937],[-43.345702806999952,-22.764756361999957],[-43.345719712999937,-22.764894660999971],[-43.345655600999976,-22.764977513999952],[-43.345265472999984,-22.765165619999948],[-43.344495566999967,-22.765704065999955],[-43.344224084999951,-22.765800714999955],[-43.345259589999955,-22.764821471999937]]]]}},
{"type":"Feature","properties":{"OBJECTID":107,"municipio":"SÃO JOÃO DE MERITI","uf":"RJ","processo":"Deslizamento","classe":"Média","obs":null,"fonte":"Produto obtido através da modelagem (ver Nota Técnica Explicativa do projeto) validado por trabalho de campo pela CPRM no ano de 2012 a 2014.","execucao":"SGB-CPRM (2013)","projeto":"Cartas de Suscetibilidade a Movimentos Gravitacionais de Massa e Inundações. Tema: Movimento de massa.","shape_Length":0.014740167424977102,"shape_Area":6.6909317625196627e-06},"geometry":{"type":"MultiPolygon","coordinates":[[[[-43.381508791999977,-22.803784582999981],[-43.381257752999943,-22.803958568999974],[-43.381063894999954,-22.803941877999932],[-43.380825852999976,-22.803768108999975],[-43.380592683999964,-22.80322208399997],[-43.380477775999964,-22.803124470999933],[-43.380304088999935,-22.803147164999928],[-43.379701773999955,-22.803454396999939],[-43.379270011999949,-22.803485697999974],[-43.378875221999976,-22.803357637999966],[-43.378219134999938,-22.802838367999982],[-43.378064302999974,-22.802808576999951],[-43.377994046999959,-22.802864997999961],[-43.378027955999983,-22.802999424999939],[-43.378507594999974,-22.803417580999962],[-43.379133689999946,-22.80419762899993],[-43.379458671999942,-22.804454146999944],[-43.380291259999979,-22.804855153999938],[-43.380648635999933,-22.805281424999976],[-43.380942761999961,-22.805475555999976],[-43.38133583299998,-22.805324537999979],[-43.381953315999965,-22.804900286999953],[-43.382368756999938,-22.804718403999971],[-43.382739658999981,-22.804423788999941],[-43.383008941999947,-22.804092659999981],[-43.382967797999981,-22.803596194999955],[-43.382680794999942,-22.803035738999938],[-43.382190226999967,-22.802429478999954],[-43.381888004999951,-22.80234403399993],[-43.381594734999965,-22.802532535999944],[-43.381567210999947,-22.802692074999982],[-43.381674523999948,-22.803200420999929],[-43.381640385999958,-22.803540396999949],[-43.381508791999977,-22.803784582999981]]]]}},
{"type":"Feature","properties":{"OBJECTID":111,"municipio":"SÃO JOÃO DE MERITI","uf":"RJ","processo":"Deslizamento","classe":"Média","obs":null,"fonte":"Produto obtido através da modelagem (ver Nota Técnica Explicativa do projeto) validado por trabalho de campo pela CPRM no ano de 2012 a 2014.","execucao":"SGB-CPRM (2013)","projeto":"Cartas de Suscetibilidade a Movimentos Gravitacionais de Massa e Inundações. Tema: Movimento de massa.","shape_Length":0.019915138134189971,"shape_Area":7.1705102137586737e-06},"geometry":{"type":"MultiPolygon","coordinates":[[[[-43.388630986999942,-22.804516504999981],[-43.388389896999968,-22.804571071999931],[-43.387865608999959,-22.804382010999973],[-43.387262779999958,-22.803962861999935],[-43.386672167999961,-22.803688208999972],[-43.38583799099996,-22.803700478999929],[-43.385521163999954,-22.803123273999972],[-43.38510529499996,-22.802912272999947],[-43.384903899999983,-22.802941146999956],[-43.384683104999965,-22.803074057999936],[-43.384323906999953,-22.803687154999977],[-43.384336099999985,-22.804124153999965],[-43.384646757999974,-22.804515300999981],[-43.385076223999931,-22.804815796999947],[-43.38581972299994,-22.804856043999962],[-43.386369950999949,-22.804781558999935],[-43.386925365999957,-22.80442529499993],[-43.387102238999944,-22.804396868999959],[-43.387404975999971,-22.804584077999948],[-43.387674924999942,-22.804866955999955],[-43.388186886999961,-22.805684566999957],[-43.388787899999954,-22.805600830999936],[-43.389208390999954,-22.805382729999963],[-43.389365551999958,-22.805097804999946],[-43.389408278999952,-22.804685663999976],[-43.389344103999974,-22.804127],[-43.389152440999965,-22.803796476999935],[-43.388397368999961,-22.803426205999983],[-43.387881100999948,-22.802855472999966],[-43.387627554999938,-22.802703642999973],[-43.386308078999946,-22.802679024999975],[-43.386279488999946,-22.802815289999955],[-43.386474411999984,-22.803001255999959],[-43.387497982999946,-22.80326919099997],[-43.388600304999954,-22.804095557999972],[-43.388687665999953,-22.804268770999954],[-43.388630986999942,-22.804516504999981]]]]}},
{"type":"Feature","properties":{"OBJECTID":113,"municipio":"SÃO JOÃO DE MERITI","uf":"RJ","processo":"Deslizamento","classe":"Alta","obs":null,"fonte":"Produto obtido através da modelagem (ver Nota Técnica Explicativa do projeto) validado por trabalho de campo pela CPRM no ano de 2012 a 2014.","execucao":"SGB-CPRM (2013)","projeto":"Cartas de Suscetibilidade a Movimentos Gravitacionais de Massa e Inundações. Tema: Movimento de massa.","shape_Length":0.0066665204496535032,"shape_Area":2.0947692928808408e-06},"geometry":{"type":"MultiPolygon","coordinates":[[[[-43.333983425999975,-22.776008463999972],[-43.335258650999947,-22.776376851999942],[-43.335339697999984,-22.776308320999931],[-43.335331861999975,-22.776157306999949],[-43.33507968899994,-22.775732933999961],[-43.334383730999946,-22.775213669999971],[-43.333629954999935,-22.774834480999971],[-43.333188307999933,-22.774821809999935],[-43.332552724999971,-22.77540599699995],[-43.332612038999969,-22.775494229999936],[-43.333983425999975,-22.776008463999972]]]]}},
{"type":"Feature","properties":{"OBJECTID":115,"municipio":"SÃO JOÃO DE MERITI","uf":"RJ","processo":"Deslizamento","classe":"Baixa","obs":null,"fonte":"Produto obtido através da modelagem (ver Nota Técnica Explicativa do projeto) validado por trabalho de campo pela CPRM no ano de 2012 a 2014.","execucao":"SGB-CPRM (2013)","projeto":"Cartas de Suscetibilidade a Movimentos Gravitacionais de Massa e Inundações. Tema: Movimento de massa.","shape_Length":0.0038088074526779247,"shape_Area":5.8327386293332807e-07},"geometry":{"type":"MultiPolygon","coordinates":[[[[-43.368803841999977,-22.798960435999959],[-43.369244221999963,-22.79961704699997],[-43.36936936799998,-22.799390010999957],[-43.369307785999979,-22.79891367099998],[-43.369029030999968,-22.798413561999951],[-43.368509177999954,-22.797988382999961],[-43.368527484999959,-22.798375798999928],[-43.368803841999977,-22.798960435999959]]]]}},
{"type":"Feature","properties":{"OBJECTID":116,"municipio":"SÃO JOÃO DE MERITI","uf":"RJ","processo":"Deslizamento","classe":"Média","obs":null,"fonte":"Produto obtido através da modelagem (ver Nota Técnica Explicativa do projeto) validado por trabalho de campo pela CPRM no ano de 2012 a 2014.","execucao":"SGB-CPRM (2013)","projeto":"Cartas de Suscetibilidade a Movimentos Gravitacionais de Massa e Inundações. Tema: Movimento de massa.","shape_Length":0.023612188172901012,"shape_Area":1.0392235427922682e-05},"geometry":{"type":"MultiPolygon","coordinates":[[[[-43.395293434999985,-22.789286278999953],[-43.395082632999959,-22.789601102999939],[-43.39503246299995,-22.789932097999952],[-43.39507773899993,-22.790135373999931],[-43.395419759999982,-22.790754152999966],[-43.39600779999995,-22.791245352999965],[-43.396239714999979,-22.79127036899996],[-43.396622505999972,-22.791177772999959],[-43.397023058999935,-22.791371672999958],[-43.398033998999949,-22.792462831999956],[-43.399145744999942,-22.792421478999927],[-43.399659464999957,-22.792151123999929],[-43.399907233999954,-22.791877459999967],[-43.400083621999954,-22.791214682999964],[-43.400063887999977,-22.790872867999951],[-43.399944719999951,-22.790565342999969],[-43.39968246199993,-22.79036806299996],[-43.398875345999954,-22.790209746999949],[-43.398715132999939,-22.790023601999962],[-43.398844966999945,-22.789391313999943],[-43.399042440999949,-22.78894743099994],[-43.399042387999941,-22.78875179399995],[-43.398955985999976,-22.788618182999983],[-43.398687604999964,-22.78861083299995],[-43.398231806999945,-22.788980866999964],[-43.397840736999967,-22.789609865999978],[-43.397735489999945,-22.789927064999972],[-43.397744556999953,-22.79026136799996],[-43.397878035999952,-22.790508028999966],[-43.398748892999947,-22.79114534699994],[-43.398742273999972,-22.791341000999978],[-43.398566369999969,-22.791412669999943],[-43.398335389999943,-22.791406223999957],[-43.398144668999976,-22.791315949999955],[-43.397200401999953,-22.790502834999927],[-43.396471967999958,-22.790263912999933],[-43.396154138999975,-22.789878878999957],[-43.39613972199993,-22.789590422999936],[-43.396296892999942,-22.789435267999977],[-43.396650285999954,-22.78942353399998],[-43.397130183999934,-22.789591807999955],[-43.397469390999959,-22.789491965999957],[-43.397786794999945,-22.788915091999968],[-43.397789393999972,-22.788653481999972],[-43.397680625999953,-22.78851698099993],[-43.397500049999962,-22.788497725999946],[-43.396227263999947,-22.788730956999927],[-43.395506568999963,-22.789089322999928],[-43.395293434999985,-22.789286278999953]]]]}},
{"type":"Feature","properties":{"OBJECTID":117,"municipio":"SÃO JOÃO DE MERITI","uf":"RJ","processo":"Deslizamento","classe":"Média","obs":null,"fonte":"Produto obtido através da modelagem (ver Nota Técnica Explicativa do projeto) validado por trabalho de campo pela CPRM no ano de 2012 a 2014.","execucao":"SGB-CPRM (2013)","projeto":"Cartas de Suscetibilidade a Movimentos Gravitacionais de Massa e Inundações. Tema: Movimento de massa.","shape_Length":0.0023464126663242761,"shape_Area":3.4675291549674908e-07},"geometry":{"type":"MultiPolygon","coordinates":[[[[-43.373417870999958,-22.78753209499996],[-43.373539918999938,-22.78778828399993],[-43.373765455999944,-22.787643054999933],[-43.374098844999935,-22.787214275999929],[-43.37411493899998,-22.787066512999957],[-43.374013908999984,-22.786960753999949],[-43.373764824999967,-22.786969282999962],[-43.373430510999981,-22.787285405999967],[-43.373417870999958,-22.78753209499996]]]]}},
{"type":"Feature","properties":{"OBJECTID":118,"municipio":"SÃO JOÃO DE MERITI","uf":"RJ","processo":"Deslizamento","classe":"Alta","obs":null,"fonte":"Produto obtido através da modelagem (ver Nota Técnica Explicativa do projeto) validado por trabalho de campo pela CPRM no ano de 2012 a 2014.","execucao":"SGB-CPRM (2013)","projeto":"Cartas de Suscetibilidade a Movimentos Gravitacionais de Massa e Inundações. Tema: Movimento de massa.","shape_Length":0.0046628453955177241,"shape_Area":7.1625842222476525e-07},"geometry":{"type":"MultiPolygon","coordinates":[[[[-43.335595581999939,-22.774480480999955],[-43.336439771999949,-22.775350602999936],[-43.336856481999973,-22.77530190899995],[-43.336959600999933,-22.775150057999952],[-43.33650870799994,-22.774711568999976],[-43.335229177999963,-22.773887879999961],[-43.335595581999939,-22.774480480999955]]]]}},
{"type":"Feature","properties":{"OBJECTID":120,"municipio":"SÃO JOÃO DE MERITI","uf":"RJ","processo":"Deslizamento","classe":"Baixa","obs":null,"fonte":"Produto obtido através da modelagem (ver Nota Técnica Explicativa do projeto) validado por trabalho de campo pela CPRM no ano de 2012 a 2014.","execucao":"SGB-CPRM (2013)","projeto":"Cartas de Suscetibilidade a Movimentos Gravitacionais de Massa e Inundações. Tema: Movimento de massa.","shape_Length":0.0020578578479872691,"shape_Area":2.6980289348548382e-07},"geometry":{"type":"MultiPolygon","coordinates":[[[[-43.386635063999961,-22.773690765999959],[-43.386950541999965,-22.774146832999975],[-43.387282781999943,-22.773743215999957],[-43.387213929999973,-22.77356888099996],[-43.386967280999954,-22.77335919799998],[-43.386635063999961,-22.773690765999959]]]]}},
{"type":"Feature","properties":{"OBJECTID":122,"municipio":"SÃO JOÃO DE MERITI","uf":"RJ","processo":"Deslizamento","classe":"Baixa","obs":null,"fonte":"Produto obtido através da modelagem (ver Nota Técnica Explicativa do projeto) validado por trabalho de campo pela CPRM no ano de 2012 a 2014.","execucao":"SGB-CPRM (2013)","projeto":"Cartas de Suscetibilidade a Movimentos Gravitacionais de Massa e Inundações. Tema: Movimento de massa.","shape_Length":0.0025611498525723786,"shape_Area":3.2070861341821078e-07},"geometry":{"type":"MultiPolygon","coordinates":[[[[-43.381162358999973,-22.772138226999971],[-43.38108155499998,-22.772197320999965],[-43.381953443999976,-22.772149791999936],[-43.382055480999952,-22.771960671999977],[-43.382040511999946,-22.771682023999972],[-43.381949242999951,-22.771610679999981],[-43.381770275999941,-22.771619933999943],[-43.381162358999973,-22.772138226999971]]]]}},
{"type":"Feature","properties":{"OBJECTID":123,"municipio":"SÃO JOÃO DE MERITI","uf":"RJ","processo":"Deslizamento","classe":"Alta","obs":null,"fonte":"Produto obtido através da modelagem (ver Nota Técnica Explicativa do projeto) validado por trabalho de campo pela CPRM no ano de 2012 a 2014.","execucao":"SGB-CPRM (2013)","projeto":"Cartas de Suscetibilidade a Movimentos Gravitacionais de Massa e Inundações. Tema: Movimento de massa.","shape_Length":0.0040027128238107933,"shape_Area":4.3723768021563899e-07},"geometry":{"type":"MultiPolygon","coordinates":[[[[-43.351770672999976,-22.784567383999956],[-43.35249053299998,-22.784999755999934],[-43.352689355999985,-22.784904061999953],[-43.352630622999982,-22.784682945999975],[-43.351103872999943,-22.783854180999981],[-43.351770672999976,-22.784567383999956]]]]}},
{"type":"Feature","properties":{"OBJECTID":126,"municipio":"SÃO JOÃO DE MERITI","uf":"RJ","processo":"Deslizamento","classe":"Média","obs":null,"fonte":"Produto obtido através da modelagem (ver Nota Técnica Explicativa do projeto) validado por trabalho de campo pela CPRM no ano de 2012 a 2014.","execucao":"SGB-CPRM (2013)","projeto":"Cartas de Suscetibilidade a Movimentos Gravitacionais de Massa e Inundações. Tema: Movimento de massa.","shape_Length":0.047981776884413796,"shape_Area":3.0211880239022662e-05},"geometry":{"type":"MultiPolygon","coordinates":[[[[-43.341246556999977,-22.783913574999929],[-43.340778363999959,-22.784408123999981],[-43.340347636999979,-22.784239443999979],[-43.34015022799997,-22.78425597599994],[-43.340141268999957,-22.784391364999976],[-43.340386877999947,-22.784745720999979],[-43.340305676999947,-22.784845691999976],[-43.339835549999975,-22.784754635999946],[-43.339304843999969,-22.784362138999938],[-43.339075373999947,-22.784192427999983],[-43.338921772999981,-22.784286397999949],[-43.338919777999934,-22.784557122999956],[-43.339286568999967,-22.785139821999962],[-43.339304843999969,-22.785154938999938],[-43.339714304999973,-22.785493651999957],[-43.340146340999979,-22.785703887999944],[-43.340569675999973,-22.786099319999948],[-43.341582205999941,-22.786629841999968],[-43.343119122999951,-22.787748564999958],[-43.343612161999943,-22.787990631999946],[-43.344446490999985,-22.788201235999964],[-43.344975891999979,-22.788536117999968],[-43.345372107999935,-22.788539141999934],[-43.346088514999963,-22.788295724999955],[-43.346297447999973,-22.788121797999963],[-43.346572325999944,-22.787654843999974],[-43.346902216999979,-22.787376044999974],[-43.347166921999985,-22.787286670999947],[-43.347420347999957,-22.787345733999928],[-43.347901485999955,-22.788270428999965],[-43.348285217999944,-22.788793169999963],[-43.347918723999953,-22.788500701999965],[-43.347487569999942,-22.787905881999961],[-43.347209804999977,-22.787760598999967],[-43.347049873999936,-22.787777336999966],[-43.346982013999934,-22.787892709999937],[-43.347037131999969,-22.788154485999939],[-43.346870918999969,-22.788453888999982],[-43.34677540399997,-22.788907345999974],[-43.347002711999949,-22.789527746999966],[-43.348102031999986,-22.790483474999974],[-43.348580245999983,-22.790727906999962],[-43.349010868999983,-22.79087911299996],[-43.349221046999958,-22.790876921999939],[-43.349503829999946,-22.79082492699996],[-43.34970865799994,-22.790670596999973],[-43.349863993999975,-22.790151437999953],[-43.349704678999956,-22.789110264999977],[-43.348733615999947,-22.787555187999942],[-43.348120565999977,-22.786828273999959],[-43.348022181999966,-22.786524535999945],[-43.34792895399994,-22.785706377999929],[-43.347719730999984,-22.785229679999929],[-43.347566050999944,-22.785052374999964],[-43.347272568999983,-22.784914020999963],[-43.346908630999962,-22.784894411999971],[-43.346537034999983,-22.784940826999957],[-43.345848073999946,-22.785167079999951],[-43.345643523999968,-22.785152367999956],[-43.34480481099996,-22.784552313999939],[-43.344233546999931,-22.784009399999945],[-43.342708158999983,-22.783278518999964],[-43.342296660999978,-22.783306295999978],[-43.34184672899994,-22.783480994999934],[-43.341246556999977,-22.783913574999929]],[[-43.342782703999944,-22.78431851299996],[-43.342633730999978,-22.784009569999967],[-43.342878720999977,-22.78397672899996],[-43.34313567199996,-22.784046444999944],[-43.343806941999958,-22.78455108199995],[-43.343881708999959,-22.78469188899993],[-43.34383842099993,-22.785046302999945],[-43.34362529699996,-22.785178875999975],[-43.342782703999944,-22.78431851299996]],[[-43.344643793999978,-22.787567075999959],[-43.344132122999952,-22.787540940999975],[-43.343828868999935,-22.787463156999934],[-43.342820092999943,-22.786956649999979],[-43.341673276999984,-22.78612200699996],[-43.341563397999948,-22.785873022999965],[-43.341828264999947,-22.785670549999963],[-43.34208124099996,-22.785616779999941],[-43.342756178999934,-22.785860219999961],[-43.343734052999935,-22.786591974999965],[-43.344573052999976,-22.787052208999967],[-43.34490285499993,-22.78733131599995],[-43.344983851999984,-22.787490469999966],[-43.344939004999958,-22.787625572999957],[-43.344832396999948,-22.787676727999951],[-43.344643793999978,-22.787567075999959]]]]}},
{"type":"Feature","properties":{"OBJECTID":127,"municipio":"SÃO JOÃO DE MERITI","uf":"RJ","processo":"Deslizamento","classe":"Baixa","obs":null,"fonte":"Produto obtido através da modelagem (ver Nota Técnica Explicativa do projeto) validado por trabalho de campo pela CPRM no ano de 2012 a 2014.","execucao":"SGB-CPRM (2013)","projeto":"Cartas de Suscetibilidade a Movimentos Gravitacionais de Massa e Inundações. Tema: Movimento de massa.","shape_Length":0.0022445417274507334,"shape_Area":2.6593951342926544e-07},"geometry":{"type":"MultiPolygon","coordinates":[[[[-43.35812823699996,-22.779532213999971],[-43.358392543999969,-22.779905304999943],[-43.358725926999966,-22.779206526999928],[-43.358645299999978,-22.778990575999956],[-43.358486325999934,-22.779026610999949],[-43.35812823699996,-22.779532213999971]]]]}},
{"type":"Feature","properties":{"OBJECTID":128,"municipio":"SÃO JOÃO DE MERITI","uf":"RJ","processo":"Deslizamento","classe":"Média","obs":null,"fonte":"Produto obtido através da modelagem (ver Nota Técnica Explicativa do projeto) validado por trabalho de campo pela CPRM no ano de 2012 a 2014.","execucao":"SGB-CPRM (2013)","projeto":"Cartas de Suscetibilidade a Movimentos Gravitacionais de Massa e Inundações. Tema: Movimento de massa.","shape_Length":0.067750986776890204,"shape_Area":3.5802829592428411e-05},"geometry":{"type":"MultiPolygon","coordinates":[[[[-43.329853592999939,-22.771294808999983],[-43.329853597999943,-22.771294935999947],[-43.329880266999965,-22.772038256999963],[-43.329880604999971,-22.77210992299996],[-43.329973998999947,-22.773911728999963],[-43.329816538999978,-22.776049021999938],[-43.32976584499994,-22.776737099999934],[-43.32964745299995,-22.778587271999982],[-43.330286576999981,-22.777508112999953],[-43.33026605799995,-22.777820430999952],[-43.329631940999946,-22.77891275099995],[-43.329830985999934,-22.780633605999981],[-43.329775044999963,-22.782225258999972],[-43.330131567999956,-22.782152060999977],[-43.330470242999979,-22.781927307999979],[-43.330939546999957,-22.78146527499996],[-43.331090563999965,-22.781125620999944],[-43.331085666999968,-22.780458132999968],[-43.330435300999966,-22.779172444999972],[-43.330622559999938,-22.778283726999973],[-43.330797444999973,-22.777883109999948],[-43.330908324999939,-22.776972163999972],[-43.33103265799997,-22.776769195999975],[-43.331178924999961,-22.77674918799994],[-43.33134696999997,-22.776832851999927],[-43.331626962999962,-22.777437502999931],[-43.33163374999998,-22.777953172999958],[-43.331423055999949,-22.77883427699993],[-43.331512787999941,-22.779446061999977],[-43.331777150999983,-22.779739610999968],[-43.332374725999955,-22.779958208999972],[-43.33276378599993,-22.779905065999969],[-43.333289951999973,-22.779647890999968],[-43.333528024999964,-22.779392906999931],[-43.333787452999957,-22.778860010999949],[-43.334846981999931,-22.778637186999958],[-43.336567154999955,-22.77789968299993],[-43.337122144999967,-22.777520640999967],[-43.337285712999972,-22.777146778999963],[-43.337181971999939,-22.776839214999939],[-43.335957103999931,-22.776086990999943],[-43.334200976999966,-22.774594511999965],[-43.333828127999936,-22.774194743999942],[-43.333352460999947,-22.773512416999949],[-43.333268200999953,-22.773198244999946],[-43.333257776999972,-22.772600108999939],[-43.333514787999945,-22.771931951999932],[-43.333537272999934,-22.771542881999949],[-43.333246895999935,-22.77049586499993],[-43.333097867999982,-22.770274581999956],[-43.332570373999943,-22.770280681999964],[-43.331975255999964,-22.77014750799998],[-43.331656377999934,-22.770401140999979],[-43.331511912999986,-22.770662503999972],[-43.331441767999934,-22.771048231999941],[-43.331481907999944,-22.771547157999976],[-43.331616170999951,-22.772038302999931],[-43.331911528999967,-22.77255618199996],[-43.332122484999957,-22.772632724999937],[-43.33226000999997,-22.77244402499997],[-43.332408419999979,-22.77093598099998],[-43.332709024999986,-22.771568228999968],[-43.332778295999958,-22.772366358999932],[-43.332763915999976,-22.772786861999975],[-43.33264535099994,-22.772998780999956],[-43.33242023899993,-22.773013766999952],[-43.332054293999931,-22.772865321999973],[-43.331900152999935,-22.772967458999972],[-43.331732750999947,-22.774349413999971],[-43.331613571999981,-22.774542763999932],[-43.331436613999983,-22.774542142999962],[-43.331113454999979,-22.774360504999947],[-43.330869632999963,-22.773993441999949],[-43.33063285299994,-22.771630698999957],[-43.330532092999931,-22.771247743999936],[-43.330404377999969,-22.771077327999933],[-43.330278113999952,-22.771041451999963],[-43.329853592999939,-22.771294808999983]],[[-43.333983425999975,-22.776008463999972],[-43.332612038999969,-22.775494229999936],[-43.332552724999971,-22.77540599699995],[-43.333188307999933,-22.774821809999935],[-43.333629954999935,-22.774834480999971],[-43.334383730999946,-22.775213669999971],[-43.33507968899994,-22.775732933999961],[-43.335331861999975,-22.776157306999949],[-43.335339697999984,-22.776308320999931],[-43.335258650999947,-22.776376851999942],[-43.333983425999975,-22.776008463999972]],[[-43.333939987999941,-22.777069184999959],[-43.334649707999972,-22.777164244999938],[-43.334853918999954,-22.777306273999955],[-43.33478899499994,-22.777426014999946],[-43.334025547999943,-22.777829164999957],[-43.333142609999982,-22.778026158999978],[-43.332425536999949,-22.77722959099998],[-43.332544191999943,-22.77711026299994],[-43.333149525999943,-22.777228352999941],[-43.333939987999941,-22.777069184999959]],[[-43.330206234999935,-22.781065601999956],[-43.330176223999956,-22.780534074999935],[-43.330240209999943,-22.780431707999981],[-43.330385593999949,-22.780400497999949],[-43.330524245999982,-22.780632435999962],[-43.330507936999936,-22.780914269999982],[-43.330317947999959,-22.781128758999955],[-43.330233605999979,-22.78115592599994],[-43.330206234999935,-22.781065601999956]]]]}},
{"type":"Feature","properties":{"OBJECTID":129,"municipio":"SÃO JOÃO DE MERITI","uf":"RJ","processo":"Deslizamento","classe":"Baixa","obs":null,"fonte":"Produto obtido através da modelagem (ver Nota Técnica Explicativa do projeto) validado por trabalho de campo pela CPRM no ano de 2012 a 2014.","execucao":"SGB-CPRM (2013)","projeto":"Cartas de Suscetibilidade a Movimentos Gravitacionais de Massa e Inundações. Tema: Movimento de massa.","shape_Length":0.0033843326859834956,"shape_Area":6.8571564610408654e-07},"geometry":{"type":"MultiPolygon","coordinates":[[[[-43.336716434999971,-22.762597948999939],[-43.337465474999931,-22.763033940999946],[-43.33763253099994,-22.762957898999957],[-43.337668048999944,-22.762734160999969],[-43.337590488999979,-22.762417382999956],[-43.337444656999935,-22.762216622999972],[-43.336939357999938,-22.76210657699994],[-43.336450569999954,-22.762172514999975],[-43.336464380999985,-22.762318343999937],[-43.336716434999971,-22.762597948999939]]]]}},
{"type":"Feature","properties":{"OBJECTID":131,"municipio":"SÃO JOÃO DE MERITI","uf":"RJ","processo":"Deslizamento","classe":"Média","obs":null,"fonte":"Produto obtido através da modelagem (ver Nota Técnica Explicativa do projeto) validado por trabalho de campo pela CPRM no ano de 2012 a 2014.","execucao":"SGB-CPRM (2013)","projeto":"Cartas de Suscetibilidade a Movimentos Gravitacionais de Massa e Inundações. Tema: Movimento de massa.","shape_Length":0.0055940305619271886,"shape_Area":1.7548071482140268e-06},"geometry":{"type":"MultiPolygon","coordinates":[[[[-43.396832003999975,-22.796541500999979],[-43.397150734999968,-22.797195331999944],[-43.397444376999943,-22.797086192999927],[-43.39768100699996,-22.796903783999937],[-43.397789367999962,-22.796760026999948],[-43.397833237999976,-22.796516187999941],[-43.397783277999963,-22.796195404999935],[-43.397461147999934,-22.795290325999929],[-43.397188212999936,-22.794857548999971],[-43.397054387999958,-22.794794885999977],[-43.39690855799995,-22.794846059999941],[-43.396806052999978,-22.795018785999957],[-43.396771815999955,-22.79600226499997],[-43.396832003999975,-22.796541500999979]]]]}},
{"type":"Feature","properties":{"OBJECTID":132,"municipio":"SÃO JOÃO DE MERITI","uf":"RJ","processo":"Deslizamento","classe":"Alta","obs":null,"fonte":"Produto obtido através da modelagem (ver Nota Técnica Explicativa do projeto) validado por trabalho de campo pela CPRM no ano de 2012 a 2014.","execucao":"SGB-CPRM (2013)","projeto":"Cartas de Suscetibilidade a Movimentos Gravitacionais de Massa e Inundações. Tema: Movimento de massa.","shape_Length":0.0054964681101654089,"shape_Area":1.2988628456501266e-06},"geometry":{"type":"MultiPolygon","coordinates":[[[[-43.335762990999967,-22.783860912999955],[-43.336907998999948,-22.784469438999963],[-43.336968173999935,-22.784119918999977],[-43.336873052999977,-22.783867759999964],[-43.33666001499995,-22.783658125999978],[-43.336058168999955,-22.783336910999935],[-43.335542270999952,-22.78313107799994],[-43.335310661999983,-22.783113279999952],[-43.335113890999935,-22.783183807999933],[-43.334766755999965,-22.783483327999932],[-43.334769300999938,-22.783585932999927],[-43.334864037999978,-22.78364664399993],[-43.335762990999967,-22.783860912999955]]]]}},
{"type":"Feature","properties":{"OBJECTID":134,"municipio":"SÃO JOÃO DE MERITI","uf":"RJ","processo":"Deslizamento","classe":"Média","obs":null,"fonte":"Produto obtido através da modelagem (ver Nota Técnica Explicativa do projeto) validado por trabalho de campo pela CPRM no ano de 2012 a 2014.","execucao":"SGB-CPRM (2013)","projeto":"Cartas de Suscetibilidade a Movimentos Gravitacionais de Massa e Inundações. Tema: Movimento de massa.","shape_Length":0.0017389665651364301,"shape_Area":2.1273127452325361e-07},"geometry":{"type":"MultiPolygon","coordinates":[[[[-43.350507984999979,-22.78765029799996],[-43.350590781999983,-22.788078428999938],[-43.350846979999972,-22.78807124399998],[-43.350967944999979,-22.787954217999982],[-43.350961988999984,-22.78765354899997],[-43.350733677999983,-22.787492492999945],[-43.350592709999944,-22.787521374999983],[-43.350507984999979,-22.78765029799996]]]]}},
{"type":"Feature","properties":{"OBJECTID":135,"municipio":"SÃO JOÃO DE MERITI","uf":"RJ","processo":"Deslizamento","classe":"Alta","obs":null,"fonte":"Produto obtido através da modelagem (ver Nota Técnica Explicativa do projeto) validado por trabalho de campo pela CPRM no ano de 2012 a 2014.","execucao":"SGB-CPRM (2013)","projeto":"Cartas de Suscetibilidade a Movimentos Gravitacionais de Massa e Inundações. Tema: Movimento de massa.","shape_Length":0.015744682251003804,"shape_Area":3.4012822961142479e-06},"geometry":{"type":"MultiPolygon","coordinates":[[[[-43.349570086999961,-22.800147375999927],[-43.349967468999978,-22.800416760999951],[-43.350409143999968,-22.800388869999949],[-43.350683985999979,-22.800295272999961],[-43.35076057699996,-22.800177094999981],[-43.350737852999941,-22.799988437999957],[-43.350484662999975,-22.799841237999942],[-43.349179138999943,-22.799740502999953],[-43.348144720999983,-22.799538496999958],[-43.34721947099996,-22.799114566999947],[-43.345744897999964,-22.798000766999962],[-43.344790728999953,-22.796882073999939],[-43.344526909999956,-22.796706896999979],[-43.34442196699996,-22.796722238999962],[-43.344368248999956,-22.797182618999955],[-43.344497887999978,-22.797612412999968],[-43.344815820999941,-22.798024325999961],[-43.345323389999976,-22.798414183999967],[-43.346533048999959,-22.798979264999957],[-43.347614365999959,-22.799854247999974],[-43.349253587999954,-22.800026894999974],[-43.349570086999961,-22.800147375999927]]]]}},
{"type":"Feature","properties":{"OBJECTID":136,"municipio":"SÃO JOÃO DE MERITI","uf":"RJ","processo":"Deslizamento","classe":"Média","obs":null,"fonte":"Produto obtido através da modelagem (ver Nota Técnica Explicativa do projeto) validado por trabalho de campo pela CPRM no ano de 2012 a 2014.","execucao":"SGB-CPRM (2013)","projeto":"Cartas de Suscetibilidade a Movimentos Gravitacionais de Massa e Inundações. Tema: Movimento de massa.","shape_Length":0.019770895796832152,"shape_Area":1.3560446324422847e-05},"geometry":{"type":"MultiPolygon","coordinates":[[[[-43.367025411999975,-22.797959291999973],[-43.367079184999966,-22.798644392999961],[-43.367403087999946,-22.799270296999964],[-43.367658182999946,-22.80047428599994],[-43.368021346999967,-22.801414552999972],[-43.369497862999935,-22.801275373999943],[-43.369914251999944,-22.801396960999966],[-43.370279639999978,-22.801358388999972],[-43.371287350999978,-22.800208073999954],[-43.371337254999958,-22.79992997599993],[-43.371246717999952,-22.799676611999928],[-43.370003330999964,-22.79888488499995],[-43.369775353999955,-22.798653969999975],[-43.368817709999973,-22.796682945999976],[-43.368537972999945,-22.795954649999942],[-43.36834805899997,-22.795906966999951],[-43.367599465999945,-22.795995006999931],[-43.367366146999984,-22.796061383999927],[-43.367166509999947,-22.796228843999927],[-43.367066480999938,-22.796624205999933],[-43.367025411999975,-22.797959291999973]],[[-43.368803841999977,-22.798960435999959],[-43.368527484999959,-22.798375798999928],[-43.368509177999954,-22.797988382999961],[-43.369029030999968,-22.798413561999951],[-43.369307785999979,-22.79891367099998],[-43.36936936799998,-22.799390010999957],[-43.369244221999963,-22.79961704699997],[-43.368803841999977,-22.798960435999959]]]]}},
{"type":"Feature","properties":{"OBJECTID":138,"municipio":"SÃO JOÃO DE MERITI","uf":"RJ","processo":"Deslizamento","classe":"Média","obs":null,"fonte":"Produto obtido através da modelagem (ver Nota Técnica Explicativa do projeto) validado por trabalho de campo pela CPRM no ano de 2012 a 2014.","execucao":"SGB-CPRM (2013)","projeto":"Cartas de Suscetibilidade a Movimentos Gravitacionais de Massa e Inundações. Tema: Movimento de massa.","shape_Length":0.0022364176392267875,"shape_Area":3.0683421968291037e-07},"geometry":{"type":"MultiPolygon","coordinates":[[[[-43.357179611999982,-22.774589917999947],[-43.357282443999964,-22.774841837999929],[-43.357951684999932,-22.774541169999964],[-43.357994177999956,-22.774377099999981],[-43.357940816999985,-22.774251939999942],[-43.357725886999958,-22.774178954999968],[-43.357444193999982,-22.774302918999979],[-43.357179611999982,-22.774589917999947]]]]}},
{"type":"Feature","properties":{"OBJECTID":139,"municipio":"SÃO JOÃO DE MERITI","uf":"RJ","processo":"Deslizamento","classe":"Média","obs":null,"fonte":"Produto obtido através da modelagem (ver Nota Técnica Explicativa do projeto) validado por trabalho de campo pela CPRM no ano de 2012 a 2014.","execucao":"SGB-CPRM (2013)","projeto":"Cartas de Suscetibilidade a Movimentos Gravitacionais de Massa e Inundações. Tema: Movimento de massa.","shape_Length":0.018820336125048517,"shape_Area":8.7603555981103405e-06},"geometry":{"type":"MultiPolygon","coordinates":[[[[-43.350019870999972,-22.783813276999979],[-43.349875464999968,-22.784088882999981],[-43.34982212999995,-22.784419513999978],[-43.349836941999968,-22.78475029699996],[-43.349957349999954,-22.785119984999938],[-43.350278052999954,-22.785659064999948],[-43.351339748999976,-22.786658760999956],[-43.352185347999978,-22.787028979999945],[-43.353014470999938,-22.786768691999953],[-43.353539954999974,-22.786452025999949],[-43.353668619999951,-22.786002835999966],[-43.353617043999975,-22.785432030999971],[-43.353291017999936,-22.784805744999971],[-43.352973189999943,-22.784471749999966],[-43.35096873699996,-22.783175326999981],[-43.350705284999947,-22.783241086999965],[-43.350019870999972,-22.783813276999979]],[[-43.351770672999976,-22.784567383999956],[-43.351103872999943,-22.783854180999981],[-43.352630622999982,-22.784682945999975],[-43.352689355999985,-22.784904061999953],[-43.35249053299998,-22.784999755999934],[-43.351770672999976,-22.784567383999956]],[[-43.351315070999931,-22.785793287999979],[-43.351151410999933,-22.785515683999961],[-43.351320647999955,-22.785499107999954],[-43.351790972999936,-22.785843288999956],[-43.352487529999962,-22.786068935999936],[-43.352342953999937,-22.786205996999968],[-43.351891033999948,-22.78625791099995],[-43.351315070999931,-22.785793287999979]]]]}},
{"type":"Feature","properties":{"OBJECTID":141,"municipio":"SÃO JOÃO DE MERITI","uf":"RJ","processo":"Deslizamento","classe":"Média","obs":null,"fonte":"Produto obtido através da modelagem (ver Nota Técnica Explicativa do projeto) validado por trabalho de campo pela CPRM no ano de 2012 a 2014.","execucao":"SGB-CPRM (2013)","projeto":"Cartas de Suscetibilidade a Movimentos Gravitacionais de Massa e Inundações. Tema: Movimento de massa.","shape_Length":0.067774594937619087,"shape_Area":3.4531386333590517e-05},"geometry":{"type":"MultiPolygon","coordinates":[[[[-43.341979056999946,-22.794669450999947],[-43.341908754999963,-22.795057286999963],[-43.341953263999983,-22.79546555099995],[-43.342134723999948,-22.795997884999963],[-43.343123599999956,-22.79692221199997],[-43.34368617399997,-22.797823014999949],[-43.344592407999983,-22.798479232999966],[-43.345111244999941,-22.79910839799993],[-43.34582413399994,-22.799318177999965],[-43.346352474999946,-22.799561686999937],[-43.347296741999969,-22.800325137999948],[-43.347648303999961,-22.80051046899996],[-43.348933562999946,-22.80064493499998],[-43.34935508999996,-22.80076884999994],[-43.34966875799995,-22.800955530999943],[-43.350925348999965,-22.800909922999949],[-43.351293659999953,-22.800678466999955],[-43.351717267999959,-22.800151280999955],[-43.352440702999957,-22.79965384299993],[-43.35257799599998,-22.799300797999933],[-43.352556358999948,-22.798549332999983],[-43.352778971999953,-22.798547093999957],[-43.353286391999973,-22.798706706999951],[-43.354209689999948,-22.798071363999952],[-43.355206972999952,-22.798412085999928],[-43.355501322999942,-22.798344979999968],[-43.355657267999959,-22.79812745299995],[-43.355652329999941,-22.797833717999936],[-43.35553704299997,-22.797680732999936],[-43.355329271999949,-22.79763995199994],[-43.354771946999961,-22.797745534999933],[-43.354072921999943,-22.797399940999981],[-43.353454108999983,-22.797615913999948],[-43.351531833999957,-22.798572901999933],[-43.350849281999956,-22.798514634999947],[-43.350190003999955,-22.798290362999978],[-43.348877166999955,-22.798204136999971],[-43.348318117999952,-22.798064884999974],[-43.348130376999961,-22.798116052999944],[-43.348135870999954,-22.798298471999942],[-43.348393347999945,-22.798551475999943],[-43.349839082999949,-22.799124706999976],[-43.348652129999948,-22.79903356899996],[-43.347911857999975,-22.798714458999939],[-43.346498355999984,-22.797727932999976],[-43.345732658999964,-22.796904163999955],[-43.345803296999975,-22.796858020999935],[-43.347024640999962,-22.797138976999975],[-43.347270746999982,-22.797326906999956],[-43.347580353999945,-22.797751115999972],[-43.347760127999948,-22.797855062999929],[-43.348024659999965,-22.797864425999933],[-43.348169669999947,-22.797673022999959],[-43.348223532999953,-22.796845091999955],[-43.348084358999984,-22.796427808999965],[-43.347724734999986,-22.796133574999942],[-43.34690120099998,-22.795906406999961],[-43.346574518999944,-22.795749176999948],[-43.345994085999962,-22.795139093999978],[-43.345836909999946,-22.794787915999962],[-43.345758546999946,-22.793901783999956],[-43.345557354999983,-22.792869937999967],[-43.345430505999957,-22.792686267999954],[-43.344874943999969,-22.792263885999944],[-43.344618934999971,-22.791622892999953],[-43.344451346999961,-22.791486488999965],[-43.344290584999953,-22.791602065999939],[-43.344150898999942,-22.792327166999939],[-43.343846528999961,-22.792785600999935],[-43.342174867999972,-22.794404956999983],[-43.341979056999946,-22.794669450999947]],[[-43.34421292199994,-22.795142923999947],[-43.344199423999953,-22.794948887999965],[-43.344342243999961,-22.794784605999951],[-43.344438202999982,-22.794816597999954],[-43.344571038999959,-22.795246772999974],[-43.34499386799996,-22.795743310999967],[-43.345047360999956,-22.795936901999937],[-43.344999571999949,-22.796068201999958],[-43.34421292199994,-22.795142923999947]],[[-43.349570086999961,-22.800147375999927],[-43.349253587999954,-22.800026894999974],[-43.347614365999959,-22.799854247999974],[-43.346533048999959,-22.798979264999957],[-43.345323389999976,-22.798414183999967],[-43.344815820999941,-22.798024325999961],[-43.344497887999978,-22.797612412999968],[-43.344368248999956,-22.797182618999955],[-43.34442196699996,-22.796722238999962],[-43.344526909999956,-22.796706896999979],[-43.344790728999953,-22.796882073999939],[-43.345744897999964,-22.798000766999962],[-43.34721947099996,-22.799114566999947],[-43.348144720999983,-22.799538496999958],[-43.349179138999943,-22.799740502999953],[-43.350484662999975,-22.799841237999942],[-43.350737852999941,-22.799988437999957],[-43.35076057699996,-22.800177094999981],[-43.350683985999979,-22.800295272999961],[-43.350409143999968,-22.800388869999949],[-43.349967468999978,-22.800416760999951],[-43.349570086999961,-22.800147375999927]]]]}},
{"type":"Feature","properties":{"OBJECTID":142,"municipio":"SÃO JOÃO DE MERITI","uf":"RJ","processo":"Deslizamento","classe":"Média","obs":null,"fonte":"Produto obtido através da modelagem (ver Nota Técnica Explicativa do projeto) validado por trabalho de campo pela CPRM no ano de 2012 a 2014.","execucao":"SGB-CPRM (2013)","projeto":"Cartas de Suscetibilidade a Movimentos Gravitacionais de Massa e Inundações. Tema: Movimento de massa.","shape_Length":0.0018550337020745529,"shape_Area":2.4063398697335421e-07},"geometry":{"type":"MultiPolygon","coordinates":[[[[-43.354510408999943,-22.796073022999963],[-43.354643077999981,-22.796355954999967],[-43.354864336999981,-22.796222324999974],[-43.354984784999942,-22.796055115999934],[-43.354966495999975,-22.795783449999931],[-43.354823644999954,-22.795670273999974],[-43.354657047999979,-22.795681027999933],[-43.354508804999966,-22.79581910099995],[-43.354510408999943,-22.796073022999963]]]]}},
{"type":"Feature","properties":{"OBJECTID":146,"municipio":"SÃO JOÃO DE MERITI","uf":"RJ","processo":"Deslizamento","classe":"Média","obs":null,"fonte":"Produto obtido através da modelagem (ver Nota Técnica Explicativa do projeto) validado por trabalho de campo pela CPRM no ano de 2012 a 2014.","execucao":"SGB-CPRM (2013)","projeto":"Cartas de Suscetibilidade a Movimentos Gravitacionais de Massa e Inundações. Tema: Movimento de massa.","shape_Length":0.020586334027514142,"shape_Area":7.0787138352544876e-06},"geometry":{"type":"MultiPolygon","coordinates":[[[[-43.40400563399993,-22.797907361999933],[-43.405359287999943,-22.796416530999977],[-43.404719192999949,-22.795797862999962],[-43.40447200899996,-22.795096076999982],[-43.404197108999938,-22.794836111999928],[-43.403933241999937,-22.794810093999956],[-43.403527786999973,-22.794949450999979],[-43.403099567999959,-22.794995775999951],[-43.401984944999981,-22.794899549999968],[-43.401724902999945,-22.794712283999957],[-43.401244616999975,-22.793924065999931],[-43.401086441999951,-22.793853005999949],[-43.400954050999985,-22.79391226499996],[-43.400814869999977,-22.794182519999936],[-43.400781546999951,-22.794430428999931],[-43.401052895999953,-22.794884078999928],[-43.401211014999944,-22.796185787999946],[-43.401505809999946,-22.796466070999941],[-43.402188397999964,-22.796665283999971],[-43.402503757999966,-22.796894307999935],[-43.40275610599997,-22.79718249299998],[-43.402947237999967,-22.797741977999976],[-43.403157816999965,-22.797998011999937],[-43.403288913999972,-22.798070816999939],[-43.40358471299993,-22.797929670999963],[-43.403760675999933,-22.797736770999961],[-43.403757345999963,-22.797524640999939],[-43.403514334999954,-22.797057264999978],[-43.402543841999943,-22.796036982999965],[-43.402318905999948,-22.795747885999958],[-43.40231420799995,-22.795618674999957],[-43.403202888999942,-22.795827044999953],[-43.404759605999971,-22.796707580999964],[-43.404699929999936,-22.797047053999961],[-43.404099892999966,-22.797671879999939],[-43.40400563399993,-22.797907361999933]]]]}},
{"type":"Feature","properties":{"OBJECTID":150,"municipio":"SÃO JOÃO DE MERITI","uf":"RJ","processo":"Deslizamento","classe":"Média","obs":null,"fonte":"Produto obtido através da modelagem (ver Nota Técnica Explicativa do projeto) validado por trabalho de campo pela CPRM no ano de 2012 a 2014.","execucao":"SGB-CPRM (2013)","projeto":"Cartas de Suscetibilidade a Movimentos Gravitacionais de Massa e Inundações. Tema: Movimento de massa.","shape_Length":0.01384476597525003,"shape_Area":1.3965423004988697e-05},"geometry":{"type":"MultiPolygon","coordinates":[[[[-43.35577425799994,-22.772106983999947],[-43.357316595999976,-22.772312252999939],[-43.357829728999945,-22.771988853999972],[-43.358693046999974,-22.771135332999961],[-43.359020341999951,-22.77068165999998],[-43.359043609999958,-22.770003476999932],[-43.35877237099993,-22.768825222999965],[-43.358551480999949,-22.768530074999944],[-43.357183887999952,-22.767904182999928],[-43.356357278999951,-22.767831262999948],[-43.355821987999946,-22.767904939999937],[-43.355485615999953,-22.768083512999965],[-43.355381916999931,-22.768268037999974],[-43.355370358999949,-22.768924728999934],[-43.355490059999966,-22.76950052799998],[-43.355137575999947,-22.770225091999976],[-43.355089412999973,-22.770905110999934],[-43.355133943999931,-22.771321099999966],[-43.355391084999951,-22.771802330999947],[-43.35577425799994,-22.772106983999947]]]]}},
{"type":"Feature","properties":{"OBJECTID":153,"municipio":"SÃO JOÃO DE MERITI","uf":"RJ","processo":"Deslizamento","classe":"Média","obs":null,"fonte":"Produto obtido através da modelagem (ver Nota Técnica Explicativa do projeto) validado por trabalho de campo pela CPRM no ano de 2012 a 2014.","execucao":"SGB-CPRM (2013)","projeto":"Cartas de Suscetibilidade a Movimentos Gravitacionais de Massa e Inundações. Tema: Movimento de massa.","shape_Length":0.0028175264871267984,"shape_Area":4.7313324028051736e-07},"geometry":{"type":"MultiPolygon","coordinates":[[[[-43.364191446999939,-22.778312853999978],[-43.364250651999953,-22.778436369999952],[-43.364623350999977,-22.778385343999958],[-43.365220776999934,-22.778139010999951],[-43.365308140999957,-22.778062183999964],[-43.365299530999948,-22.777972090999981],[-43.364918842999941,-22.77776311599996],[-43.364588976999983,-22.777780479999933],[-43.364232036999965,-22.778130558999976],[-43.364191446999939,-22.778312853999978]]]]}},
{"type":"Feature","properties":{"OBJECTID":154,"municipio":"SÃO JOÃO DE MERITI","uf":"RJ","processo":"Deslizamento","classe":"Média","obs":null,"fonte":"Produto obtido através da modelagem (ver Nota Técnica Explicativa do projeto) validado por trabalho de campo pela CPRM no ano de 2012 a 2014.","execucao":"SGB-CPRM (2013)","projeto":"Cartas de Suscetibilidade a Movimentos Gravitacionais de Massa e Inundações. Tema: Movimento de massa.","shape_Length":0.017532600929962491,"shape_Area":8.8909827578238616e-06},"geometry":{"type":"MultiPolygon","coordinates":[[[[-43.402573386999961,-22.791053722999948],[-43.402401878999967,-22.791352736999954],[-43.402250910999953,-22.791869467999959],[-43.401828738999939,-22.792646963999971],[-43.401867688999971,-22.792789235999976],[-43.402089836999949,-22.79289960899996],[-43.402567846999943,-22.792903657999943],[-43.402944202999947,-22.792658046999975],[-43.403299093999976,-22.79204072899995],[-43.403507790999981,-22.791415660999974],[-43.403774533999979,-22.791155604999972],[-43.404000160999942,-22.791092090999939],[-43.404257895999933,-22.791120586999966],[-43.404476819999957,-22.791232527999966],[-43.404662941999959,-22.791449358999955],[-43.40467710799993,-22.791670603999933],[-43.404444238999986,-22.792137232999949],[-43.40391242499993,-22.792780133999941],[-43.403623554999967,-22.793325825999943],[-43.40369620599995,-22.793634677999933],[-43.404025224999941,-22.793878457999938],[-43.404410188999975,-22.793589273999942],[-43.404715327999952,-22.793178586999943],[-43.405153433999942,-22.792943427999944],[-43.405637242999944,-22.792491939999934],[-43.406061715999954,-22.791087470999969],[-43.405990505999966,-22.790629842999977],[-43.405693681999935,-22.790211154999952],[-43.405377751999936,-22.790118678999931],[-43.404303372999948,-22.790020509999977],[-43.403921535999984,-22.789663724999969],[-43.403728399999977,-22.789615171999969],[-43.40338849099993,-22.789706537999962],[-43.402923624999971,-22.789993070999969],[-43.402829462999932,-22.790524766999965],[-43.402573386999961,-22.791053722999948]]]]}},
{"type":"Feature","properties":{"OBJECTID":155,"municipio":"SÃO JOÃO DE MERITI","uf":"RJ","processo":"Deslizamento","classe":"Média","obs":null,"fonte":"Produto obtido através da modelagem (ver Nota Técnica Explicativa do projeto) validado por trabalho de campo pela CPRM no ano de 2012 a 2014.","execucao":"SGB-CPRM (2013)","projeto":"Cartas de Suscetibilidade a Movimentos Gravitacionais de Massa e Inundações. Tema: Movimento de massa.","shape_Length":0.039290404502567065,"shape_Area":3.0719263054728413e-05},"geometry":{"type":"MultiPolygon","coordinates":[[[[-43.365776463999964,-22.783367737999981],[-43.365466913999967,-22.783734152999955],[-43.365215508999938,-22.78386162399994],[-43.364966003999939,-22.783512902999973],[-43.364683984999942,-22.783277147999968],[-43.364342097999952,-22.783183182999949],[-43.363898739999968,-22.783203976999971],[-43.363547836999942,-22.783520364999958],[-43.363383736999936,-22.783928832999948],[-43.363473147999969,-22.784287694999932],[-43.364059017999978,-22.78506905699993],[-43.364463171999944,-22.785785957999963],[-43.365195858999982,-22.787439760999973],[-43.365618190999953,-22.787910131999979],[-43.36632302299995,-22.788238883999952],[-43.367161242999941,-22.78826010399996],[-43.368078067999932,-22.788473567999972],[-43.368335030999958,-22.78845236899997],[-43.36913700499997,-22.788187182999934],[-43.369682471999965,-22.788668814999937],[-43.37033142699994,-22.789020228999959],[-43.370705879999946,-22.788969437999981],[-43.371108764999974,-22.788814606999949],[-43.371841772999971,-22.78821710099993],[-43.372294122999961,-22.787978290999945],[-43.372449057999972,-22.787798343999953],[-43.372513821999974,-22.787625066999965],[-43.372442938999939,-22.787486422999962],[-43.371940848999941,-22.78743656499995],[-43.370394733999944,-22.788363832999948],[-43.370040918999962,-22.788378938999983],[-43.369779127999948,-22.788136926999982],[-43.369531303999963,-22.787637933999974],[-43.36933369299993,-22.786874698999952],[-43.368937079999966,-22.786608722999972],[-43.367972080999948,-22.785691657999962],[-43.367227229999969,-22.785307645999978],[-43.367277261999959,-22.785116559999949],[-43.36794957799998,-22.784839073999933],[-43.368237812999951,-22.784888275999947],[-43.368494551999959,-22.785215424999933],[-43.368751618999966,-22.785321006999936],[-43.369240875999935,-22.785301734999962],[-43.369365090999963,-22.785237911999957],[-43.369461835999971,-22.785065136999947],[-43.369486536999943,-22.784696359999941],[-43.369384274999959,-22.784464437999929],[-43.369141400999979,-22.784363945999928],[-43.368674821999946,-22.78437079899993],[-43.368743614999971,-22.78417787099994],[-43.369131902999982,-22.783829673999946],[-43.369324574999951,-22.783218176999981],[-43.369038296999975,-22.78258847799998],[-43.368532223999978,-22.782131653999954],[-43.36887730199993,-22.781533364999973],[-43.368834839999977,-22.781386812999983],[-43.368624584999964,-22.781187799999941],[-43.367943066999942,-22.780974704999949],[-43.367032123999934,-22.780548323999938],[-43.366834258999972,-22.78054200899993],[-43.36664499699998,-22.780640403999939],[-43.366132967999931,-22.781085287999929],[-43.365842210999972,-22.781457256999943],[-43.365852812999947,-22.78189083999996],[-43.366196677999937,-22.78243348899997],[-43.366080579999959,-22.782822176999957],[-43.365776463999964,-22.783367737999981]],[[-43.366902204999974,-22.783967160999964],[-43.367197064999971,-22.783443070999965],[-43.367387942999983,-22.783445555999947],[-43.367523745999961,-22.783727022999983],[-43.367517063999969,-22.784225036999942],[-43.367233112999941,-22.784503402999974],[-43.36681256199995,-22.784605172999932],[-43.366902204999974,-22.783967160999964]]]]}},
{"type":"Feature","properties":{"OBJECTID":156,"municipio":"SÃO JOÃO DE MERITI","uf":"RJ","processo":"Deslizamento","classe":"Média","obs":null,"fonte":"Produto obtido através da modelagem (ver Nota Técnica Explicativa do projeto) validado por trabalho de campo pela CPRM no ano de 2012 a 2014.","execucao":"SGB-CPRM (2013)","projeto":"Cartas de Suscetibilidade a Movimentos Gravitacionais de Massa e Inundações. Tema: Movimento de massa.","shape_Length":0.02801524669185184,"shape_Area":1.2678918467964603e-05},"geometry":{"type":"MultiPolygon","coordinates":[[[[-43.390537403999986,-22.803981799999974],[-43.390659723999931,-22.804230836999977],[-43.390797256999974,-22.804864653999971],[-43.391100188999985,-22.805148422999935],[-43.391503290999935,-22.805311664999977],[-43.391701119999937,-22.805298258999983],[-43.392117467999981,-22.805173711999942],[-43.392524004999984,-22.804914305999944],[-43.39297651499993,-22.804220209999983],[-43.393306548999931,-22.803435858999933],[-43.39326316599994,-22.802498194999941],[-43.393316888999948,-22.801757081999938],[-43.39321726999998,-22.801487916999974],[-43.392636889999949,-22.80080182699993],[-43.392482675999929,-22.799879487999931],[-43.39236184899994,-22.799603478999927],[-43.39181261899995,-22.799485532999938],[-43.391359859999966,-22.799592983999958],[-43.391272529999981,-22.799817206999933],[-43.391446065999958,-22.800637080999934],[-43.391760363999936,-22.801169764999941],[-43.39218614899994,-22.801667144999954],[-43.392534194999939,-22.802665399999967],[-43.392480413999976,-22.803028324999957],[-43.39214803599998,-22.803839130999961],[-43.391926874999967,-22.803997117999927],[-43.39171870499996,-22.803932954999937],[-43.391597717999957,-22.803769293999949],[-43.391547634999938,-22.80352684199994],[-43.391471863999982,-22.801294297999959],[-43.391197982999984,-22.800714752999966],[-43.390490802999977,-22.800011750999943],[-43.390068689999964,-22.798616640999967],[-43.389748145999931,-22.79807911599994],[-43.389557926999942,-22.79800215399996],[-43.38943160499997,-22.798082117999968],[-43.389351857999941,-22.79844650299998],[-43.389316922999967,-22.799502010999959],[-43.389373873999943,-22.79991413099998],[-43.390283144999955,-22.801320111999928],[-43.390655908999975,-22.801695084999949],[-43.390747787999942,-22.801889711999934],[-43.390731466999966,-22.802466139999979],[-43.390458075999959,-22.803174469999931],[-43.390537403999986,-22.803981799999974]]]]}},
{"type":"Feature","properties":{"OBJECTID":158,"municipio":"SÃO JOÃO DE MERITI","uf":"RJ","processo":"Deslizamento","classe":"Baixa","obs":null,"fonte":"Produto obtido através da modelagem (ver Nota Técnica Explicativa do projeto) validado por trabalho de campo pela CPRM no ano de 2012 a 2014.","execucao":"SGB-CPRM (2013)","projeto":"Cartas de Suscetibilidade a Movimentos Gravitacionais de Massa e Inundações. Tema: Movimento de massa.","shape_Length":0.001937649140666678,"shape_Area":2.2677665042430564e-07},"geometry":{"type":"MultiPolygon","coordinates":[[[[-43.364394535999963,-22.766806665999979],[-43.364621126999964,-22.766819932999965],[-43.364781720999986,-22.766738124999961],[-43.364788989999965,-22.766448626999932],[-43.364716854999983,-22.766274582999927],[-43.364228964999938,-22.766279385999951],[-43.364349470999969,-22.766474502999927],[-43.364394535999963,-22.766806665999979]]]]}},
{"type":"Feature","properties":{"OBJECTID":159,"municipio":"SÃO JOÃO DE MERITI","uf":"RJ","processo":"Deslizamento","classe":"Média","obs":null,"fonte":"Produto obtido através da modelagem (ver Nota Técnica Explicativa do projeto) validado por trabalho de campo pela CPRM no ano de 2012 a 2014.","execucao":"SGB-CPRM (2013)","projeto":"Cartas de Suscetibilidade a Movimentos Gravitacionais de Massa e Inundações. Tema: Movimento de massa.","shape_Length":0.022565314250171848,"shape_Area":1.2171332261038272e-05},"geometry":{"type":"MultiPolygon","coordinates":[[[[-43.380233013999941,-22.779455699999971],[-43.379775456999937,-22.779497042999935],[-43.379172138999934,-22.779492601999948],[-43.378900478999981,-22.779777054999954],[-43.37887806699996,-22.780059972999936],[-43.37897677199993,-22.780625310999937],[-43.378947844999971,-22.781122090999929],[-43.378471357999956,-22.78226957499993],[-43.378362587999959,-22.782878494999977],[-43.378410173999953,-22.783901396999966],[-43.37870866399993,-22.784882874999937],[-43.379318029999979,-22.785455211999931],[-43.379736376999972,-22.785394483999937],[-43.380405269999983,-22.785078294999948],[-43.380845811999961,-22.784557936999931],[-43.380920539999977,-22.784015106999959],[-43.380680415999961,-22.783377191999932],[-43.380703067999946,-22.78298171299997],[-43.380839539999954,-22.782739550999963],[-43.381440717999965,-22.782119550999937],[-43.381550421999975,-22.781652453999982],[-43.381563590999974,-22.780703948999928],[-43.381426028999954,-22.780377955999938],[-43.381185638999966,-22.780157738999947],[-43.380718243999979,-22.779905957999972],[-43.380233013999941,-22.779455699999971]],[[-43.379492595999977,-22.783516374999977],[-43.379502765999973,-22.782355395999957],[-43.379671648999931,-22.781924249999975],[-43.379829413999971,-22.781179171999952],[-43.379977896999947,-22.780973074999963],[-43.380128954999975,-22.780899947999956],[-43.380388765999953,-22.781144212999948],[-43.380448326999954,-22.781533795999962],[-43.379905184999984,-22.782803410999975],[-43.379822108999974,-22.783860874999959],[-43.379742710999949,-22.784110115999965],[-43.37961157899997,-22.784186800999976],[-43.379492595999977,-22.783516374999977]]]]}},
{"type":"Feature","properties":{"OBJECTID":160,"municipio":"SÃO JOÃO DE MERITI","uf":"RJ","processo":"Deslizamento","classe":"Média","obs":null,"fonte":"Produto obtido através da modelagem (ver Nota Técnica Explicativa do projeto) validado por trabalho de campo pela CPRM no ano de 2012 a 2014.","execucao":"SGB-CPRM (2013)","projeto":"Cartas de Suscetibilidade a Movimentos Gravitacionais de Massa e Inundações. Tema: Movimento de massa.","shape_Length":0.025856142546097832,"shape_Area":1.3092831219554752e-05},"geometry":{"type":"MultiPolygon","coordinates":[[[[-43.390503674999934,-22.812775048999981],[-43.391623651999964,-22.811541959999943],[-43.391446500999962,-22.811404423999932],[-43.391144512999972,-22.811344800999962],[-43.391007818999981,-22.811222750999946],[-43.390892832999953,-22.810992273999943],[-43.390931429999966,-22.810718090999956],[-43.391333725999971,-22.810718244999975],[-43.392026484999974,-22.810409010999933],[-43.392483980999941,-22.810594720999973],[-43.394409185999962,-22.808474966999938],[-43.393918812999971,-22.808130656999936],[-43.393929417999971,-22.807950288999962],[-43.394252796999979,-22.807468184999948],[-43.394239069999969,-22.807316732999936],[-43.39410960999993,-22.807206189999931],[-43.393913161999933,-22.807192941999972],[-43.393715111999938,-22.807274479999933],[-43.39324688499994,-22.807825976999936],[-43.392993769999975,-22.807913696999947],[-43.392773668999951,-22.807855328999949],[-43.392585756999949,-22.807693523999944],[-43.39229163899995,-22.807093836999968],[-43.392090408999934,-22.806954064999957],[-43.391792297999984,-22.80702919099997],[-43.391535673999954,-22.807567420999931],[-43.391338573999974,-22.807607903999951],[-43.391243002999943,-22.807467191999933],[-43.391106426999954,-22.806842941999946],[-43.390947607999976,-22.806726710999953],[-43.390671005999934,-22.806787115999953],[-43.389917993999973,-22.807330793999938],[-43.389764385999968,-22.807583902999966],[-43.389748248999979,-22.807801173999962],[-43.389842193999982,-22.809182092999947],[-43.390046852999944,-22.809674357999938],[-43.390067184999964,-22.809903263999956],[-43.390011783999967,-22.81021485399998],[-43.389805060999947,-22.81066042599997],[-43.389802262999979,-22.811073653999983],[-43.390361102999975,-22.812273171999948],[-43.390503674999934,-22.812775048999981]],[[-43.391201052999975,-22.809902941999951],[-43.39118654899994,-22.809212306999939],[-43.391241306999973,-22.809065977999978],[-43.391413316999945,-22.808959315999971],[-43.392489223999974,-22.808934595999972],[-43.392781534999983,-22.809055933999957],[-43.392979372999946,-22.809302991999971],[-43.392950258999974,-22.80958570599995],[-43.392622294999967,-22.809864920999928],[-43.392171362999932,-22.809924605999981],[-43.391201052999975,-22.809902941999951]]]]}},
{"type":"Feature","properties":{"OBJECTID":161,"municipio":"SÃO JOÃO DE MERITI","uf":"RJ","processo":"Deslizamento","classe":"Alta","obs":null,"fonte":"Produto obtido através da modelagem (ver Nota Técnica Explicativa do projeto) validado por trabalho de campo pela CPRM no ano de 2012 a 2014.","execucao":"SGB-CPRM (2013)","projeto":"Cartas de Suscetibilidade a Movimentos Gravitacionais de Massa e Inundações. Tema: Movimento de massa.","shape_Length":0.0036679101007893768,"shape_Area":6.8170688321329291e-07},"geometry":{"type":"MultiPolygon","coordinates":[[[[-43.342782703999944,-22.78431851299996],[-43.34362529699996,-22.785178875999975],[-43.34383842099993,-22.785046302999945],[-43.343881708999959,-22.78469188899993],[-43.343806941999958,-22.78455108199995],[-43.34313567199996,-22.784046444999944],[-43.342878720999977,-22.78397672899996],[-43.342633730999978,-22.784009569999967],[-43.342782703999944,-22.78431851299996]]]]}},
{"type":"Feature","properties":{"OBJECTID":162,"municipio":"SÃO JOÃO DE MERITI","uf":"RJ","processo":"Deslizamento","classe":"Média","obs":null,"fonte":"Produto obtido através da modelagem (ver Nota Técnica Explicativa do projeto) validado por trabalho de campo pela CPRM no ano de 2012 a 2014.","execucao":"SGB-CPRM (2013)","projeto":"Cartas de Suscetibilidade a Movimentos Gravitacionais de Massa e Inundações. Tema: Movimento de massa.","shape_Length":0.018086433024423483,"shape_Area":6.8139745077160362e-06},"geometry":{"type":"MultiPolygon","coordinates":[[[[-43.377027258999931,-22.790297944999963],[-43.376777596999943,-22.790336657999944],[-43.375955932999943,-22.790319732999933],[-43.375679527999978,-22.790474187999962],[-43.375526866999962,-22.79071003699994],[-43.375507438999932,-22.791094646999966],[-43.375632634999931,-22.791570889999946],[-43.375822441999958,-22.791921137999964],[-43.376137145999962,-22.792263240999944],[-43.376458597999942,-22.792515571999957],[-43.376858349999964,-22.792476299999976],[-43.377717767999968,-22.792082108999978],[-43.378377525999952,-22.791943740999955],[-43.378620372999933,-22.791803006999942],[-43.378696869999942,-22.791522483999927],[-43.378486971999962,-22.791314475999968],[-43.377891043999966,-22.791282305999971],[-43.377095707999956,-22.791462593999938],[-43.37685308999994,-22.79138540699995],[-43.376825752999935,-22.791267257999948],[-43.377769654999952,-22.790700428999969],[-43.378091755999947,-22.790376187999982],[-43.37843023399995,-22.789488066999979],[-43.378560032999985,-22.78882187399995],[-43.378868546999968,-22.788006096999936],[-43.379323676999945,-22.787305483999944],[-43.379332727999952,-22.787087604999954],[-43.379249039999934,-22.786956076999957],[-43.379086126999937,-22.786935676999974],[-43.378875173999973,-22.787081837999949],[-43.37842987199997,-22.787570006999943],[-43.378116,-22.78805074099995],[-43.377789685999971,-22.788942858999974],[-43.377677768999945,-22.789788131999956],[-43.377588275999983,-22.789991540999949],[-43.377027258999931,-22.790297944999963]]]]}},
{"type":"Feature","properties":{"OBJECTID":166,"municipio":"SÃO JOÃO DE MERITI","uf":"RJ","processo":"Deslizamento","classe":"Média","obs":null,"fonte":"Produto obtido através da modelagem (ver Nota Técnica Explicativa do projeto) validado por trabalho de campo pela CPRM no ano de 2012 a 2014.","execucao":"SGB-CPRM (2013)","projeto":"Cartas de Suscetibilidade a Movimentos Gravitacionais de Massa e Inundações. Tema: Movimento de massa.","shape_Length":0.0053754020350512566,"shape_Area":1.44805193850014e-06},"geometry":{"type":"MultiPolygon","coordinates":[[[[-43.365548098999966,-22.772805600999959],[-43.365782713999977,-22.77294449599998],[-43.365901,-22.772847764999938],[-43.366024592999963,-22.772578224999961],[-43.36608578299996,-22.772095698999976],[-43.365853326999968,-22.771524804999956],[-43.36573543399993,-22.770721284999979],[-43.365559390999977,-22.770558046999952],[-43.365379393999945,-22.770707512999934],[-43.36509631399997,-22.771306329999959],[-43.365076353999939,-22.771492313999943],[-43.365245582999933,-22.77192845899998],[-43.365382970999974,-22.772590029999947],[-43.365548098999966,-22.772805600999959]]]]}},
{"type":"Feature","properties":{"OBJECTID":167,"municipio":"SÃO JOÃO DE MERITI","uf":"RJ","processo":"Deslizamento","classe":"Média","obs":null,"fonte":"Produto obtido através da modelagem (ver Nota Técnica Explicativa do projeto) validado por trabalho de campo pela CPRM no ano de 2012 a 2014.","execucao":"SGB-CPRM (2013)","projeto":"Cartas de Suscetibilidade a Movimentos Gravitacionais de Massa e Inundações. Tema: Movimento de massa.","shape_Length":0.031711570710950744,"shape_Area":1.6211355477373504e-05},"geometry":{"type":"MultiPolygon","coordinates":[[[[-43.394507469999951,-22.800923529999977],[-43.395166784999958,-22.801865364999969],[-43.39566008099996,-22.802381689999947],[-43.395865246999961,-22.802780196999947],[-43.396808670999974,-22.802702101999955],[-43.397137916999952,-22.802607581999951],[-43.397402713999952,-22.802297998999961],[-43.397755606999965,-22.801465506999932],[-43.398224798999934,-22.800615810999943],[-43.398455188999947,-22.799932073999969],[-43.398899301999961,-22.799357062999945],[-43.39906472399997,-22.798841879999941],[-43.399360488999946,-22.798268708999956],[-43.399337448999972,-22.797912888999974],[-43.399195946999953,-22.797820851999973],[-43.399018884999975,-22.797830985999951],[-43.398852954999938,-22.797966874999929],[-43.398373174999961,-22.798724557999947],[-43.398007047999954,-22.798838977999935],[-43.397501339999963,-22.798754578999933],[-43.396798057999945,-22.798350091999964],[-43.396591808999972,-22.798386409999978],[-43.396604296999953,-22.798597196999935],[-43.396835172999943,-22.79904086199997],[-43.397197899999981,-22.799498866999954],[-43.397233352999933,-22.799707410999929],[-43.396827325999936,-22.800325227999963],[-43.396599439999932,-22.800848464999945],[-43.39642706799998,-22.801009017999945],[-43.396305649999931,-22.800993165999955],[-43.396020461999967,-22.800499234999961],[-43.395893679999972,-22.799295632999929],[-43.395432741999969,-22.798081986999932],[-43.395383725999977,-22.797487184999966],[-43.39546321499995,-22.796890779999956],[-43.395945351999956,-22.795904296999936],[-43.396091321999961,-22.794456354999966],[-43.396276862999969,-22.794195418999948],[-43.396741276999933,-22.793882516999929],[-43.396731185999954,-22.793789495999931],[-43.396640525999942,-22.793750817999978],[-43.396245943999929,-22.793832152999983],[-43.395877677999977,-22.794139471999927],[-43.395352490999983,-22.794869706999975],[-43.395125517999929,-22.795566758999939],[-43.394624893999946,-22.795895107999968],[-43.394456681999941,-22.796163306999972],[-43.394608661999939,-22.797062082999958],[-43.394374870999968,-22.798091197999952],[-43.394591245999948,-22.798667716999944],[-43.394689481999933,-22.799260458999981],[-43.394623489999958,-22.799765672999968],[-43.394334779999951,-22.800411554999982],[-43.394370246999983,-22.800708806999978],[-43.394507469999951,-22.800923529999977]]]]}},
{"type":"Feature","properties":{"OBJECTID":168,"municipio":"SÃO JOÃO DE MERITI","uf":"RJ","processo":"Deslizamento","classe":"Média","obs":null,"fonte":"Produto obtido através da modelagem (ver Nota Técnica Explicativa do projeto) validado por trabalho de campo pela CPRM no ano de 2012 a 2014.","execucao":"SGB-CPRM (2013)","projeto":"Cartas de Suscetibilidade a Movimentos Gravitacionais de Massa e Inundações. Tema: Movimento de massa.","shape_Length":0.010915695933095533,"shape_Area":5.5965517712152865e-06},"geometry":{"type":"MultiPolygon","coordinates":[[[[-43.370733818999952,-22.797317946999954],[-43.371117285999958,-22.797447152999951],[-43.371509353999954,-22.797362264999947],[-43.37169264399995,-22.797423480999953],[-43.371732118999944,-22.797594054999934],[-43.371641505999946,-22.797873962999972],[-43.371050806999961,-22.798408865999932],[-43.370995013999959,-22.798687394999945],[-43.371096031999969,-22.798906264999971],[-43.371258968999939,-22.799036026999943],[-43.371654153999941,-22.799285072999965],[-43.371826284999941,-22.799234213999966],[-43.372291716999939,-22.79895477499997],[-43.372628685999985,-22.79862600499996],[-43.373164455999984,-22.797681162999936],[-43.37330536199994,-22.797223646999953],[-43.373295773999985,-22.796285723999972],[-43.373148162999939,-22.796109289999947],[-43.372762364999971,-22.795903572999975],[-43.372537924999961,-22.795833561999927],[-43.372341993999953,-22.79585928299997],[-43.371122251999964,-22.796707660999971],[-43.370497334999982,-22.796958329999939],[-43.370487521999962,-22.797160771999927],[-43.370733818999952,-22.797317946999954]]]]}},
{"type":"Feature","properties":{"OBJECTID":169,"municipio":"SÃO JOÃO DE MERITI","uf":"RJ","processo":"Deslizamento","classe":"Baixa","obs":null,"fonte":"Produto obtido através da modelagem (ver Nota Técnica Explicativa do projeto) validado por trabalho de campo pela CPRM no ano de 2012 a 2014.","execucao":"SGB-CPRM (2013)","projeto":"Cartas de Suscetibilidade a Movimentos Gravitacionais de Massa e Inundações. Tema: Movimento de massa.","shape_Length":0.0022136844167884497,"shape_Area":2.3397094826847085e-07},"geometry":{"type":"MultiPolygon","coordinates":[[[[-43.378795841999931,-22.768717834999961],[-43.379073267999956,-22.769188122999935],[-43.379298415999983,-22.769141017999971],[-43.379172104999952,-22.768934404999982],[-43.379084082999952,-22.76839100199993],[-43.378935257999956,-22.768307714999935],[-43.378796234999982,-22.768425775999958],[-43.378795841999931,-22.768717834999961]]]]}},
{"type":"Feature","properties":{"OBJECTID":173,"municipio":"SÃO JOÃO DE MERITI","uf":"RJ","processo":"Deslizamento","classe":"Baixa","obs":null,"fonte":"Produto obtido através da modelagem (ver Nota Técnica Explicativa do projeto) validado por trabalho de campo pela CPRM no ano de 2012 a 2014.","execucao":"SGB-CPRM (2013)","projeto":"Cartas de Suscetibilidade a Movimentos Gravitacionais de Massa e Inundações. Tema: Movimento de massa.","shape_Length":0.0031707846270031892,"shape_Area":3.0459505091812194e-07},"geometry":{"type":"MultiPolygon","coordinates":[[[[-43.34421292199994,-22.795142923999947],[-43.344999571999949,-22.796068201999958],[-43.345047360999956,-22.795936901999937],[-43.34499386799996,-22.795743310999967],[-43.344571038999959,-22.795246772999974],[-43.344438202999982,-22.794816597999954],[-43.344342243999961,-22.794784605999951],[-43.344199423999953,-22.794948887999965],[-43.34421292199994,-22.795142923999947]]]]}},
{"type":"Feature","properties":{"OBJECTID":176,"municipio":"SÃO JOÃO DE MERITI","uf":"RJ","processo":"Deslizamento","classe":"Média","obs":null,"fonte":"Produto obtido através da modelagem (ver Nota Técnica Explicativa do projeto) validado por trabalho de campo pela CPRM no ano de 2012 a 2014.","execucao":"SGB-CPRM (2013)","projeto":"Cartas de Suscetibilidade a Movimentos Gravitacionais de Massa e Inundações. Tema: Movimento de massa.","shape_Length":0.02200490986737658,"shape_Area":1.6816872324598734e-05},"geometry":{"type":"MultiPolygon","coordinates":[[[[-43.335361095999986,-22.761180225999965],[-43.335090926999953,-22.761423367999953],[-43.334932644999981,-22.761765124999954],[-43.334979515999976,-22.762052256999937],[-43.335235006999937,-22.76254036499995],[-43.335587282999938,-22.762869917999978],[-43.336331479999956,-22.76310990199994],[-43.336548352999955,-22.763368838999952],[-43.336457091999932,-22.763489552999943],[-43.335870642999964,-22.76366077199998],[-43.335556126999961,-22.763938457999927],[-43.335472323999966,-22.764458599999955],[-43.335551221999935,-22.764648431999944],[-43.335701682999968,-22.764756097999964],[-43.33589603799993,-22.764749962999929],[-43.336592975999963,-22.764504218999946],[-43.337622562999968,-22.764915720999966],[-43.338604934999978,-22.765439028999936],[-43.339304843999969,-22.765418920999934],[-43.33953431499998,-22.765412328999957],[-43.339730290999967,-22.765304210999943],[-43.339856920999978,-22.76512439399994],[-43.340169959999969,-22.764264426999944],[-43.340941566999959,-22.763514188999977],[-43.340930810999964,-22.763250467999967],[-43.340755213999955,-22.762945334999927],[-43.339432224999939,-22.762207167999975],[-43.339304843999969,-22.761980745999949],[-43.338969722999934,-22.761385060999942],[-43.338760399999956,-22.761188775999983],[-43.338259258999983,-22.761139525999965],[-43.337520311999981,-22.761210272999961],[-43.336503954999955,-22.760961431999931],[-43.335361095999986,-22.761180225999965]],[[-43.336716434999971,-22.762597948999939],[-43.336464380999985,-22.762318343999937],[-43.336450569999954,-22.762172514999975],[-43.336939357999938,-22.76210657699994],[-43.337444656999935,-22.762216622999972],[-43.337590488999979,-22.762417382999956],[-43.337668048999944,-22.762734160999969],[-43.33763253099994,-22.762957898999957],[-43.337465474999931,-22.763033940999946],[-43.336716434999971,-22.762597948999939]]]]}},
{"type":"Feature","properties":{"OBJECTID":177,"municipio":"SÃO JOÃO DE MERITI","uf":"RJ","processo":"Deslizamento","classe":"Média","obs":null,"fonte":"Produto obtido através da modelagem (ver Nota Técnica Explicativa do projeto) validado por trabalho de campo pela CPRM no ano de 2012 a 2014.","execucao":"SGB-CPRM (2013)","projeto":"Cartas de Suscetibilidade a Movimentos Gravitacionais de Massa e Inundações. Tema: Movimento de massa.","shape_Length":0.01348666333255274,"shape_Area":1.1061000134438572e-05},"geometry":{"type":"MultiPolygon","coordinates":[[[[-43.349029123999969,-22.796234410999944],[-43.34994715299996,-22.796432669999945],[-43.350419151999972,-22.796126005999952],[-43.35058655399996,-22.795857607999949],[-43.350504967999939,-22.795440803999952],[-43.350090177999959,-22.79516315099994],[-43.350096577999977,-22.795012876999976],[-43.350362305999965,-22.794788307999966],[-43.350987166999971,-22.794615234999981],[-43.351155812999934,-22.794402115999958],[-43.35115348599993,-22.794127131999971],[-43.350860033999936,-22.793271022999932],[-43.350507991999962,-22.792917535999948],[-43.349710289999962,-22.792650453999954],[-43.349302717999933,-22.792633789999968],[-43.348790502999975,-22.792773169999975],[-43.348245302999942,-22.792822651999927],[-43.347507114999985,-22.792832189999956],[-43.347132061999957,-22.792996122999966],[-43.346998578999944,-22.793181594999965],[-43.346866496999951,-22.793596974999957],[-43.346922211999981,-22.794006517999946],[-43.347729594999976,-22.795137444999966],[-43.348104556999942,-22.79552665999995],[-43.349029123999969,-22.796234410999944]]]]}},
{"type":"Feature","properties":{"OBJECTID":178,"municipio":"SÃO JOÃO DE MERITI","uf":"RJ","processo":"Deslizamento","classe":"Média","obs":null,"fonte":"Produto obtido através da modelagem (ver Nota Técnica Explicativa do projeto) validado por trabalho de campo pela CPRM no ano de 2012 a 2014.","execucao":"SGB-CPRM (2013)","projeto":"Cartas de Suscetibilidade a Movimentos Gravitacionais de Massa e Inundações. Tema: Movimento de massa.","shape_Length":0.0037014741598300218,"shape_Area":7.8478086203749256e-07},"geometry":{"type":"MultiPolygon","coordinates":[[[[-43.366320862999942,-22.77186034999994],[-43.366612298999939,-22.772171730999958],[-43.366841955999973,-22.771956318999969],[-43.366926776999946,-22.771658565999928],[-43.366659958999946,-22.770717838999929],[-43.366437538999946,-22.770560621999948],[-43.366309288999958,-22.770662890999972],[-43.366244288999951,-22.770856569999978],[-43.366192479999938,-22.77156004099993],[-43.366320862999942,-22.77186034999994]]]]}},
{"type":"Feature","properties":{"OBJECTID":182,"municipio":"SÃO JOÃO DE MERITI","uf":"RJ","processo":"Deslizamento","classe":"Média","obs":null,"fonte":"Produto obtido através da modelagem (ver Nota Técnica Explicativa do projeto) validado por trabalho de campo pela CPRM no ano de 2012 a 2014.","execucao":"SGB-CPRM (2013)","projeto":"Cartas de Suscetibilidade a Movimentos Gravitacionais de Massa e Inundações. Tema: Movimento de massa.","shape_Length":0.01584386137099339,"shape_Area":9.9235764904760802e-06},"geometry":{"type":"MultiPolygon","coordinates":[[[[-43.379899057999978,-22.771578505999969],[-43.379108354999971,-22.772307712999975],[-43.378830591999986,-22.77281942299993],[-43.378854944999944,-22.773050671999954],[-43.378992925999967,-22.773327913999935],[-43.379237726999975,-22.773580549999963],[-43.379553554999973,-22.773762264999959],[-43.379990169999985,-22.773679369999968],[-43.380720002999965,-22.773235165999949],[-43.381012050999971,-22.773209423999958],[-43.381492818999959,-22.773306039999966],[-43.382010980999951,-22.773107166999978],[-43.383358901999941,-22.771732655999983],[-43.383454155999971,-22.770985146999976],[-43.383395012999983,-22.770308980999971],[-43.382922729999962,-22.769792927999958],[-43.382670229999974,-22.769694111999968],[-43.382461021999973,-22.769719075999944],[-43.382182383999975,-22.769908000999976],[-43.381715270999962,-22.770411019999983],[-43.380769248999968,-22.77101849099995],[-43.380374914999948,-22.771196284999974],[-43.379899057999978,-22.771578505999969]],[[-43.381162358999973,-22.772138226999971],[-43.381770275999941,-22.771619933999943],[-43.381949242999951,-22.771610679999981],[-43.382040511999946,-22.771682023999972],[-43.382055480999952,-22.771960671999977],[-43.381953443999976,-22.772149791999936],[-43.38108155499998,-22.772197320999965],[-43.381162358999973,-22.772138226999971]]]]}},
{"type":"Feature","properties":{"OBJECTID":183,"municipio":"SÃO JOÃO DE MERITI","uf":"RJ","processo":"Deslizamento","classe":"Alta","obs":null,"fonte":"Produto obtido através da modelagem (ver Nota Técnica Explicativa do projeto) validado por trabalho de campo pela CPRM no ano de 2012 a 2014.","execucao":"SGB-CPRM (2013)","projeto":"Cartas de Suscetibilidade a Movimentos Gravitacionais de Massa e Inundações. Tema: Movimento de massa.","shape_Length":0.0027514482132979089,"shape_Area":4.1234213767423968e-07},"geometry":{"type":"MultiPolygon","coordinates":[[[[-43.356617584999981,-22.782785075999982],[-43.357179819999942,-22.783323995999979],[-43.35727237499998,-22.783081090999929],[-43.357207805999963,-22.782804945999942],[-43.356896230999951,-22.782299279999961],[-43.356640220999964,-22.78223793899997],[-43.356554560999939,-22.78241735499995],[-43.356617584999981,-22.782785075999982]]]]}},
{"type":"Feature","properties":{"OBJECTID":186,"municipio":"SÃO JOÃO DE MERITI","uf":"RJ","processo":"Deslizamento","classe":"Alta","obs":null,"fonte":"Produto obtido através da modelagem (ver Nota Técnica Explicativa do projeto) validado por trabalho de campo pela CPRM no ano de 2012 a 2014.","execucao":"SGB-CPRM (2013)","projeto":"Cartas de Suscetibilidade a Movimentos Gravitacionais de Massa e Inundações. Tema: Movimento de massa.","shape_Length":0.0036607388277941698,"shape_Area":7.8663486984479633e-07},"geometry":{"type":"MultiPolygon","coordinates":[[[[-43.355856256999971,-22.781441119999954],[-43.356026519999944,-22.781775251999932],[-43.356591176999984,-22.781706720999978],[-43.35672706899993,-22.781623114999945],[-43.356787500999985,-22.781458168999961],[-43.356400964999978,-22.781007308999961],[-43.35613154999993,-22.780546062999974],[-43.355977181999947,-22.78043949399995],[-43.355844573999946,-22.78057102899993],[-43.355787585999963,-22.781029889999957],[-43.355856256999971,-22.781441119999954]]]]}},
{"type":"Feature","properties":{"OBJECTID":188,"municipio":"SÃO JOÃO DE MERITI","uf":"RJ","processo":"Deslizamento","classe":"Média","obs":null,"fonte":"Produto obtido através da modelagem (ver Nota Técnica Explicativa do projeto) validado por trabalho de campo pela CPRM no ano de 2012 a 2014.","execucao":"SGB-CPRM (2013)","projeto":"Cartas de Suscetibilidade a Movimentos Gravitacionais de Massa e Inundações. Tema: Movimento de massa.","shape_Length":0.0020166659664711613,"shape_Area":2.2271673988681502e-07},"geometry":{"type":"MultiPolygon","coordinates":[[[[-43.390507268999954,-22.79203227499994],[-43.390538011999979,-22.792116419999957],[-43.390628919999983,-22.792053186999965],[-43.390794602999961,-22.791743145999931],[-43.390765133999935,-22.791364743999964],[-43.390634448999947,-22.791239760999929],[-43.390525053999966,-22.79126055699993],[-43.390466672999935,-22.791384626999957],[-43.390440401999967,-22.79173026899997],[-43.390507268999954,-22.79203227499994]]]]}},
{"type":"Feature","properties":{"OBJECTID":190,"municipio":"SÃO JOÃO DE MERITI","uf":"RJ","processo":"Deslizamento","classe":"Baixa","obs":null,"fonte":"Produto obtido através da modelagem (ver Nota Técnica Explicativa do projeto) validado por trabalho de campo pela CPRM no ano de 2012 a 2014.","execucao":"SGB-CPRM (2013)","projeto":"Cartas de Suscetibilidade a Movimentos Gravitacionais de Massa e Inundações. Tema: Movimento de massa.","shape_Length":0.0070942498080780328,"shape_Area":1.490793108037168e-06},"geometry":{"type":"MultiPolygon","coordinates":[[[[-43.379492595999977,-22.783516374999977],[-43.37961157899997,-22.784186800999976],[-43.379742710999949,-22.784110115999965],[-43.379822108999974,-22.783860874999959],[-43.379905184999984,-22.782803410999975],[-43.380448326999954,-22.781533795999962],[-43.380388765999953,-22.781144212999948],[-43.380128954999975,-22.780899947999956],[-43.379977896999947,-22.780973074999963],[-43.379829413999971,-22.781179171999952],[-43.379671648999931,-22.781924249999975],[-43.379502765999973,-22.782355395999957],[-43.379492595999977,-22.783516374999977]]]]}},
{"type":"Feature","properties":{"OBJECTID":191,"municipio":"SÃO JOÃO DE MERITI","uf":"RJ","processo":"Deslizamento","classe":"Alta","obs":null,"fonte":"Produto obtido através da modelagem (ver Nota Técnica Explicativa do projeto) validado por trabalho de campo pela CPRM no ano de 2012 a 2014.","execucao":"SGB-CPRM (2013)","projeto":"Cartas de Suscetibilidade a Movimentos Gravitacionais de Massa e Inundações. Tema: Movimento de massa.","shape_Length":0.018738783496580036,"shape_Area":7.6376814349089425e-06},"geometry":{"type":"MultiPolygon","coordinates":[[[[-43.353981283999985,-22.782325389999983],[-43.353911386999982,-22.782330718999958],[-43.353681120999966,-22.782086457999981],[-43.35321653099993,-22.78215563599997],[-43.352404895999939,-22.781794390999949],[-43.352239658999963,-22.781839399999967],[-43.352174659999946,-22.781996865999929],[-43.352249728999936,-22.782381975999954],[-43.35262950799995,-22.782732958999929],[-43.352929142999983,-22.782802372999981],[-43.353410433999954,-22.782700593999948],[-43.353578426999945,-22.782744229999935],[-43.35414855199997,-22.783917360999965],[-43.354452082999956,-22.784268705999978],[-43.354661907999969,-22.784366484999964],[-43.35502384199998,-22.784396361999939],[-43.355871821999983,-22.784238228999982],[-43.355971458999932,-22.78442311799995],[-43.356061206999982,-22.785130801999969],[-43.356339868999953,-22.785522165999964],[-43.357189514999959,-22.786088478999943],[-43.357864438999968,-22.786301597999966],[-43.358557618999953,-22.786687898999958],[-43.35869678499995,-22.786640783999928],[-43.358695299999965,-22.786523770999963],[-43.358553272999984,-22.786333483999954],[-43.357868864999944,-22.785906934999957],[-43.356967209999937,-22.784949883999957],[-43.356083029999979,-22.783425530999978],[-43.355702494999946,-22.783028684999977],[-43.355218994999973,-22.782271838999975],[-43.354933011999947,-22.781955207999943],[-43.354609355999969,-22.781737340999939],[-43.354400559999931,-22.781737595999971],[-43.354168924999954,-22.781924988999947],[-43.353981283999985,-22.782325389999983]]]]}},
{"type":"Feature","properties":{"OBJECTID":192,"municipio":"SÃO JOÃO DE MERITI","uf":"RJ","processo":"Deslizamento","classe":"Média","obs":null,"fonte":"Produto obtido através da modelagem (ver Nota Técnica Explicativa do projeto) validado por trabalho de campo pela CPRM no ano de 2012 a 2014.","execucao":"SGB-CPRM (2013)","projeto":"Cartas de Suscetibilidade a Movimentos Gravitacionais de Massa e Inundações. Tema: Movimento de massa.","shape_Length":0.019280793167942525,"shape_Area":1.3838710693754042e-05},"geometry":{"type":"MultiPolygon","coordinates":[[[[-43.337108599999965,-22.796146046999979],[-43.33711524499995,-22.796749858999931],[-43.337210142999936,-22.797112740999978],[-43.337719943999957,-22.797842819999971],[-43.338011757999936,-22.798524445999931],[-43.338432379999972,-22.799130137999953],[-43.33870471299997,-22.799746442999947],[-43.339304843999969,-22.799745955999981],[-43.339877595999951,-22.799745490999953],[-43.340166794999959,-22.799648902999934],[-43.340429290999964,-22.79943045899995],[-43.340834794999978,-22.798698351999974],[-43.340895651999972,-22.797688053999934],[-43.340765928999986,-22.796277921999945],[-43.340580987999942,-22.795399847999931],[-43.340435406999973,-22.79516388299993],[-43.340129588999957,-22.794948655999974],[-43.339304843999969,-22.794779645999938],[-43.339173763999952,-22.794752784999957],[-43.338411347999966,-22.794754331999968],[-43.337730382999951,-22.794880889999945],[-43.337487021999948,-22.795023211999933],[-43.337208299999929,-22.79550009299993],[-43.337108599999965,-22.796146046999979]],[[-43.339304843999969,-22.798030293999943],[-43.339117415999965,-22.797749600999964],[-43.338684339999929,-22.796506430999955],[-43.338728310999954,-22.796346783999979],[-43.33892594699995,-22.796202893999975],[-43.339192048999962,-22.796238581999944],[-43.339304843999969,-22.796354053999949],[-43.339439933999984,-22.796492349999937],[-43.339608419999934,-22.797297319999927],[-43.339752310999984,-22.797645250999949],[-43.339646989999949,-22.798030399999959],[-43.339377673999934,-22.79813936499994],[-43.339304843999969,-22.798030293999943]]]]}},
{"type":"Feature","properties":{"OBJECTID":193,"municipio":"SÃO JOÃO DE MERITI","uf":"RJ","processo":"Deslizamento","classe":"Baixa","obs":null,"fonte":"Produto obtido através da modelagem (ver Nota Técnica Explicativa do projeto) validado por trabalho de campo pela CPRM no ano de 2012 a 2014.","execucao":"SGB-CPRM (2013)","projeto":"Cartas de Suscetibilidade a Movimentos Gravitacionais de Massa e Inundações. Tema: Movimento de massa.","shape_Length":0.0035590745508393409,"shape_Area":4.0801824125308719e-07},"geometry":{"type":"MultiPolygon","coordinates":[[[[-43.338724430999946,-22.780166347999966],[-43.337832047999939,-22.781009500999971],[-43.338092647999986,-22.780944317999968],[-43.339047668999967,-22.780444846999956],[-43.339255629999968,-22.780271214999971],[-43.339286597999944,-22.780143364999958],[-43.33905157099997,-22.780078518999971],[-43.338724430999946,-22.780166347999966]]]]}},
{"type":"Feature","properties":{"OBJECTID":194,"municipio":"SÃO JOÃO DE MERITI","uf":"RJ","processo":"Deslizamento","classe":"Baixa","obs":null,"fonte":"Produto obtido através da modelagem (ver Nota Técnica Explicativa do projeto) validado por trabalho de campo pela CPRM no ano de 2012 a 2014.","execucao":"SGB-CPRM (2013)","projeto":"Cartas de Suscetibilidade a Movimentos Gravitacionais de Massa e Inundações. Tema: Movimento de massa.","shape_Length":0.0033386895411139854,"shape_Area":3.1943184300648135e-07},"geometry":{"type":"MultiPolygon","coordinates":[[[[-43.360089144999961,-22.787438852999969],[-43.360926038999935,-22.788283642999943],[-43.360908091999931,-22.788114728999972],[-43.360504773999935,-22.787566241999968],[-43.360363107999945,-22.787159001999953],[-43.360211637999953,-22.78698679699994],[-43.360086270999943,-22.786951357999953],[-43.360017117999973,-22.787148512999977],[-43.360089144999961,-22.787438852999969]]]]}},
{"type":"Feature","properties":{"OBJECTID":196,"municipio":"SÃO JOÃO DE MERITI","uf":"RJ","processo":"Deslizamento","classe":"Média","obs":null,"fonte":"Produto obtido através da modelagem (ver Nota Técnica Explicativa do projeto) validado por trabalho de campo pela CPRM no ano de 2012 a 2014.","execucao":"SGB-CPRM (2013)","projeto":"Cartas de Suscetibilidade a Movimentos Gravitacionais de Massa e Inundações. Tema: Movimento de massa.","shape_Length":0.0079127046144563604,"shape_Area":3.7717778594858067e-06},"geometry":{"type":"MultiPolygon","coordinates":[[[[-43.354342797999948,-22.787181541999928],[-43.354361245999939,-22.787622358999954],[-43.354675242999974,-22.788051571999972],[-43.355089533999944,-22.788379820999978],[-43.355951450999953,-22.788783357999932],[-43.35649922999994,-22.788357172999952],[-43.356821497999931,-22.787805370999934],[-43.356829243999982,-22.787476246999972],[-43.356704784999977,-22.787211707999973],[-43.356504694999956,-22.787074638999968],[-43.356307221999941,-22.787044420999962],[-43.355742176999968,-22.787250932999939],[-43.355533368999943,-22.786588902999938],[-43.355260787999953,-22.786364498999944],[-43.35495478799993,-22.786342054999977],[-43.354686223999977,-22.786433498999941],[-43.354342797999948,-22.787181541999928]]]]}},
{"type":"Feature","properties":{"OBJECTID":197,"municipio":"SÃO JOÃO DE MERITI","uf":"RJ","processo":"Deslizamento","classe":"Média","obs":null,"fonte":"Produto obtido através da modelagem (ver Nota Técnica Explicativa do projeto) validado por trabalho de campo pela CPRM no ano de 2012 a 2014.","execucao":"SGB-CPRM (2013)","projeto":"Cartas de Suscetibilidade a Movimentos Gravitacionais de Massa e Inundações. Tema: Movimento de massa.","shape_Length":0.0096021507523274784,"shape_Area":4.8875907187515512e-06},"geometry":{"type":"MultiPolygon","coordinates":[[[[-43.35139557399998,-22.790144058999942],[-43.351260430999957,-22.790230422999969],[-43.350956211999971,-22.790189358999953],[-43.350671132999935,-22.790240648999941],[-43.35048459099994,-22.790370960999951],[-43.350380362999942,-22.790635592999934],[-43.350477829999932,-22.791045994999934],[-43.35109820699995,-22.791442570999948],[-43.352341769999953,-22.791404801999931],[-43.352713323999978,-22.791175874999965],[-43.352948517999948,-22.790840299999957],[-43.352940308999962,-22.790566941999941],[-43.352665466999952,-22.789751487999979],[-43.35239688799993,-22.789238128999955],[-43.352197512999965,-22.789046982999935],[-43.351652807999983,-22.788793960999953],[-43.35135676699997,-22.78876473899993],[-43.35106604899994,-22.788836577999973],[-43.350834964999933,-22.789013142999977],[-43.350645983999982,-22.789292898999975],[-43.350636452999936,-22.789481551999927],[-43.350717730999975,-22.789643431999934],[-43.351210993999985,-22.789872825999964],[-43.351403417999961,-22.790052598999978],[-43.35139557399998,-22.790144058999942]]]]}},
{"type":"Feature","properties":{"OBJECTID":199,"municipio":"SÃO JOÃO DE MERITI","uf":"RJ","processo":"Deslizamento","classe":"Média","obs":null,"fonte":"Produto obtido através da modelagem (ver Nota Técnica Explicativa do projeto) validado por trabalho de campo pela CPRM no ano de 2012 a 2014.","execucao":"SGB-CPRM (2013)","projeto":"Cartas de Suscetibilidade a Movimentos Gravitacionais de Massa e Inundações. Tema: Movimento de massa.","shape_Length":0.011748073696516498,"shape_Area":6.4190755316159246e-06},"geometry":{"type":"MultiPolygon","coordinates":[[[[-43.390294147999953,-22.798398857999928],[-43.390699329999961,-22.79911720399997],[-43.391262825999945,-22.798957759999951],[-43.392320391999931,-22.798860434999938],[-43.39247284399994,-22.798741756999959],[-43.392495842999949,-22.798465795999959],[-43.392423232999931,-22.798253480999961],[-43.392200534999972,-22.797996925999939],[-43.391351700999962,-22.797266613999966],[-43.391036529999951,-22.796378157999982],[-43.390912339999943,-22.795626323999954],[-43.390749880999977,-22.795284933999937],[-43.390390810999975,-22.794952723999927],[-43.389947700999983,-22.794898504999935],[-43.389714384999934,-22.794990107999979],[-43.389417225999978,-22.795258648999948],[-43.389262540999937,-22.79553617199997],[-43.38922327399996,-22.795864896999944],[-43.389644531999977,-22.796346835999941],[-43.390146336999976,-22.797583606999979],[-43.390294147999953,-22.798398857999928]]]]}},
{"type":"Feature","properties":{"OBJECTID":202,"municipio":"SÃO JOÃO DE MERITI","uf":"RJ","processo":"Deslizamento","classe":"Média","obs":null,"fonte":"Produto obtido através da modelagem (ver Nota Técnica Explicativa do projeto) validado por trabalho de campo pela CPRM no ano de 2012 a 2014.","execucao":"SGB-CPRM (2013)","projeto":"Cartas de Suscetibilidade a Movimentos Gravitacionais de Massa e Inundações. Tema: Movimento de massa.","shape_Length":0.006094586499259951,"shape_Area":1.8808233657249293e-06},"geometry":{"type":"MultiPolygon","coordinates":[[[[-43.335533557999952,-22.792379780999966],[-43.335694921999959,-22.792592057999968],[-43.336050729999954,-22.792423171999928],[-43.336188313999969,-22.792090111999983],[-43.336154128999965,-22.791662043999963],[-43.335964269999977,-22.790934608999976],[-43.336096871999985,-22.790133425999954],[-43.336019910999937,-22.790021464999938],[-43.335892398999931,-22.789985244999968],[-43.335687105999966,-22.790027635999934],[-43.335428842999931,-22.790238613999975],[-43.335223227999961,-22.790600809999944],[-43.335135598999955,-22.790938657999959],[-43.335174783999946,-22.79134359699998],[-43.335533557999952,-22.792379780999966]]]]}},
{"type":"Feature","properties":{"OBJECTID":207,"municipio":"SÃO JOÃO DE MERITI","uf":"RJ","processo":"Deslizamento","classe":"Média","obs":null,"fonte":"Produto obtido através da modelagem (ver Nota Técnica Explicativa do projeto) validado por trabalho de campo pela CPRM no ano de 2012 a 2014.","execucao":"SGB-CPRM (2013)","projeto":"Cartas de Suscetibilidade a Movimentos Gravitacionais de Massa e Inundações. Tema: Movimento de massa.","shape_Length":0.0022708637844348709,"shape_Area":3.0963308517393353e-07},"geometry":{"type":"MultiPolygon","coordinates":[[[[-43.365624588999935,-22.790450702999976],[-43.365571295999985,-22.790688449999948],[-43.366271338999979,-22.790651370999967],[-43.366434543999958,-22.790474490999941],[-43.366424618999986,-22.790288983999972],[-43.366249464999953,-22.790177847999928],[-43.365961288999983,-22.79023901599993],[-43.365624588999935,-22.790450702999976]]]]}},
{"type":"Feature","properties":{"OBJECTID":209,"municipio":"SÃO JOÃO DE MERITI","uf":"RJ","processo":"Deslizamento","classe":"Média","obs":null,"fonte":"Produto obtido através da modelagem (ver Nota Técnica Explicativa do projeto) validado por trabalho de campo pela CPRM no ano de 2012 a 2014.","execucao":"SGB-CPRM (2013)","projeto":"Cartas de Suscetibilidade a Movimentos Gravitacionais de Massa e Inundações. Tema: Movimento de massa.","shape_Length":0.00376686401186441,"shape_Area":9.1495143042663347e-07},"geometry":{"type":"MultiPolygon","coordinates":[[[[-43.368131303999974,-22.770346513999982],[-43.36819367399994,-22.770846853999956],[-43.368578250999974,-22.770762071999968],[-43.368949395999948,-22.770447383999965],[-43.369037605999949,-22.769778982999981],[-43.368990219999944,-22.769574089999935],[-43.368839028999957,-22.769415735999928],[-43.368586279999931,-22.769459089999941],[-43.368283872999939,-22.769803535999927],[-43.368131303999974,-22.770346513999982]]]]}},
{"type":"Feature","properties":{"OBJECTID":211,"municipio":"SÃO JOÃO DE MERITI","uf":"RJ","processo":"Deslizamento","classe":"Média","obs":null,"fonte":"Produto obtido através da modelagem (ver Nota Técnica Explicativa do projeto) validado por trabalho de campo pela CPRM no ano de 2012 a 2014.","execucao":"SGB-CPRM (2013)","projeto":"Cartas de Suscetibilidade a Movimentos Gravitacionais de Massa e Inundações. Tema: Movimento de massa.","shape_Length":0.025712171994742742,"shape_Area":1.0621374293742678e-05},"geometry":{"type":"MultiPolygon","coordinates":[[[[-43.383097367999937,-22.809224965999931],[-43.38304709099998,-22.809546066999928],[-43.383207424999966,-22.809993561999931],[-43.383607518999952,-22.810463198999969],[-43.383825313999978,-22.810556712999983],[-43.384279668999966,-22.81058844699993],[-43.385157886999934,-22.810492196999974],[-43.385294633999933,-22.810335790999943],[-43.38543696499994,-22.809873677999974],[-43.385572827999965,-22.809681257999955],[-43.385755232999941,-22.809551032999934],[-43.386045279999962,-22.809536008999942],[-43.386221365999972,-22.809640943999966],[-43.386639558999946,-22.810194811999963],[-43.387299629999973,-22.810832408999943],[-43.387561655999946,-22.810852251999961],[-43.388334913999984,-22.810577266999928],[-43.388593070999946,-22.810308998999972],[-43.388715567999952,-22.809790040999928],[-43.388726327999962,-22.808628888999976],[-43.388600276999966,-22.808317502999955],[-43.388260867999975,-22.807946421999929],[-43.387976524999942,-22.807819073999951],[-43.387643665999974,-22.807848661999969],[-43.387312333999944,-22.807962152999949],[-43.387228682999933,-22.808228916999951],[-43.387397998999973,-22.808496065999975],[-43.387906870999984,-22.808676652999964],[-43.388055706999978,-22.808801931999938],[-43.388092183999959,-22.809231136999983],[-43.38792377599998,-22.809517447999951],[-43.387613305999935,-22.809576897999932],[-43.387264086999949,-22.80954732999993],[-43.38631679599996,-22.809125718999951],[-43.386011542999938,-22.809065724999982],[-43.385609024999951,-22.809121803999972],[-43.384667090999983,-22.809530377999977],[-43.384291572999985,-22.809509816999935],[-43.384252887999935,-22.809383447999949],[-43.384426099999985,-22.809009442999979],[-43.384843215999979,-22.808629936999978],[-43.385450750999951,-22.808381441999927],[-43.386674546999984,-22.808310546999962],[-43.387004506999972,-22.808190525999976],[-43.387027716999967,-22.808013433999974],[-43.38677546599996,-22.807696533999945],[-43.38620435699994,-22.807201164999981],[-43.385927045999949,-22.807135603999939],[-43.384720952999942,-22.807640250999953],[-43.384359666999956,-22.807899126999928],[-43.383360306999975,-22.808827208999958],[-43.383097367999937,-22.809224965999931]]]]}},
{"type":"Feature","properties":{"OBJECTID":213,"municipio":"SÃO JOÃO DE MERITI","uf":"RJ","processo":"Deslizamento","classe":"Alta","obs":null,"fonte":"Produto obtido através da modelagem (ver Nota Técnica Explicativa do projeto) validado por trabalho de campo pela CPRM no ano de 2012 a 2014.","execucao":"SGB-CPRM (2013)","projeto":"Cartas de Suscetibilidade a Movimentos Gravitacionais de Massa e Inundações. Tema: Movimento de massa.","shape_Length":0.0057256524924974295,"shape_Area":1.5376016412827286e-06},"geometry":{"type":"MultiPolygon","coordinates":[[[[-43.344425901999955,-22.782616336999979],[-43.345400699999971,-22.783064363999927],[-43.346548817999974,-22.782913826999959],[-43.346734409999954,-22.782814182999971],[-43.346793389999959,-22.78262776899993],[-43.34669667299994,-22.782498258999965],[-43.346490729999971,-22.782410358999982],[-43.345271490999949,-22.782269127999939],[-43.344838194999966,-22.781922241999951],[-43.344691399999931,-22.781945396999959],[-43.344404507999968,-22.782304947999933],[-43.344425901999955,-22.782616336999979]]]]}},
{"type":"Feature","properties":{"OBJECTID":217,"municipio":"SÃO JOÃO DE MERITI","uf":"RJ","processo":"Deslizamento","classe":"Alta","obs":null,"fonte":"Produto obtido através da modelagem (ver Nota Técnica Explicativa do projeto) validado por trabalho de campo pela CPRM no ano de 2012 a 2014.","execucao":"SGB-CPRM (2013)","projeto":"Cartas de Suscetibilidade a Movimentos Gravitacionais de Massa e Inundações. Tema: Movimento de massa.","shape_Length":0.0034187823401544059,"shape_Area":6.1367514724040267e-07},"geometry":{"type":"MultiPolygon","coordinates":[[[[-43.346182688999932,-22.77061404799997],[-43.346476963999976,-22.77080394199993],[-43.346650016999945,-22.770672472999934],[-43.346650909999937,-22.770424426999966],[-43.346527545999948,-22.770264505999933],[-43.346147826999982,-22.77005192799993],[-43.345843979999984,-22.769986296999946],[-43.345289326999932,-22.770186336999927],[-43.345367278999959,-22.770392762999961],[-43.346182688999932,-22.77061404799997]]]]}},
{"type":"Feature","properties":{"OBJECTID":218,"municipio":"SÃO JOÃO DE MERITI","uf":"RJ","processo":"Deslizamento","classe":"Alta","obs":null,"fonte":"Produto obtido através da modelagem (ver Nota Técnica Explicativa do projeto) validado por trabalho de campo pela CPRM no ano de 2012 a 2014.","execucao":"SGB-CPRM (2013)","projeto":"Cartas de Suscetibilidade a Movimentos Gravitacionais de Massa e Inundações. Tema: Movimento de massa.","shape_Length":0.001823839017319522,"shape_Area":1.9444106167321877e-07},"geometry":{"type":"MultiPolygon","coordinates":[[[[-43.330206234999935,-22.781065601999956],[-43.330233605999979,-22.78115592599994],[-43.330317947999959,-22.781128758999955],[-43.330507936999936,-22.780914269999982],[-43.330524245999982,-22.780632435999962],[-43.330385593999949,-22.780400497999949],[-43.330240209999943,-22.780431707999981],[-43.330176223999956,-22.780534074999935],[-43.330206234999935,-22.781065601999956]]]]}},
{"type":"Feature","properties":{"OBJECTID":219,"municipio":"SÃO JOÃO DE MERITI","uf":"RJ","processo":"Deslizamento","classe":"Alta","obs":null,"fonte":"Produto obtido através da modelagem (ver Nota Técnica Explicativa do projeto) validado por trabalho de campo pela CPRM no ano de 2012 a 2014.","execucao":"SGB-CPRM (2013)","projeto":"Cartas de Suscetibilidade a Movimentos Gravitacionais de Massa e Inundações. Tema: Movimento de massa.","shape_Length":0.0055321485068828575,"shape_Area":1.401079143223037e-06},"geometry":{"type":"MultiPolygon","coordinates":[[[[-43.333939987999941,-22.777069184999959],[-43.333149525999943,-22.777228352999941],[-43.332544191999943,-22.77711026299994],[-43.332425536999949,-22.77722959099998],[-43.333142609999982,-22.778026158999978],[-43.334025547999943,-22.777829164999957],[-43.33478899499994,-22.777426014999946],[-43.334853918999954,-22.777306273999955],[-43.334649707999972,-22.777164244999938],[-43.333939987999941,-22.777069184999959]]]]}},
{"type":"Feature","properties":{"OBJECTID":222,"municipio":"SÃO JOÃO DE MERITI","uf":"RJ","processo":"Deslizamento","classe":"Média","obs":null,"fonte":"Produto obtido através da modelagem (ver Nota Técnica Explicativa do projeto) validado por trabalho de campo pela CPRM no ano de 2012 a 2014.","execucao":"SGB-CPRM (2013)","projeto":"Cartas de Suscetibilidade a Movimentos Gravitacionais de Massa e Inundações. Tema: Movimento de massa.","shape_Length":0.0086407844123354526,"shape_Area":2.9360351768593099e-06},"geometry":{"type":"MultiPolygon","coordinates":[[[[-43.374770635999937,-22.778097719999948],[-43.374523216999933,-22.778325510999935],[-43.374150775999965,-22.778201335999938],[-43.373788956999931,-22.777767012999959],[-43.373695377999979,-22.777737784999943],[-43.373590967999974,-22.777818252999964],[-43.373574005999956,-22.778154162999954],[-43.373652663999962,-22.77854401999997],[-43.373879122999938,-22.778844339999978],[-43.374229635999939,-22.779082156999948],[-43.374883352999973,-22.778980566999962],[-43.375326623999968,-22.778799551999953],[-43.375613158999954,-22.778533889999949],[-43.375761791999935,-22.778098335999971],[-43.375693136999985,-22.77759843299998],[-43.375431857999956,-22.777167963999943],[-43.375055764999956,-22.776810110999975],[-43.374667992999946,-22.776643627999931],[-43.37447106999997,-22.776730635999968],[-43.374419237999973,-22.777005595999981],[-43.374770635999937,-22.778097719999948]]]]}},
{"type":"Feature","properties":{"OBJECTID":224,"municipio":"SÃO JOÃO DE MERITI","uf":"RJ","processo":"Deslizamento","classe":"Média","obs":null,"fonte":"Produto obtido através da modelagem (ver Nota Técnica Explicativa do projeto) validado por trabalho de campo pela CPRM no ano de 2012 a 2014.","execucao":"SGB-CPRM (2013)","projeto":"Cartas de Suscetibilidade a Movimentos Gravitacionais de Massa e Inundações. Tema: Movimento de massa.","shape_Length":0.0018384060676963183,"shape_Area":2.3883933437105422e-07},"geometry":{"type":"MultiPolygon","coordinates":[[[[-43.385556660999953,-22.801496887999974],[-43.385639685999934,-22.801758744999972],[-43.385890694999944,-22.801702185999943],[-43.38603059299993,-22.801545190999946],[-43.386036881999985,-22.801285547999953],[-43.385942247999935,-22.80111194999995],[-43.385754209999959,-22.801113706999956],[-43.385576886999957,-22.801317618999974],[-43.385556660999953,-22.801496887999974]]]]}},
{"type":"Feature","properties":{"OBJECTID":225,"municipio":"SÃO JOÃO DE MERITI","uf":"RJ","processo":"Deslizamento","classe":"Alta","obs":null,"fonte":"Produto obtido através da modelagem (ver Nota Técnica Explicativa do projeto) validado por trabalho de campo pela CPRM no ano de 2012 a 2014.","execucao":"SGB-CPRM (2013)","projeto":"Cartas de Suscetibilidade a Movimentos Gravitacionais de Massa e Inundações. Tema: Movimento de massa.","shape_Length":0.003818799304845368,"shape_Area":7.9552276604523986e-07},"geometry":{"type":"MultiPolygon","coordinates":[[[[-43.355151184999954,-22.781055034999952],[-43.355457543999933,-22.781237322999971],[-43.355635421999978,-22.781130106999967],[-43.355665402999932,-22.780819161999943],[-43.355055806999985,-22.780322818999934],[-43.35475921799997,-22.780338241999971],[-43.354270987999939,-22.780518909999955],[-43.354141268999967,-22.780639330999975],[-43.354162169999938,-22.780758115999959],[-43.354289163999965,-22.780844479999928],[-43.355151184999954,-22.781055034999952]]]]}},
{"type":"Feature","properties":{"OBJECTID":226,"municipio":"SÃO JOÃO DE MERITI","uf":"RJ","processo":"Deslizamento","classe":"Média","obs":null,"fonte":"Produto obtido através da modelagem (ver Nota Técnica Explicativa do projeto) validado por trabalho de campo pela CPRM no ano de 2012 a 2014.","execucao":"SGB-CPRM (2013)","projeto":"Cartas de Suscetibilidade a Movimentos Gravitacionais de Massa e Inundações. Tema: Movimento de massa.","shape_Length":0.0084430104647577123,"shape_Area":4.2162805296386118e-06},"geometry":{"type":"MultiPolygon","coordinates":[[[[-43.349905250999939,-22.774100324999949],[-43.349796912999977,-22.77422983799994],[-43.349383690999957,-22.774190596999972],[-43.349270629999978,-22.774255843999981],[-43.349260892999951,-22.774365191999948],[-43.349491881999938,-22.774730500999965],[-43.350122923999947,-22.775287417999948],[-43.350655220999954,-22.775633643999981],[-43.351215386999968,-22.775578121999956],[-43.351532533999944,-22.77539390499993],[-43.351635486999953,-22.775107812999977],[-43.351482915999952,-22.774502089999942],[-43.351446521999947,-22.773283940999931],[-43.351372949999984,-22.772976239999934],[-43.351249296999981,-22.772834997999951],[-43.351010925999958,-22.772804836999967],[-43.350077847999955,-22.77336767099996],[-43.349887870999964,-22.773608877999948],[-43.349905250999939,-22.774100324999949]]]]}},
{"type":"Feature","properties":{"OBJECTID":229,"municipio":"SÃO JOÃO DE MERITI","uf":"RJ","processo":"Deslizamento","classe":"Média","obs":null,"fonte":"Produto obtido através da modelagem (ver Nota Técnica Explicativa do projeto) validado por trabalho de campo pela CPRM no ano de 2012 a 2014.","execucao":"SGB-CPRM (2013)","projeto":"Cartas de Suscetibilidade a Movimentos Gravitacionais de Massa e Inundações. Tema: Movimento de massa.","shape_Length":0.012617150763487701,"shape_Area":9.4415584931970525e-06},"geometry":{"type":"MultiPolygon","coordinates":[[[[-43.334157587999982,-22.797704331999967],[-43.33396505099995,-22.797857250999982],[-43.333660295999948,-22.797839882999938],[-43.333275490999938,-22.797708131999968],[-43.333108747999972,-22.797749594999971],[-43.333164056999976,-22.798277062999944],[-43.332579640999938,-22.799083266999958],[-43.332474788999946,-22.799377360999927],[-43.332490158999974,-22.800199063999969],[-43.333199084999933,-22.801596974999939],[-43.333957340999973,-22.801521225999977],[-43.334550177999972,-22.801130948999969],[-43.335181374999934,-22.800180403999946],[-43.335465965999958,-22.799266322999927],[-43.335583043999975,-22.798571977999927],[-43.335530204999941,-22.79807578499998],[-43.33540813299993,-22.797903376999955],[-43.33485929099993,-22.797516343999973],[-43.334529541999984,-22.796951184999955],[-43.334406330999968,-22.79693562999995],[-43.334311696999976,-22.797030527999937],[-43.334157587999982,-22.797704331999967]]]]}},
{"type":"Feature","properties":{"OBJECTID":230,"municipio":"SÃO JOÃO DE MERITI","uf":"RJ","processo":"Deslizamento","classe":"Média","obs":null,"fonte":"Produto obtido através da modelagem (ver Nota Técnica Explicativa do projeto) validado por trabalho de campo pela CPRM no ano de 2012 a 2014.","execucao":"SGB-CPRM (2013)","projeto":"Cartas de Suscetibilidade a Movimentos Gravitacionais de Massa e Inundações. Tema: Movimento de massa.","shape_Length":0.024903626554280626,"shape_Area":2.1072428627602745e-05},"geometry":{"type":"MultiPolygon","coordinates":[[[[-43.33720541699995,-22.790012220999927],[-43.337685006999948,-22.790473060999943],[-43.337845314999981,-22.790761840999949],[-43.337897207999958,-22.791452528999969],[-43.33773877699997,-22.793189249999955],[-43.33784108499998,-22.793530116999932],[-43.338170241999933,-22.793787898999938],[-43.339304843999969,-22.79372000099994],[-43.339419257999964,-22.793713153999931],[-43.340240121999955,-22.79382194599998],[-43.340663779999943,-22.79395403999996],[-43.341185822999932,-22.79381015499996],[-43.341518960999963,-22.793636980999963],[-43.342322524999929,-22.79295609199994],[-43.342626400999961,-22.792559444999938],[-43.342910960999973,-22.791991499999938],[-43.343024312999944,-22.791486003999978],[-43.343025414999943,-22.790789331999974],[-43.34292998799998,-22.790396335999958],[-43.342729818999942,-22.79017651099997],[-43.342374895999967,-22.790019431999951],[-43.341771387999984,-22.790004101999955],[-43.341469323999945,-22.79010247399998],[-43.341213879999941,-22.790363487999969],[-43.341080381999973,-22.790396045999955],[-43.339955099999941,-22.790024931999938],[-43.339472703999945,-22.789568299999928],[-43.339304843999969,-22.789304874999971],[-43.338884165999957,-22.788644697999928],[-43.338507654999944,-22.788354438999932],[-43.338001390999978,-22.788319064999939],[-43.337585700999966,-22.788403237999944],[-43.336870439999984,-22.788975778999941],[-43.336796622999941,-22.789199345999975],[-43.336903853999956,-22.789628965999952],[-43.33720541699995,-22.790012220999927]],[[-43.338662366999984,-22.790225976999977],[-43.338640476999956,-22.790020643999981],[-43.338934026999937,-22.790184088999979],[-43.339261737999948,-22.790510608999966],[-43.339285324999935,-22.79070348099998],[-43.33917082399995,-22.790859355999942],[-43.338662366999984,-22.790225976999977]],[[-43.34090901899998,-22.792791415999943],[-43.341036871999961,-22.792694427999947],[-43.341568841999958,-22.792599442999972],[-43.341884335999964,-22.792435615999977],[-43.342047911999941,-22.79248546499997],[-43.341971729999955,-22.792630481999936],[-43.34150967599993,-22.79290302499993],[-43.340895157999967,-22.79294935799993],[-43.34090901899998,-22.792791415999943]]]]}},
{"type":"Feature","properties":{"OBJECTID":232,"municipio":"SÃO JOÃO DE MERITI","uf":"RJ","processo":"Deslizamento","classe":"Alta","obs":null,"fonte":"Produto obtido através da modelagem (ver Nota Técnica Explicativa do projeto) validado por trabalho de campo pela CPRM no ano de 2012 a 2014.","execucao":"SGB-CPRM (2013)","projeto":"Cartas de Suscetibilidade a Movimentos Gravitacionais de Massa e Inundações. Tema: Movimento de massa.","shape_Length":0.0056741895248330031,"shape_Area":1.4919099077989129e-06},"geometry":{"type":"MultiPolygon","coordinates":[[[[-43.332819312999959,-22.785345555999982],[-43.333116674999985,-22.785684863999961],[-43.334035947999951,-22.786166223999942],[-43.334550128999979,-22.785886623999943],[-43.334968146999984,-22.785487195999963],[-43.335093452999956,-22.78524686399993],[-43.334985877999941,-22.785080692999941],[-43.334682226999973,-22.785047663999933],[-43.333682635999935,-22.785347295999941],[-43.333006523999984,-22.785032146999981],[-43.332806460999961,-22.785098790999939],[-43.332819312999959,-22.785345555999982]]]]}},
{"type":"Feature","properties":{"OBJECTID":236,"municipio":"SÃO JOÃO DE MERITI","uf":"RJ","processo":"Deslizamento","classe":"Média","obs":null,"fonte":"Produto obtido através da modelagem (ver Nota Técnica Explicativa do projeto) validado por trabalho de campo pela CPRM no ano de 2012 a 2014.","execucao":"SGB-CPRM (2013)","projeto":"Cartas de Suscetibilidade a Movimentos Gravitacionais de Massa e Inundações. Tema: Movimento de massa.","shape_Length":0.0100451561161281,"shape_Area":3.4267053289642411e-06},"geometry":{"type":"MultiPolygon","coordinates":[[[[-43.33026844099993,-22.792876389999947],[-43.330799734999971,-22.793829649999964],[-43.331535560999953,-22.794219325999961],[-43.33206232799995,-22.794197538999981],[-43.33235220399996,-22.794105973999933],[-43.332672936999984,-22.79381845599994],[-43.33286471599996,-22.793333185999927],[-43.332860106999931,-22.793007531999933],[-43.332716773999948,-22.792666465999957],[-43.332029129999967,-22.792074678999938],[-43.331808697999975,-22.792061601999933],[-43.331729035999956,-22.792175530999941],[-43.331888602999982,-22.792972944999974],[-43.331844072999957,-22.793268440999952],[-43.331697333999955,-22.793382243999929],[-43.33018978299998,-22.791909867999948],[-43.33026844099993,-22.792876389999947]]]]}},
{"type":"Feature","properties":{"OBJECTID":237,"municipio":"SÃO JOÃO DE MERITI","uf":"RJ","processo":"Deslizamento","classe":"Média","obs":null,"fonte":"Produto obtido através da modelagem (ver Nota Técnica Explicativa do projeto) validado por trabalho de campo pela CPRM no ano de 2012 a 2014.","execucao":"SGB-CPRM (2013)","projeto":"Cartas de Suscetibilidade a Movimentos Gravitacionais de Massa e Inundações. Tema: Movimento de massa.","shape_Length":0.0024942151749478758,"shape_Area":3.2600822404720473e-07},"geometry":{"type":"MultiPolygon","coordinates":[[[[-43.379217565999966,-22.790103167999973],[-43.379307490999963,-22.790467388999957],[-43.37944719199993,-22.790393693999931],[-43.379542777999973,-22.790179598999941],[-43.379664015999936,-22.78954472099997],[-43.379541661999951,-22.789399919999937],[-43.37931432299996,-22.789463864999959],[-43.379241647999947,-22.789636960999928],[-43.379217565999966,-22.790103167999973]]]]}},
{"type":"Feature","properties":{"OBJECTID":241,"municipio":"SÃO JOÃO DE MERITI","uf":"RJ","processo":"Deslizamento","classe":"Média","obs":null,"fonte":"Produto obtido através da modelagem (ver Nota Técnica Explicativa do projeto) validado por trabalho de campo pela CPRM no ano de 2012 a 2014.","execucao":"SGB-CPRM (2013)","projeto":"Cartas de Suscetibilidade a Movimentos Gravitacionais de Massa e Inundações. Tema: Movimento de massa.","shape_Length":0.037154177204700031,"shape_Area":3.0294418791973016e-05},"geometry":{"type":"MultiPolygon","coordinates":[[[[-43.330851954999957,-22.783027367999978],[-43.330353550999973,-22.783416859999932],[-43.330303656999945,-22.783742820999976],[-43.330754859999956,-22.784538427999962],[-43.332077211999945,-22.785757500999978],[-43.332126785999947,-22.786005289999935],[-43.331994491999978,-22.786724983999932],[-43.332070404999968,-22.786948350999978],[-43.332212781999942,-22.787072939999973],[-43.332804463999935,-22.787155745999939],[-43.334210190999954,-22.787058815999956],[-43.334587552999949,-22.786825358999977],[-43.335125028999983,-22.786233935999974],[-43.335411953999937,-22.786146782999936],[-43.335707899999932,-22.786190108999961],[-43.335938383999974,-22.786374241999965],[-43.336011356999961,-22.786658399999965],[-43.335933830999977,-22.787141051999981],[-43.335553980999975,-22.787551888999928],[-43.335556534999967,-22.787825457999929],[-43.335699388999956,-22.788212069999929],[-43.336780340999951,-22.787910690999979],[-43.338193473999979,-22.78720943299993],[-43.338584276999939,-22.786828362999927],[-43.338654418999965,-22.786379910999983],[-43.338573201999964,-22.785900572999935],[-43.337852186999953,-22.784859991999951],[-43.33760917099994,-22.783988068999975],[-43.336896751999973,-22.78299011799993],[-43.33647424399993,-22.782669560999977],[-43.335453958999949,-22.78236108599998],[-43.334607812999934,-22.781999263999978],[-43.334112588999972,-22.781735068999978],[-43.333650647999946,-22.78132769399997],[-43.333334751999985,-22.781266690999928],[-43.332784759999981,-22.781530995999958],[-43.332510059999947,-22.782027057999983],[-43.332318237999971,-22.782232849999957],[-43.33136880099994,-22.782692892999933],[-43.330851954999957,-22.783027367999978]],[[-43.335762990999967,-22.783860912999955],[-43.334864037999978,-22.78364664399993],[-43.334769300999938,-22.783585932999927],[-43.334766755999965,-22.783483327999932],[-43.335113890999935,-22.783183807999933],[-43.335310661999983,-22.783113279999952],[-43.335542270999952,-22.78313107799994],[-43.336058168999955,-22.783336910999935],[-43.33666001499995,-22.783658125999978],[-43.336873052999977,-22.783867759999964],[-43.336968173999935,-22.784119918999977],[-43.336907998999948,-22.784469438999963],[-43.335762990999967,-22.783860912999955]],[[-43.332819312999959,-22.785345555999982],[-43.332806460999961,-22.785098790999939],[-43.333006523999984,-22.785032146999981],[-43.333682635999935,-22.785347295999941],[-43.334682226999973,-22.785047663999933],[-43.334985877999941,-22.785080692999941],[-43.335093452999956,-22.78524686399993],[-43.334968146999984,-22.785487195999963],[-43.334550128999979,-22.785886623999943],[-43.334035947999951,-22.786166223999942],[-43.333116674999985,-22.785684863999961],[-43.332819312999959,-22.785345555999982]]]]}},
{"type":"Feature","properties":{"OBJECTID":243,"municipio":"SÃO JOÃO DE MERITI","uf":"RJ","processo":"Deslizamento","classe":"Alta","obs":null,"fonte":"Produto obtido através da modelagem (ver Nota Técnica Explicativa do projeto) validado por trabalho de campo pela CPRM no ano de 2012 a 2014.","execucao":"SGB-CPRM (2013)","projeto":"Cartas de Suscetibilidade a Movimentos Gravitacionais de Massa e Inundações. Tema: Movimento de massa.","shape_Length":0.0069737060113095337,"shape_Area":2.3741382169318709e-06},"geometry":{"type":"MultiPolygon","coordinates":[[[[-43.343082846999948,-22.772412670999927],[-43.343821165999941,-22.772989008999957],[-43.34411647099995,-22.772954855999956],[-43.344227979999971,-22.772870347999969],[-43.344127885999967,-22.772352887999944],[-43.343601898999964,-22.771296441999937],[-43.343013570999972,-22.770470647999957],[-43.342783873999963,-22.770271850999961],[-43.342570257999967,-22.770245642999953],[-43.34244068299995,-22.77037951799997],[-43.342393067999978,-22.770664949999968],[-43.342766878999953,-22.771795039999972],[-43.343082846999948,-22.772412670999927]]]]}},
{"type":"Feature","properties":{"OBJECTID":244,"municipio":"SÃO JOÃO DE MERITI","uf":"RJ","processo":"Deslizamento","classe":"Alta","obs":null,"fonte":"Produto obtido através da modelagem (ver Nota Técnica Explicativa do projeto) validado por trabalho de campo pela CPRM no ano de 2012 a 2014.","execucao":"SGB-CPRM (2013)","projeto":"Cartas de Suscetibilidade a Movimentos Gravitacionais de Massa e Inundações. Tema: Movimento de massa.","shape_Length":0.0095115783393791287,"shape_Area":3.1896740513943444e-06},"geometry":{"type":"MultiPolygon","coordinates":[[[[-43.339707730999976,-22.770851695999966],[-43.339694322999947,-22.771669588999941],[-43.340290191999941,-22.771369897999932],[-43.340668888999971,-22.770936106999955],[-43.340764366999963,-22.770593057999974],[-43.340784087999964,-22.769379778999962],[-43.340758001999973,-22.768602602999977],[-43.340655777999984,-22.768214647999969],[-43.340315474999954,-22.767952327999978],[-43.339667526999961,-22.767786815999955],[-43.339412110999945,-22.767831194999928],[-43.339333375999956,-22.76797787299995],[-43.339527972999974,-22.768487164999954],[-43.339975095999932,-22.769100415999958],[-43.340163421999932,-22.769660777999945],[-43.340115810999976,-22.769951428999946],[-43.339707730999976,-22.770851695999966]]]]}},
{"type":"Feature","properties":{"OBJECTID":245,"municipio":"SÃO JOÃO DE MERITI","uf":"RJ","processo":"Deslizamento","classe":"Média","obs":null,"fonte":"Produto obtido através da modelagem (ver Nota Técnica Explicativa do projeto) validado por trabalho de campo pela CPRM no ano de 2012 a 2014.","execucao":"SGB-CPRM (2013)","projeto":"Cartas de Suscetibilidade a Movimentos Gravitacionais de Massa e Inundações. Tema: Movimento de massa.","shape_Length":0.0061574351042325524,"shape_Area":2.0644577678735888e-06},"geometry":{"type":"MultiPolygon","coordinates":[[[[-43.355503863999957,-22.774774039999954],[-43.356067807999978,-22.775012169999968],[-43.356627964999973,-22.774971019999953],[-43.35678939099995,-22.774861980999958],[-43.35663384399993,-22.774617628999977],[-43.356229826999936,-22.774244561999978],[-43.356798320999985,-22.773649162999959],[-43.356802910999932,-22.773475920999942],[-43.35660106399996,-22.773323898999934],[-43.356185738999955,-22.773286341999949],[-43.355764919999956,-22.773341770999934],[-43.355318115999978,-22.773604772999931],[-43.355195571999957,-22.77378049999993],[-43.355144505999931,-22.774243086999945],[-43.355242019999935,-22.774528038999961],[-43.355503863999957,-22.774774039999954]]]]}},
{"type":"Feature","properties":{"OBJECTID":246,"municipio":"SÃO JOÃO DE MERITI","uf":"RJ","processo":"Deslizamento","classe":"Média","obs":null,"fonte":"Produto obtido através da modelagem (ver Nota Técnica Explicativa do projeto) validado por trabalho de campo pela CPRM no ano de 2012 a 2014.","execucao":"SGB-CPRM (2013)","projeto":"Cartas de Suscetibilidade a Movimentos Gravitacionais de Massa e Inundações. Tema: Movimento de massa.","shape_Length":0.0096721980443213503,"shape_Area":4.5925726313785697e-06},"geometry":{"type":"MultiPolygon","coordinates":[[[[-43.385542144999931,-22.796119532999967],[-43.385621681999964,-22.796521617999929],[-43.386021926999945,-22.796989771999961],[-43.38609564199993,-22.797218019999946],[-43.385577191999971,-22.798778005999964],[-43.386473588999934,-22.798730028999955],[-43.386826898999971,-22.798478405999958],[-43.387167080999973,-22.797895384999947],[-43.387707659999933,-22.796743491999962],[-43.387709867999945,-22.796203069999933],[-43.387540497999964,-22.796037087999935],[-43.387166127999933,-22.796135088999961],[-43.386873633999983,-22.796098900999937],[-43.386492376999968,-22.795635299999958],[-43.38616578999995,-22.795422826999982],[-43.38595063799994,-22.795454812999935],[-43.38568006099996,-22.79566641599996],[-43.385542144999931,-22.796119532999967]]]]}},
{"type":"Feature","properties":{"OBJECTID":247,"municipio":"SÃO JOÃO DE MERITI","uf":"RJ","processo":"Deslizamento","classe":"Média","obs":null,"fonte":"Produto obtido através da modelagem (ver Nota Técnica Explicativa do projeto) validado por trabalho de campo pela CPRM no ano de 2012 a 2014.","execucao":"SGB-CPRM (2013)","projeto":"Cartas de Suscetibilidade a Movimentos Gravitacionais de Massa e Inundações. Tema: Movimento de massa.","shape_Length":0.0061249625716946875,"shape_Area":1.7834236134620251e-06},"geometry":{"type":"MultiPolygon","coordinates":[[[[-43.373412107999968,-22.807416326999942],[-43.373532585999953,-22.80743151799993],[-43.374499700999934,-22.807044080999958],[-43.374836823999942,-22.806818373999931],[-43.374899943999935,-22.806604473999982],[-43.37476759499998,-22.80650732099997],[-43.37455876599995,-22.806481564999956],[-43.373929548999968,-22.806628359999934],[-43.373751509999977,-22.806608406999942],[-43.373094218999938,-22.805994353999949],[-43.372914866999963,-22.805932935999977],[-43.372739441999954,-22.805963546999976],[-43.372601209999971,-22.806168351999929],[-43.372847276999948,-22.807085692999976],[-43.373096397999973,-22.807312115999935],[-43.373412107999968,-22.807416326999942]]]]}},
{"type":"Feature","properties":{"OBJECTID":248,"municipio":"SÃO JOÃO DE MERITI","uf":"RJ","processo":"Deslizamento","classe":"Média","obs":null,"fonte":"Produto obtido através da modelagem (ver Nota Técnica Explicativa do projeto) validado por trabalho de campo pela CPRM no ano de 2012 a 2014.","execucao":"SGB-CPRM (2013)","projeto":"Cartas de Suscetibilidade a Movimentos Gravitacionais de Massa e Inundações. Tema: Movimento de massa.","shape_Length":0.010861212485031227,"shape_Area":7.982332202543654e-06},"geometry":{"type":"MultiPolygon","coordinates":[[[[-43.354763682999931,-22.795471586999952],[-43.355002699999943,-22.795526864999943],[-43.355821054999979,-22.795136827999954],[-43.356060757999956,-22.794649712999956],[-43.356144529999938,-22.793776142999945],[-43.35557304799994,-22.792019146999962],[-43.355356241999971,-22.791742786999976],[-43.355000882999946,-22.791502358999935],[-43.354757655999947,-22.79143427799994],[-43.354293642999949,-22.791521198999931],[-43.353998730999933,-22.791694320999966],[-43.353802620999943,-22.791938870999957],[-43.353666153999939,-22.792275895999978],[-43.353656341999965,-22.792570188999946],[-43.353757377999955,-22.792924822999964],[-43.353612813999973,-22.79338015299993],[-43.353352987999983,-22.79384648599995],[-43.353401488999964,-22.794236530999967],[-43.354341683999962,-22.794960432999972],[-43.354763682999931,-22.795471586999952]]]]}}
]
}
